ISO-10303-21;
HEADER;
FILE_DESCRIPTION(('Open CASCADE Model'),'2;1');
FILE_NAME('Open CASCADE Shape Model','2026-10-07T20:30:01',('Author'),(
    'Open CASCADE'),'Open CASCADE STEP processor 7.9','Open CASCADE 7.9'
  ,'Unknown');
FILE_SCHEMA(('AUTOMOTIVE_DESIGN { 1 0 10303 214 1 1 1 1 }'));
ENDSEC;
DATA;
#1 = APPLICATION_PROTOCOL_DEFINITION('international standard',
  'automotive_design',2000,#2);
#2 = APPLICATION_CONTEXT(
  'core data for automotive mechanical design processes');
#3 = SHAPE_DEFINITION_REPRESENTATION(#4,#10);
#4 = PRODUCT_DEFINITION_SHAPE('','',#5);
#5 = PRODUCT_DEFINITION('design','',#6,#9);
#6 = PRODUCT_DEFINITION_FORMATION('','',#7);
#7 = PRODUCT('deff3990-c28d-11f1-9de8-02fc00000001',
  'deff3990-c28d-11f1-9de8-02fc00000001','',(#8));
#8 = PRODUCT_CONTEXT('',#2,'mechanical');
#9 = PRODUCT_DEFINITION_CONTEXT('part definition',#2,'design');
#10 = SHAPE_REPRESENTATION('',(#11,#15,#19,#23),#27);
#11 = AXIS2_PLACEMENT_3D('',#12,#13,#14);
#12 = CARTESIAN_POINT('',(0.,0.,0.));
#13 = DIRECTION('',(0.,0.,1.));
#14 = DIRECTION('',(1.,0.,-0.));
#15 = AXIS2_PLACEMENT_3D('',#16,#17,#18);
#16 = CARTESIAN_POINT('',(0.,0.,0.));
#17 = DIRECTION('',(0.,0.,1.));
#18 = DIRECTION('',(1.,0.,-0.));
#19 = AXIS2_PLACEMENT_3D('',#20,#21,#22);
#20 = CARTESIAN_POINT('',(0.,0.,0.));
#21 = DIRECTION('',(0.,0.,1.));
#22 = DIRECTION('',(1.,0.,-0.));
#23 = AXIS2_PLACEMENT_3D('',#24,#25,#26);
#24 = CARTESIAN_POINT('',(0.,0.,0.));
#25 = DIRECTION('',(0.,0.,1.));
#26 = DIRECTION('',(1.,0.,-0.));
#27 = ( GEOMETRIC_REPRESENTATION_CONTEXT(3) 
GLOBAL_UNCERTAINTY_ASSIGNED_CONTEXT((#31)) GLOBAL_UNIT_ASSIGNED_CONTEXT(
(#28,#29,#30)) REPRESENTATION_CONTEXT('Context #1',
  '3D Context with UNIT and UNCERTAINTY') );
#28 = ( LENGTH_UNIT() NAMED_UNIT(*) SI_UNIT(.MILLI.,.METRE.) );
#29 = ( NAMED_UNIT(*) PLANE_ANGLE_UNIT() SI_UNIT($,.RADIAN.) );
#30 = ( NAMED_UNIT(*) SI_UNIT($,.STERADIAN.) SOLID_ANGLE_UNIT() );
#31 = UNCERTAINTY_MEASURE_WITH_UNIT(LENGTH_MEASURE(2.E-06),#28,
  'distance_accuracy_value','confusion accuracy');
#32 = PRODUCT_RELATED_PRODUCT_CATEGORY('part',$,(#7));
#33 = SHAPE_DEFINITION_REPRESENTATION(#34,#40);
#34 = PRODUCT_DEFINITION_SHAPE('','',#35);
#35 = PRODUCT_DEFINITION('design','',#36,#39);
#36 = PRODUCT_DEFINITION_FORMATION('','',#37);
#37 = PRODUCT('voorkant','voorkant','',(#38));
#38 = PRODUCT_CONTEXT('',#2,'mechanical');
#39 = PRODUCT_DEFINITION_CONTEXT('part definition',#2,'design');
#40 = ADVANCED_BREP_SHAPE_REPRESENTATION('',(#11,#41),#3937);
#41 = MANIFOLD_SOLID_BREP('',#42);
#42 = CLOSED_SHELL('',(#43,#401,#477,#531,#585,#617,#693,#747,#797,#846,
    #895,#945,#999,#1026,#1102,#1151,#1200,#1227,#1932,#2645,#2692,#2719
    ,#2746,#2773,#2800,#2827,#2854,#2881,#2908,#2935,#2962,#2989,#3016,
    #3043,#3070,#3097,#3124,#3151,#3178,#3205,#3232,#3259,#3286,#3293,
    #3352,#3411,#3470,#3529,#3568,#3607,#3646,#3685,#3744,#3803,#3862,
    #3921,#3925,#3929,#3933));
#43 = ADVANCED_FACE('',(#44,#163),#58,.F.);
#44 = FACE_BOUND('',#45,.T.);
#45 = EDGE_LOOP('',(#46,#81,#109,#137));
#46 = ORIENTED_EDGE('',*,*,#47,.T.);
#47 = EDGE_CURVE('',#48,#50,#52,.T.);
#48 = VERTEX_POINT('',#49);
#49 = CARTESIAN_POINT('',(21.23,4.19,1.110223024625E-16));
#50 = VERTEX_POINT('',#51);
#51 = CARTESIAN_POINT('',(97.87,4.19,4.996003610813E-16));
#52 = SURFACE_CURVE('',#53,(#57,#69),.PCURVE_S1.);
#53 = LINE('',#54,#55);
#54 = CARTESIAN_POINT('',(22.03,4.19,0.));
#55 = VECTOR('',#56,1.);
#56 = DIRECTION('',(1.,-0.,-0.));
#57 = PCURVE('',#58,#63);
#58 = PLANE('',#59);
#59 = AXIS2_PLACEMENT_3D('',#60,#61,#62);
#60 = CARTESIAN_POINT('',(129.1,0.,0.));
#61 = DIRECTION('',(0.,0.,1.));
#62 = DIRECTION('',(1.,0.,0.));
#63 = DEFINITIONAL_REPRESENTATION('',(#64),#68);
#64 = LINE('',#65,#66);
#65 = CARTESIAN_POINT('',(-107.07,4.19));
#66 = VECTOR('',#67,1.);
#67 = DIRECTION('',(1.,-0.));
#68 = ( GEOMETRIC_REPRESENTATION_CONTEXT(2) 
PARAMETRIC_REPRESENTATION_CONTEXT() REPRESENTATION_CONTEXT('2D SPACE',''
  ) );
#69 = PCURVE('',#70,#75);
#70 = PLANE('',#71);
#71 = AXIS2_PLACEMENT_3D('',#72,#73,#74);
#72 = CARTESIAN_POINT('',(22.03,4.59,0.4));
#73 = DIRECTION('',(-6.983161618628E-18,-0.707106781187,0.707106781187)
  );
#74 = DIRECTION('',(1.,-4.937840934654E-18,4.937840934654E-18));
#75 = DEFINITIONAL_REPRESENTATION('',(#76),#80);
#76 = LINE('',#77,#78);
#77 = CARTESIAN_POINT('',(-7.703719777549E-34,-0.565685424949));
#78 = VECTOR('',#79,1.);
#79 = DIRECTION('',(1.,0.));
#80 = ( GEOMETRIC_REPRESENTATION_CONTEXT(2) 
PARAMETRIC_REPRESENTATION_CONTEXT() REPRESENTATION_CONTEXT('2D SPACE',''
  ) );
#81 = ORIENTED_EDGE('',*,*,#82,.T.);
#82 = EDGE_CURVE('',#50,#83,#85,.T.);
#83 = VERTEX_POINT('',#84);
#84 = CARTESIAN_POINT('',(97.87,56.35,4.996003610813E-16));
#85 = SURFACE_CURVE('',#86,(#90,#97),.PCURVE_S1.);
#86 = LINE('',#87,#88);
#87 = CARTESIAN_POINT('',(97.87,4.99,0.));
#88 = VECTOR('',#89,1.);
#89 = DIRECTION('',(-0.,1.,-0.));
#90 = PCURVE('',#58,#91);
#91 = DEFINITIONAL_REPRESENTATION('',(#92),#96);
#92 = LINE('',#93,#94);
#93 = CARTESIAN_POINT('',(-31.23,4.99));
#94 = VECTOR('',#95,1.);
#95 = DIRECTION('',(0.,1.));
#96 = ( GEOMETRIC_REPRESENTATION_CONTEXT(2) 
PARAMETRIC_REPRESENTATION_CONTEXT() REPRESENTATION_CONTEXT('2D SPACE',''
  ) );
#97 = PCURVE('',#98,#103);
#98 = PLANE('',#99);
#99 = AXIS2_PLACEMENT_3D('',#100,#101,#102);
#100 = CARTESIAN_POINT('',(97.47,4.99,0.4));
#101 = DIRECTION('',(0.707106781187,-6.983161618628E-18,0.707106781187)
  );
#102 = DIRECTION('',(4.937840934654E-18,1.,4.937840934654E-18));
#103 = DEFINITIONAL_REPRESENTATION('',(#104),#108);
#104 = LINE('',#105,#106);
#105 = CARTESIAN_POINT('',(-2.195560136601E-32,-0.565685424949));
#106 = VECTOR('',#107,1.);
#107 = DIRECTION('',(1.,0.));
#108 = ( GEOMETRIC_REPRESENTATION_CONTEXT(2) 
PARAMETRIC_REPRESENTATION_CONTEXT() REPRESENTATION_CONTEXT('2D SPACE',''
  ) );
#109 = ORIENTED_EDGE('',*,*,#110,.F.);
#110 = EDGE_CURVE('',#111,#83,#113,.T.);
#111 = VERTEX_POINT('',#112);
#112 = CARTESIAN_POINT('',(21.23,56.35,1.043609643148E-14));
#113 = SURFACE_CURVE('',#114,(#118,#125),.PCURVE_S1.);
#114 = LINE('',#115,#116);
#115 = CARTESIAN_POINT('',(22.03,56.35,0.));
#116 = VECTOR('',#117,1.);
#117 = DIRECTION('',(1.,-0.,-0.));
#118 = PCURVE('',#58,#119);
#119 = DEFINITIONAL_REPRESENTATION('',(#120),#124);
#120 = LINE('',#121,#122);
#121 = CARTESIAN_POINT('',(-107.07,56.35));
#122 = VECTOR('',#123,1.);
#123 = DIRECTION('',(1.,-0.));
#124 = ( GEOMETRIC_REPRESENTATION_CONTEXT(2) 
PARAMETRIC_REPRESENTATION_CONTEXT() REPRESENTATION_CONTEXT('2D SPACE',''
  ) );
#125 = PCURVE('',#126,#131);
#126 = PLANE('',#127);
#127 = AXIS2_PLACEMENT_3D('',#128,#129,#130);
#128 = CARTESIAN_POINT('',(22.03,55.95,0.4));
#129 = DIRECTION('',(6.983161618628E-18,-0.707106781187,-0.707106781187)
  );
#130 = DIRECTION('',(1.,4.937840934654E-18,4.937840934654E-18));
#131 = DEFINITIONAL_REPRESENTATION('',(#132),#136);
#132 = LINE('',#133,#134);
#133 = CARTESIAN_POINT('',(0.,-0.565685424949));
#134 = VECTOR('',#135,1.);
#135 = DIRECTION('',(1.,0.));
#136 = ( GEOMETRIC_REPRESENTATION_CONTEXT(2) 
PARAMETRIC_REPRESENTATION_CONTEXT() REPRESENTATION_CONTEXT('2D SPACE',''
  ) );
#137 = ORIENTED_EDGE('',*,*,#138,.F.);
#138 = EDGE_CURVE('',#48,#111,#139,.T.);
#139 = SURFACE_CURVE('',#140,(#144,#151),.PCURVE_S1.);
#140 = LINE('',#141,#142);
#141 = CARTESIAN_POINT('',(21.23,4.99,0.));
#142 = VECTOR('',#143,1.);
#143 = DIRECTION('',(-0.,1.,-0.));
#144 = PCURVE('',#58,#145);
#145 = DEFINITIONAL_REPRESENTATION('',(#146),#150);
#146 = LINE('',#147,#148);
#147 = CARTESIAN_POINT('',(-107.87,4.99));
#148 = VECTOR('',#149,1.);
#149 = DIRECTION('',(0.,1.));
#150 = ( GEOMETRIC_REPRESENTATION_CONTEXT(2) 
PARAMETRIC_REPRESENTATION_CONTEXT() REPRESENTATION_CONTEXT('2D SPACE',''
  ) );
#151 = PCURVE('',#152,#157);
#152 = PLANE('',#153);
#153 = AXIS2_PLACEMENT_3D('',#154,#155,#156);
#154 = CARTESIAN_POINT('',(21.63,4.99,0.4));
#155 = DIRECTION('',(0.707106781187,6.983161618628E-18,-0.707106781187)
  );
#156 = DIRECTION('',(-4.937840934654E-18,1.,4.937840934654E-18));
#157 = DEFINITIONAL_REPRESENTATION('',(#158),#162);
#158 = LINE('',#159,#160);
#159 = CARTESIAN_POINT('',(0.,-0.565685424949));
#160 = VECTOR('',#161,1.);
#161 = DIRECTION('',(1.,0.));
#162 = ( GEOMETRIC_REPRESENTATION_CONTEXT(2) 
PARAMETRIC_REPRESENTATION_CONTEXT() REPRESENTATION_CONTEXT('2D SPACE',''
  ) );
#163 = FACE_BOUND('',#164,.T.);
#164 = EDGE_LOOP('',(#165,#195,#228,#256,#285,#313,#346,#374));
#165 = ORIENTED_EDGE('',*,*,#166,.F.);
#166 = EDGE_CURVE('',#167,#169,#171,.T.);
#167 = VERTEX_POINT('',#168);
#168 = CARTESIAN_POINT('',(129.1,5.,0.));
#169 = VERTEX_POINT('',#170);
#170 = CARTESIAN_POINT('',(129.1,55.54,0.));
#171 = SURFACE_CURVE('',#172,(#176,#183),.PCURVE_S1.);
#172 = LINE('',#173,#174);
#173 = CARTESIAN_POINT('',(129.1,0.,0.));
#174 = VECTOR('',#175,1.);
#175 = DIRECTION('',(-0.,1.,0.));
#176 = PCURVE('',#58,#177);
#177 = DEFINITIONAL_REPRESENTATION('',(#178),#182);
#178 = LINE('',#179,#180);
#179 = CARTESIAN_POINT('',(0.,-0.));
#180 = VECTOR('',#181,1.);
#181 = DIRECTION('',(-0.,1.));
#182 = ( GEOMETRIC_REPRESENTATION_CONTEXT(2) 
PARAMETRIC_REPRESENTATION_CONTEXT() REPRESENTATION_CONTEXT('2D SPACE',''
  ) );
#183 = PCURVE('',#184,#189);
#184 = PLANE('',#185);
#185 = AXIS2_PLACEMENT_3D('',#186,#187,#188);
#186 = CARTESIAN_POINT('',(129.1,0.,0.));
#187 = DIRECTION('',(-1.,-0.,0.));
#188 = DIRECTION('',(0.,0.,-1.));
#189 = DEFINITIONAL_REPRESENTATION('',(#190),#194);
#190 = LINE('',#191,#192);
#191 = CARTESIAN_POINT('',(-0.,-0.));
#192 = VECTOR('',#193,1.);
#193 = DIRECTION('',(-0.,-1.));
#194 = ( GEOMETRIC_REPRESENTATION_CONTEXT(2) 
PARAMETRIC_REPRESENTATION_CONTEXT() REPRESENTATION_CONTEXT('2D SPACE',''
  ) );
#195 = ORIENTED_EDGE('',*,*,#196,.T.);
#196 = EDGE_CURVE('',#167,#197,#199,.T.);
#197 = VERTEX_POINT('',#198);
#198 = CARTESIAN_POINT('',(124.1,-8.881784197001E-16,0.));
#199 = SURFACE_CURVE('',#200,(#205,#216),.PCURVE_S1.);
#200 = CIRCLE('',#201,5.);
#201 = AXIS2_PLACEMENT_3D('',#202,#203,#204);
#202 = CARTESIAN_POINT('',(124.1,5.,0.));
#203 = DIRECTION('',(0.,0.,-1.));
#204 = DIRECTION('',(-0.,-1.,-0.));
#205 = PCURVE('',#58,#206);
#206 = DEFINITIONAL_REPRESENTATION('',(#207),#215);
#207 = ( BOUNDED_CURVE() B_SPLINE_CURVE(2,(#208,#209,#210,#211,#212,#213
,#214),.UNSPECIFIED.,.T.,.F.) B_SPLINE_CURVE_WITH_KNOTS((1,2,2,2,2,1),(
    -2.094395102393,0.,2.094395102393,4.188790204786,6.28318530718,
8.377580409573),.UNSPECIFIED.) CURVE() GEOMETRIC_REPRESENTATION_ITEM() 
RATIONAL_B_SPLINE_CURVE((1.,0.5,1.,0.5,1.,0.5,1.)) REPRESENTATION_ITEM(
  '') );
#208 = CARTESIAN_POINT('',(-5.,-8.881784197001E-16));
#209 = CARTESIAN_POINT('',(-13.66025403784,-8.881784197001E-16));
#210 = CARTESIAN_POINT('',(-9.330127018922,7.5));
#211 = CARTESIAN_POINT('',(-5.,15.));
#212 = CARTESIAN_POINT('',(-0.669872981078,7.5));
#213 = CARTESIAN_POINT('',(3.660254037844,7.105427357601E-15));
#214 = CARTESIAN_POINT('',(-5.,-8.881784197001E-16));
#215 = ( GEOMETRIC_REPRESENTATION_CONTEXT(2) 
PARAMETRIC_REPRESENTATION_CONTEXT() REPRESENTATION_CONTEXT('2D SPACE',''
  ) );
#216 = PCURVE('',#217,#222);
#217 = CYLINDRICAL_SURFACE('',#218,5.);
#218 = AXIS2_PLACEMENT_3D('',#219,#220,#221);
#219 = CARTESIAN_POINT('',(124.1,5.,0.));
#220 = DIRECTION('',(-0.,-0.,1.));
#221 = DIRECTION('',(1.,-0.,0.));
#222 = DEFINITIONAL_REPRESENTATION('',(#223),#227);
#223 = LINE('',#224,#225);
#224 = CARTESIAN_POINT('',(4.712388980385,-0.));
#225 = VECTOR('',#226,1.);
#226 = DIRECTION('',(-1.,0.));
#227 = ( GEOMETRIC_REPRESENTATION_CONTEXT(2) 
PARAMETRIC_REPRESENTATION_CONTEXT() REPRESENTATION_CONTEXT('2D SPACE',''
  ) );
#228 = ORIENTED_EDGE('',*,*,#229,.T.);
#229 = EDGE_CURVE('',#197,#230,#232,.T.);
#230 = VERTEX_POINT('',#231);
#231 = CARTESIAN_POINT('',(5.,-8.881784197001E-16,0.));
#232 = SURFACE_CURVE('',#233,(#237,#244),.PCURVE_S1.);
#233 = LINE('',#234,#235);
#234 = CARTESIAN_POINT('',(129.1,0.,0.));
#235 = VECTOR('',#236,1.);
#236 = DIRECTION('',(-1.,-0.,0.));
#237 = PCURVE('',#58,#238);
#238 = DEFINITIONAL_REPRESENTATION('',(#239),#243);
#239 = LINE('',#240,#241);
#240 = CARTESIAN_POINT('',(0.,-0.));
#241 = VECTOR('',#242,1.);
#242 = DIRECTION('',(-1.,0.));
#243 = ( GEOMETRIC_REPRESENTATION_CONTEXT(2) 
PARAMETRIC_REPRESENTATION_CONTEXT() REPRESENTATION_CONTEXT('2D SPACE',''
  ) );
#244 = PCURVE('',#245,#250);
#245 = PLANE('',#246);
#246 = AXIS2_PLACEMENT_3D('',#247,#248,#249);
#247 = CARTESIAN_POINT('',(129.1,0.,0.));
#248 = DIRECTION('',(-0.,1.,0.));
#249 = DIRECTION('',(0.,0.,-1.));
#250 = DEFINITIONAL_REPRESENTATION('',(#251),#255);
#251 = LINE('',#252,#253);
#252 = CARTESIAN_POINT('',(-0.,-0.));
#253 = VECTOR('',#254,1.);
#254 = DIRECTION('',(-0.,1.));
#255 = ( GEOMETRIC_REPRESENTATION_CONTEXT(2) 
PARAMETRIC_REPRESENTATION_CONTEXT() REPRESENTATION_CONTEXT('2D SPACE',''
  ) );
#256 = ORIENTED_EDGE('',*,*,#257,.F.);
#257 = EDGE_CURVE('',#258,#230,#260,.T.);
#258 = VERTEX_POINT('',#259);
#259 = CARTESIAN_POINT('',(0.,5.,0.));
#260 = SURFACE_CURVE('',#261,(#266,#273),.PCURVE_S1.);
#261 = CIRCLE('',#262,5.);
#262 = AXIS2_PLACEMENT_3D('',#263,#264,#265);
#263 = CARTESIAN_POINT('',(5.,5.,0.));
#264 = DIRECTION('',(0.,-0.,1.));
#265 = DIRECTION('',(-0.,-1.,-0.));
#266 = PCURVE('',#58,#267);
#267 = DEFINITIONAL_REPRESENTATION('',(#268),#272);
#268 = CIRCLE('',#269,5.);
#269 = AXIS2_PLACEMENT_2D('',#270,#271);
#270 = CARTESIAN_POINT('',(-124.1,5.));
#271 = DIRECTION('',(-0.,-1.));
#272 = ( GEOMETRIC_REPRESENTATION_CONTEXT(2) 
PARAMETRIC_REPRESENTATION_CONTEXT() REPRESENTATION_CONTEXT('2D SPACE',''
  ) );
#273 = PCURVE('',#274,#279);
#274 = CYLINDRICAL_SURFACE('',#275,5.);
#275 = AXIS2_PLACEMENT_3D('',#276,#277,#278);
#276 = CARTESIAN_POINT('',(5.,5.,0.));
#277 = DIRECTION('',(-0.,-0.,1.));
#278 = DIRECTION('',(-1.,-0.,-0.));
#279 = DEFINITIONAL_REPRESENTATION('',(#280),#284);
#280 = LINE('',#281,#282);
#281 = CARTESIAN_POINT('',(-4.712388980385,0.));
#282 = VECTOR('',#283,1.);
#283 = DIRECTION('',(1.,0.));
#284 = ( GEOMETRIC_REPRESENTATION_CONTEXT(2) 
PARAMETRIC_REPRESENTATION_CONTEXT() REPRESENTATION_CONTEXT('2D SPACE',''
  ) );
#285 = ORIENTED_EDGE('',*,*,#286,.T.);
#286 = EDGE_CURVE('',#258,#287,#289,.T.);
#287 = VERTEX_POINT('',#288);
#288 = CARTESIAN_POINT('',(0.,55.54,0.));
#289 = SURFACE_CURVE('',#290,(#294,#301),.PCURVE_S1.);
#290 = LINE('',#291,#292);
#291 = CARTESIAN_POINT('',(0.,0.,0.));
#292 = VECTOR('',#293,1.);
#293 = DIRECTION('',(-0.,1.,0.));
#294 = PCURVE('',#58,#295);
#295 = DEFINITIONAL_REPRESENTATION('',(#296),#300);
#296 = LINE('',#297,#298);
#297 = CARTESIAN_POINT('',(-129.1,0.));
#298 = VECTOR('',#299,1.);
#299 = DIRECTION('',(-0.,1.));
#300 = ( GEOMETRIC_REPRESENTATION_CONTEXT(2) 
PARAMETRIC_REPRESENTATION_CONTEXT() REPRESENTATION_CONTEXT('2D SPACE',''
  ) );
#301 = PCURVE('',#302,#307);
#302 = PLANE('',#303);
#303 = AXIS2_PLACEMENT_3D('',#304,#305,#306);
#304 = CARTESIAN_POINT('',(0.,0.,0.));
#305 = DIRECTION('',(-1.,-0.,0.));
#306 = DIRECTION('',(0.,0.,-1.));
#307 = DEFINITIONAL_REPRESENTATION('',(#308),#312);
#308 = LINE('',#309,#310);
#309 = CARTESIAN_POINT('',(-0.,-0.));
#310 = VECTOR('',#311,1.);
#311 = DIRECTION('',(-0.,-1.));
#312 = ( GEOMETRIC_REPRESENTATION_CONTEXT(2) 
PARAMETRIC_REPRESENTATION_CONTEXT() REPRESENTATION_CONTEXT('2D SPACE',''
  ) );
#313 = ORIENTED_EDGE('',*,*,#314,.T.);
#314 = EDGE_CURVE('',#287,#315,#317,.T.);
#315 = VERTEX_POINT('',#316);
#316 = CARTESIAN_POINT('',(5.,60.54,0.));
#317 = SURFACE_CURVE('',#318,(#323,#334),.PCURVE_S1.);
#318 = CIRCLE('',#319,5.);
#319 = AXIS2_PLACEMENT_3D('',#320,#321,#322);
#320 = CARTESIAN_POINT('',(5.,55.54,0.));
#321 = DIRECTION('',(0.,0.,-1.));
#322 = DIRECTION('',(-0.,-1.,-0.));
#323 = PCURVE('',#58,#324);
#324 = DEFINITIONAL_REPRESENTATION('',(#325),#333);
#325 = ( BOUNDED_CURVE() B_SPLINE_CURVE(2,(#326,#327,#328,#329,#330,#331
,#332),.UNSPECIFIED.,.T.,.F.) B_SPLINE_CURVE_WITH_KNOTS((1,2,2,2,2,1),(
    -2.094395102393,0.,2.094395102393,4.188790204786,6.28318530718,
8.377580409573),.UNSPECIFIED.) CURVE() GEOMETRIC_REPRESENTATION_ITEM() 
RATIONAL_B_SPLINE_CURVE((1.,0.5,1.,0.5,1.,0.5,1.)) REPRESENTATION_ITEM(
  '') );
#326 = CARTESIAN_POINT('',(-124.1,50.54));
#327 = CARTESIAN_POINT('',(-132.7602540378,50.54));
#328 = CARTESIAN_POINT('',(-128.4301270189,58.04));
#329 = CARTESIAN_POINT('',(-124.1,65.54));
#330 = CARTESIAN_POINT('',(-119.769872981,58.04));
#331 = CARTESIAN_POINT('',(-115.4397459621,50.54));
#332 = CARTESIAN_POINT('',(-124.1,50.54));
#333 = ( GEOMETRIC_REPRESENTATION_CONTEXT(2) 
PARAMETRIC_REPRESENTATION_CONTEXT() REPRESENTATION_CONTEXT('2D SPACE',''
  ) );
#334 = PCURVE('',#335,#340);
#335 = CYLINDRICAL_SURFACE('',#336,5.);
#336 = AXIS2_PLACEMENT_3D('',#337,#338,#339);
#337 = CARTESIAN_POINT('',(5.,55.54,0.));
#338 = DIRECTION('',(-0.,-0.,1.));
#339 = DIRECTION('',(-1.,-0.,-0.));
#340 = DEFINITIONAL_REPRESENTATION('',(#341),#345);
#341 = LINE('',#342,#343);
#342 = CARTESIAN_POINT('',(1.570796326795,-0.));
#343 = VECTOR('',#344,1.);
#344 = DIRECTION('',(-1.,0.));
#345 = ( GEOMETRIC_REPRESENTATION_CONTEXT(2) 
PARAMETRIC_REPRESENTATION_CONTEXT() REPRESENTATION_CONTEXT('2D SPACE',''
  ) );
#346 = ORIENTED_EDGE('',*,*,#347,.F.);
#347 = EDGE_CURVE('',#348,#315,#350,.T.);
#348 = VERTEX_POINT('',#349);
#349 = CARTESIAN_POINT('',(124.1,60.54,0.));
#350 = SURFACE_CURVE('',#351,(#355,#362),.PCURVE_S1.);
#351 = LINE('',#352,#353);
#352 = CARTESIAN_POINT('',(129.1,60.54,0.));
#353 = VECTOR('',#354,1.);
#354 = DIRECTION('',(-1.,-0.,0.));
#355 = PCURVE('',#58,#356);
#356 = DEFINITIONAL_REPRESENTATION('',(#357),#361);
#357 = LINE('',#358,#359);
#358 = CARTESIAN_POINT('',(0.,60.54));
#359 = VECTOR('',#360,1.);
#360 = DIRECTION('',(-1.,0.));
#361 = ( GEOMETRIC_REPRESENTATION_CONTEXT(2) 
PARAMETRIC_REPRESENTATION_CONTEXT() REPRESENTATION_CONTEXT('2D SPACE',''
  ) );
#362 = PCURVE('',#363,#368);
#363 = PLANE('',#364);
#364 = AXIS2_PLACEMENT_3D('',#365,#366,#367);
#365 = CARTESIAN_POINT('',(129.1,60.54,0.));
#366 = DIRECTION('',(-0.,1.,0.));
#367 = DIRECTION('',(0.,0.,-1.));
#368 = DEFINITIONAL_REPRESENTATION('',(#369),#373);
#369 = LINE('',#370,#371);
#370 = CARTESIAN_POINT('',(-0.,-0.));
#371 = VECTOR('',#372,1.);
#372 = DIRECTION('',(-0.,1.));
#373 = ( GEOMETRIC_REPRESENTATION_CONTEXT(2) 
PARAMETRIC_REPRESENTATION_CONTEXT() REPRESENTATION_CONTEXT('2D SPACE',''
  ) );
#374 = ORIENTED_EDGE('',*,*,#375,.F.);
#375 = EDGE_CURVE('',#169,#348,#376,.T.);
#376 = SURFACE_CURVE('',#377,(#382,#389),.PCURVE_S1.);
#377 = CIRCLE('',#378,5.);
#378 = AXIS2_PLACEMENT_3D('',#379,#380,#381);
#379 = CARTESIAN_POINT('',(124.1,55.54,0.));
#380 = DIRECTION('',(0.,-0.,1.));
#381 = DIRECTION('',(-0.,-1.,-0.));
#382 = PCURVE('',#58,#383);
#383 = DEFINITIONAL_REPRESENTATION('',(#384),#388);
#384 = CIRCLE('',#385,5.);
#385 = AXIS2_PLACEMENT_2D('',#386,#387);
#386 = CARTESIAN_POINT('',(-5.,55.54));
#387 = DIRECTION('',(-0.,-1.));
#388 = ( GEOMETRIC_REPRESENTATION_CONTEXT(2) 
PARAMETRIC_REPRESENTATION_CONTEXT() REPRESENTATION_CONTEXT('2D SPACE',''
  ) );
#389 = PCURVE('',#390,#395);
#390 = CYLINDRICAL_SURFACE('',#391,5.);
#391 = AXIS2_PLACEMENT_3D('',#392,#393,#394);
#392 = CARTESIAN_POINT('',(124.1,55.54,0.));
#393 = DIRECTION('',(-0.,-0.,1.));
#394 = DIRECTION('',(1.,-0.,0.));
#395 = DEFINITIONAL_REPRESENTATION('',(#396),#400);
#396 = LINE('',#397,#398);
#397 = CARTESIAN_POINT('',(-1.570796326795,0.));
#398 = VECTOR('',#399,1.);
#399 = DIRECTION('',(1.,0.));
#400 = ( GEOMETRIC_REPRESENTATION_CONTEXT(2) 
PARAMETRIC_REPRESENTATION_CONTEXT() REPRESENTATION_CONTEXT('2D SPACE',''
  ) );
#401 = ADVANCED_FACE('',(#402),#70,.F.);
#402 = FACE_BOUND('',#403,.F.);
#403 = EDGE_LOOP('',(#404,#427,#428,#451));
#404 = ORIENTED_EDGE('',*,*,#405,.F.);
#405 = EDGE_CURVE('',#48,#406,#408,.T.);
#406 = VERTEX_POINT('',#407);
#407 = CARTESIAN_POINT('',(22.03,4.99,0.8));
#408 = SURFACE_CURVE('',#409,(#413,#420),.PCURVE_S1.);
#409 = LINE('',#410,#411);
#410 = CARTESIAN_POINT('',(21.763333333333,4.723333333333,0.533333333333
    ));
#411 = VECTOR('',#412,1.);
#412 = DIRECTION('',(0.57735026919,0.57735026919,0.57735026919));
#413 = PCURVE('',#70,#414);
#414 = DEFINITIONAL_REPRESENTATION('',(#415),#419);
#415 = LINE('',#416,#417);
#416 = CARTESIAN_POINT('',(-0.266666666667,0.188561808316));
#417 = VECTOR('',#418,1.);
#418 = DIRECTION('',(0.57735026919,0.816496580928));
#419 = ( GEOMETRIC_REPRESENTATION_CONTEXT(2) 
PARAMETRIC_REPRESENTATION_CONTEXT() REPRESENTATION_CONTEXT('2D SPACE',''
  ) );
#420 = PCURVE('',#152,#421);
#421 = DEFINITIONAL_REPRESENTATION('',(#422),#426);
#422 = LINE('',#423,#424);
#423 = CARTESIAN_POINT('',(-0.266666666667,0.188561808316));
#424 = VECTOR('',#425,1.);
#425 = DIRECTION('',(0.57735026919,0.816496580928));
#426 = ( GEOMETRIC_REPRESENTATION_CONTEXT(2) 
PARAMETRIC_REPRESENTATION_CONTEXT() REPRESENTATION_CONTEXT('2D SPACE',''
  ) );
#427 = ORIENTED_EDGE('',*,*,#47,.T.);
#428 = ORIENTED_EDGE('',*,*,#429,.T.);
#429 = EDGE_CURVE('',#50,#430,#432,.T.);
#430 = VERTEX_POINT('',#431);
#431 = CARTESIAN_POINT('',(97.07,4.99,0.8));
#432 = SURFACE_CURVE('',#433,(#437,#444),.PCURVE_S1.);
#433 = LINE('',#434,#435);
#434 = CARTESIAN_POINT('',(84.83,17.23,13.04));
#435 = VECTOR('',#436,1.);
#436 = DIRECTION('',(-0.57735026919,0.57735026919,0.57735026919));
#437 = PCURVE('',#70,#438);
#438 = DEFINITIONAL_REPRESENTATION('',(#439),#443);
#439 = LINE('',#440,#441);
#440 = CARTESIAN_POINT('',(62.8,17.875659428396));
#441 = VECTOR('',#442,1.);
#442 = DIRECTION('',(-0.57735026919,0.816496580928));
#443 = ( GEOMETRIC_REPRESENTATION_CONTEXT(2) 
PARAMETRIC_REPRESENTATION_CONTEXT() REPRESENTATION_CONTEXT('2D SPACE',''
  ) );
#444 = PCURVE('',#98,#445);
#445 = DEFINITIONAL_REPRESENTATION('',(#446),#450);
#446 = LINE('',#447,#448);
#447 = CARTESIAN_POINT('',(12.24,17.875659428396));
#448 = VECTOR('',#449,1.);
#449 = DIRECTION('',(0.57735026919,0.816496580928));
#450 = ( GEOMETRIC_REPRESENTATION_CONTEXT(2) 
PARAMETRIC_REPRESENTATION_CONTEXT() REPRESENTATION_CONTEXT('2D SPACE',''
  ) );
#451 = ORIENTED_EDGE('',*,*,#452,.F.);
#452 = EDGE_CURVE('',#406,#430,#453,.T.);
#453 = SURFACE_CURVE('',#454,(#458,#465),.PCURVE_S1.);
#454 = LINE('',#455,#456);
#455 = CARTESIAN_POINT('',(22.03,4.99,0.8));
#456 = VECTOR('',#457,1.);
#457 = DIRECTION('',(1.,-0.,-0.));
#458 = PCURVE('',#70,#459);
#459 = DEFINITIONAL_REPRESENTATION('',(#460),#464);
#460 = LINE('',#461,#462);
#461 = CARTESIAN_POINT('',(-1.155557966632E-33,0.565685424949));
#462 = VECTOR('',#463,1.);
#463 = DIRECTION('',(1.,0.));
#464 = ( GEOMETRIC_REPRESENTATION_CONTEXT(2) 
PARAMETRIC_REPRESENTATION_CONTEXT() REPRESENTATION_CONTEXT('2D SPACE',''
  ) );
#465 = PCURVE('',#466,#471);
#466 = PLANE('',#467);
#467 = AXIS2_PLACEMENT_3D('',#468,#469,#470);
#468 = CARTESIAN_POINT('',(97.07,4.99,-0.1));
#469 = DIRECTION('',(-0.,1.,0.));
#470 = DIRECTION('',(0.,0.,-1.));
#471 = DEFINITIONAL_REPRESENTATION('',(#472),#476);
#472 = LINE('',#473,#474);
#473 = CARTESIAN_POINT('',(-0.9,75.04));
#474 = VECTOR('',#475,1.);
#475 = DIRECTION('',(-0.,-1.));
#476 = ( GEOMETRIC_REPRESENTATION_CONTEXT(2) 
PARAMETRIC_REPRESENTATION_CONTEXT() REPRESENTATION_CONTEXT('2D SPACE',''
  ) );
#477 = ADVANCED_FACE('',(#478),#152,.T.);
#478 = FACE_BOUND('',#479,.T.);
#479 = EDGE_LOOP('',(#480,#481,#482,#505));
#480 = ORIENTED_EDGE('',*,*,#405,.F.);
#481 = ORIENTED_EDGE('',*,*,#138,.T.);
#482 = ORIENTED_EDGE('',*,*,#483,.T.);
#483 = EDGE_CURVE('',#111,#484,#486,.T.);
#484 = VERTEX_POINT('',#485);
#485 = CARTESIAN_POINT('',(22.03,55.55,0.8));
#486 = SURFACE_CURVE('',#487,(#491,#498),.PCURVE_S1.);
#487 = LINE('',#488,#489);
#488 = CARTESIAN_POINT('',(30.19,47.39,8.96));
#489 = VECTOR('',#490,1.);
#490 = DIRECTION('',(0.57735026919,-0.57735026919,0.57735026919));
#491 = PCURVE('',#152,#492);
#492 = DEFINITIONAL_REPRESENTATION('',(#493),#497);
#493 = LINE('',#494,#495);
#494 = CARTESIAN_POINT('',(42.4,12.105668093914));
#495 = VECTOR('',#496,1.);
#496 = DIRECTION('',(-0.57735026919,0.816496580928));
#497 = ( GEOMETRIC_REPRESENTATION_CONTEXT(2) 
PARAMETRIC_REPRESENTATION_CONTEXT() REPRESENTATION_CONTEXT('2D SPACE',''
  ) );
#498 = PCURVE('',#126,#499);
#499 = DEFINITIONAL_REPRESENTATION('',(#500),#504);
#500 = LINE('',#501,#502);
#501 = CARTESIAN_POINT('',(8.16,12.105668093914));
#502 = VECTOR('',#503,1.);
#503 = DIRECTION('',(0.57735026919,0.816496580928));
#504 = ( GEOMETRIC_REPRESENTATION_CONTEXT(2) 
PARAMETRIC_REPRESENTATION_CONTEXT() REPRESENTATION_CONTEXT('2D SPACE',''
  ) );
#505 = ORIENTED_EDGE('',*,*,#506,.F.);
#506 = EDGE_CURVE('',#406,#484,#507,.T.);
#507 = SURFACE_CURVE('',#508,(#512,#519),.PCURVE_S1.);
#508 = LINE('',#509,#510);
#509 = CARTESIAN_POINT('',(22.03,4.99,0.8));
#510 = VECTOR('',#511,1.);
#511 = DIRECTION('',(-0.,1.,-0.));
#512 = PCURVE('',#152,#513);
#513 = DEFINITIONAL_REPRESENTATION('',(#514),#518);
#514 = LINE('',#515,#516);
#515 = CARTESIAN_POINT('',(0.,0.565685424949));
#516 = VECTOR('',#517,1.);
#517 = DIRECTION('',(1.,0.));
#518 = ( GEOMETRIC_REPRESENTATION_CONTEXT(2) 
PARAMETRIC_REPRESENTATION_CONTEXT() REPRESENTATION_CONTEXT('2D SPACE',''
  ) );
#519 = PCURVE('',#520,#525);
#520 = PLANE('',#521);
#521 = AXIS2_PLACEMENT_3D('',#522,#523,#524);
#522 = CARTESIAN_POINT('',(22.03,4.99,-0.1));
#523 = DIRECTION('',(-1.,-0.,0.));
#524 = DIRECTION('',(0.,0.,-1.));
#525 = DEFINITIONAL_REPRESENTATION('',(#526),#530);
#526 = LINE('',#527,#528);
#527 = CARTESIAN_POINT('',(-0.9,-0.));
#528 = VECTOR('',#529,1.);
#529 = DIRECTION('',(-0.,-1.));
#530 = ( GEOMETRIC_REPRESENTATION_CONTEXT(2) 
PARAMETRIC_REPRESENTATION_CONTEXT() REPRESENTATION_CONTEXT('2D SPACE',''
  ) );
#531 = ADVANCED_FACE('',(#532),#98,.F.);
#532 = FACE_BOUND('',#533,.F.);
#533 = EDGE_LOOP('',(#534,#535,#536,#559));
#534 = ORIENTED_EDGE('',*,*,#429,.F.);
#535 = ORIENTED_EDGE('',*,*,#82,.T.);
#536 = ORIENTED_EDGE('',*,*,#537,.T.);
#537 = EDGE_CURVE('',#83,#538,#540,.T.);
#538 = VERTEX_POINT('',#539);
#539 = CARTESIAN_POINT('',(97.07,55.55,0.8));
#540 = SURFACE_CURVE('',#541,(#545,#552),.PCURVE_S1.);
#541 = LINE('',#542,#543);
#542 = CARTESIAN_POINT('',(76.403333333333,34.883333333333,
    21.466666666667));
#543 = VECTOR('',#544,1.);
#544 = DIRECTION('',(-0.57735026919,-0.57735026919,0.57735026919));
#545 = PCURVE('',#98,#546);
#546 = DEFINITIONAL_REPRESENTATION('',(#547),#551);
#547 = LINE('',#548,#549);
#548 = CARTESIAN_POINT('',(29.893333333333,29.792765713993));
#549 = VECTOR('',#550,1.);
#550 = DIRECTION('',(-0.57735026919,0.816496580928));
#551 = ( GEOMETRIC_REPRESENTATION_CONTEXT(2) 
PARAMETRIC_REPRESENTATION_CONTEXT() REPRESENTATION_CONTEXT('2D SPACE',''
  ) );
#552 = PCURVE('',#126,#553);
#553 = DEFINITIONAL_REPRESENTATION('',(#554),#558);
#554 = LINE('',#555,#556);
#555 = CARTESIAN_POINT('',(54.373333333333,29.792765713993));
#556 = VECTOR('',#557,1.);
#557 = DIRECTION('',(-0.57735026919,0.816496580928));
#558 = ( GEOMETRIC_REPRESENTATION_CONTEXT(2) 
PARAMETRIC_REPRESENTATION_CONTEXT() REPRESENTATION_CONTEXT('2D SPACE',''
  ) );
#559 = ORIENTED_EDGE('',*,*,#560,.F.);
#560 = EDGE_CURVE('',#430,#538,#561,.T.);
#561 = SURFACE_CURVE('',#562,(#566,#573),.PCURVE_S1.);
#562 = LINE('',#563,#564);
#563 = CARTESIAN_POINT('',(97.07,4.99,0.8));
#564 = VECTOR('',#565,1.);
#565 = DIRECTION('',(-0.,1.,-0.));
#566 = PCURVE('',#98,#567);
#567 = DEFINITIONAL_REPRESENTATION('',(#568),#572);
#568 = LINE('',#569,#570);
#569 = CARTESIAN_POINT('',(-1.309632362183E-32,0.565685424949));
#570 = VECTOR('',#571,1.);
#571 = DIRECTION('',(1.,0.));
#572 = ( GEOMETRIC_REPRESENTATION_CONTEXT(2) 
PARAMETRIC_REPRESENTATION_CONTEXT() REPRESENTATION_CONTEXT('2D SPACE',''
  ) );
#573 = PCURVE('',#574,#579);
#574 = PLANE('',#575);
#575 = AXIS2_PLACEMENT_3D('',#576,#577,#578);
#576 = CARTESIAN_POINT('',(97.07,4.99,-0.1));
#577 = DIRECTION('',(-1.,-0.,0.));
#578 = DIRECTION('',(0.,0.,-1.));
#579 = DEFINITIONAL_REPRESENTATION('',(#580),#584);
#580 = LINE('',#581,#582);
#581 = CARTESIAN_POINT('',(-0.9,-0.));
#582 = VECTOR('',#583,1.);
#583 = DIRECTION('',(-0.,-1.));
#584 = ( GEOMETRIC_REPRESENTATION_CONTEXT(2) 
PARAMETRIC_REPRESENTATION_CONTEXT() REPRESENTATION_CONTEXT('2D SPACE',''
  ) );
#585 = ADVANCED_FACE('',(#586),#126,.T.);
#586 = FACE_BOUND('',#587,.T.);
#587 = EDGE_LOOP('',(#588,#589,#590,#591));
#588 = ORIENTED_EDGE('',*,*,#483,.F.);
#589 = ORIENTED_EDGE('',*,*,#110,.T.);
#590 = ORIENTED_EDGE('',*,*,#537,.T.);
#591 = ORIENTED_EDGE('',*,*,#592,.F.);
#592 = EDGE_CURVE('',#484,#538,#593,.T.);
#593 = SURFACE_CURVE('',#594,(#598,#605),.PCURVE_S1.);
#594 = LINE('',#595,#596);
#595 = CARTESIAN_POINT('',(22.03,55.55,0.8));
#596 = VECTOR('',#597,1.);
#597 = DIRECTION('',(1.,-0.,-0.));
#598 = PCURVE('',#126,#599);
#599 = DEFINITIONAL_REPRESENTATION('',(#600),#604);
#600 = LINE('',#601,#602);
#601 = CARTESIAN_POINT('',(0.,0.565685424949));
#602 = VECTOR('',#603,1.);
#603 = DIRECTION('',(1.,0.));
#604 = ( GEOMETRIC_REPRESENTATION_CONTEXT(2) 
PARAMETRIC_REPRESENTATION_CONTEXT() REPRESENTATION_CONTEXT('2D SPACE',''
  ) );
#605 = PCURVE('',#606,#611);
#606 = PLANE('',#607);
#607 = AXIS2_PLACEMENT_3D('',#608,#609,#610);
#608 = CARTESIAN_POINT('',(97.07,55.55,-0.1));
#609 = DIRECTION('',(-0.,1.,0.));
#610 = DIRECTION('',(0.,0.,-1.));
#611 = DEFINITIONAL_REPRESENTATION('',(#612),#616);
#612 = LINE('',#613,#614);
#613 = CARTESIAN_POINT('',(-0.9,75.04));
#614 = VECTOR('',#615,1.);
#615 = DIRECTION('',(-0.,-1.));
#616 = ( GEOMETRIC_REPRESENTATION_CONTEXT(2) 
PARAMETRIC_REPRESENTATION_CONTEXT() REPRESENTATION_CONTEXT('2D SPACE',''
  ) );
#617 = ADVANCED_FACE('',(#618),#184,.F.);
#618 = FACE_BOUND('',#619,.T.);
#619 = EDGE_LOOP('',(#620,#650,#671,#672));
#620 = ORIENTED_EDGE('',*,*,#621,.F.);
#621 = EDGE_CURVE('',#622,#624,#626,.T.);
#622 = VERTEX_POINT('',#623);
#623 = CARTESIAN_POINT('',(129.1,5.,7.05));
#624 = VERTEX_POINT('',#625);
#625 = CARTESIAN_POINT('',(129.1,55.54,7.05));
#626 = SURFACE_CURVE('',#627,(#631,#638),.PCURVE_S1.);
#627 = LINE('',#628,#629);
#628 = CARTESIAN_POINT('',(129.1,0.,7.05));
#629 = VECTOR('',#630,1.);
#630 = DIRECTION('',(-0.,1.,0.));
#631 = PCURVE('',#184,#632);
#632 = DEFINITIONAL_REPRESENTATION('',(#633),#637);
#633 = LINE('',#634,#635);
#634 = CARTESIAN_POINT('',(-7.05,-0.));
#635 = VECTOR('',#636,1.);
#636 = DIRECTION('',(-0.,-1.));
#637 = ( GEOMETRIC_REPRESENTATION_CONTEXT(2) 
PARAMETRIC_REPRESENTATION_CONTEXT() REPRESENTATION_CONTEXT('2D SPACE',''
  ) );
#638 = PCURVE('',#639,#644);
#639 = PLANE('',#640);
#640 = AXIS2_PLACEMENT_3D('',#641,#642,#643);
#641 = CARTESIAN_POINT('',(129.1,0.,7.05));
#642 = DIRECTION('',(-0.,-0.,1.));
#643 = DIRECTION('',(1.,0.,0.));
#644 = DEFINITIONAL_REPRESENTATION('',(#645),#649);
#645 = LINE('',#646,#647);
#646 = CARTESIAN_POINT('',(0.,-0.));
#647 = VECTOR('',#648,1.);
#648 = DIRECTION('',(0.,1.));
#649 = ( GEOMETRIC_REPRESENTATION_CONTEXT(2) 
PARAMETRIC_REPRESENTATION_CONTEXT() REPRESENTATION_CONTEXT('2D SPACE',''
  ) );
#650 = ORIENTED_EDGE('',*,*,#651,.F.);
#651 = EDGE_CURVE('',#167,#622,#652,.T.);
#652 = SURFACE_CURVE('',#653,(#657,#664),.PCURVE_S1.);
#653 = LINE('',#654,#655);
#654 = CARTESIAN_POINT('',(129.1,5.,0.));
#655 = VECTOR('',#656,1.);
#656 = DIRECTION('',(-0.,-0.,1.));
#657 = PCURVE('',#184,#658);
#658 = DEFINITIONAL_REPRESENTATION('',(#659),#663);
#659 = LINE('',#660,#661);
#660 = CARTESIAN_POINT('',(-0.,-5.));
#661 = VECTOR('',#662,1.);
#662 = DIRECTION('',(-1.,-0.));
#663 = ( GEOMETRIC_REPRESENTATION_CONTEXT(2) 
PARAMETRIC_REPRESENTATION_CONTEXT() REPRESENTATION_CONTEXT('2D SPACE',''
  ) );
#664 = PCURVE('',#217,#665);
#665 = DEFINITIONAL_REPRESENTATION('',(#666),#670);
#666 = LINE('',#667,#668);
#667 = CARTESIAN_POINT('',(-0.,0.));
#668 = VECTOR('',#669,1.);
#669 = DIRECTION('',(-0.,1.));
#670 = ( GEOMETRIC_REPRESENTATION_CONTEXT(2) 
PARAMETRIC_REPRESENTATION_CONTEXT() REPRESENTATION_CONTEXT('2D SPACE',''
  ) );
#671 = ORIENTED_EDGE('',*,*,#166,.T.);
#672 = ORIENTED_EDGE('',*,*,#673,.T.);
#673 = EDGE_CURVE('',#169,#624,#674,.T.);
#674 = SURFACE_CURVE('',#675,(#679,#686),.PCURVE_S1.);
#675 = LINE('',#676,#677);
#676 = CARTESIAN_POINT('',(129.1,55.54,0.));
#677 = VECTOR('',#678,1.);
#678 = DIRECTION('',(-0.,-0.,1.));
#679 = PCURVE('',#184,#680);
#680 = DEFINITIONAL_REPRESENTATION('',(#681),#685);
#681 = LINE('',#682,#683);
#682 = CARTESIAN_POINT('',(-0.,-55.54));
#683 = VECTOR('',#684,1.);
#684 = DIRECTION('',(-1.,-0.));
#685 = ( GEOMETRIC_REPRESENTATION_CONTEXT(2) 
PARAMETRIC_REPRESENTATION_CONTEXT() REPRESENTATION_CONTEXT('2D SPACE',''
  ) );
#686 = PCURVE('',#390,#687);
#687 = DEFINITIONAL_REPRESENTATION('',(#688),#692);
#688 = LINE('',#689,#690);
#689 = CARTESIAN_POINT('',(0.,0.));
#690 = VECTOR('',#691,1.);
#691 = DIRECTION('',(0.,1.));
#692 = ( GEOMETRIC_REPRESENTATION_CONTEXT(2) 
PARAMETRIC_REPRESENTATION_CONTEXT() REPRESENTATION_CONTEXT('2D SPACE',''
  ) );
#693 = ADVANCED_FACE('',(#694),#217,.T.);
#694 = FACE_BOUND('',#695,.F.);
#695 = EDGE_LOOP('',(#696,#697,#720,#746));
#696 = ORIENTED_EDGE('',*,*,#196,.T.);
#697 = ORIENTED_EDGE('',*,*,#698,.T.);
#698 = EDGE_CURVE('',#197,#699,#701,.T.);
#699 = VERTEX_POINT('',#700);
#700 = CARTESIAN_POINT('',(124.1,-8.881784197001E-16,7.05));
#701 = SURFACE_CURVE('',#702,(#706,#713),.PCURVE_S1.);
#702 = LINE('',#703,#704);
#703 = CARTESIAN_POINT('',(124.1,-8.881784197001E-16,0.));
#704 = VECTOR('',#705,1.);
#705 = DIRECTION('',(-0.,-0.,1.));
#706 = PCURVE('',#217,#707);
#707 = DEFINITIONAL_REPRESENTATION('',(#708),#712);
#708 = LINE('',#709,#710);
#709 = CARTESIAN_POINT('',(-1.570796326795,0.));
#710 = VECTOR('',#711,1.);
#711 = DIRECTION('',(-0.,1.));
#712 = ( GEOMETRIC_REPRESENTATION_CONTEXT(2) 
PARAMETRIC_REPRESENTATION_CONTEXT() REPRESENTATION_CONTEXT('2D SPACE',''
  ) );
#713 = PCURVE('',#245,#714);
#714 = DEFINITIONAL_REPRESENTATION('',(#715),#719);
#715 = LINE('',#716,#717);
#716 = CARTESIAN_POINT('',(-0.,5.));
#717 = VECTOR('',#718,1.);
#718 = DIRECTION('',(-1.,-0.));
#719 = ( GEOMETRIC_REPRESENTATION_CONTEXT(2) 
PARAMETRIC_REPRESENTATION_CONTEXT() REPRESENTATION_CONTEXT('2D SPACE',''
  ) );
#720 = ORIENTED_EDGE('',*,*,#721,.F.);
#721 = EDGE_CURVE('',#622,#699,#722,.T.);
#722 = SURFACE_CURVE('',#723,(#728,#735),.PCURVE_S1.);
#723 = CIRCLE('',#724,5.);
#724 = AXIS2_PLACEMENT_3D('',#725,#726,#727);
#725 = CARTESIAN_POINT('',(124.1,5.,7.05));
#726 = DIRECTION('',(0.,0.,-1.));
#727 = DIRECTION('',(-0.,-1.,-0.));
#728 = PCURVE('',#217,#729);
#729 = DEFINITIONAL_REPRESENTATION('',(#730),#734);
#730 = LINE('',#731,#732);
#731 = CARTESIAN_POINT('',(4.712388980385,7.05));
#732 = VECTOR('',#733,1.);
#733 = DIRECTION('',(-1.,0.));
#734 = ( GEOMETRIC_REPRESENTATION_CONTEXT(2) 
PARAMETRIC_REPRESENTATION_CONTEXT() REPRESENTATION_CONTEXT('2D SPACE',''
  ) );
#735 = PCURVE('',#639,#736);
#736 = DEFINITIONAL_REPRESENTATION('',(#737),#745);
#737 = ( BOUNDED_CURVE() B_SPLINE_CURVE(2,(#738,#739,#740,#741,#742,#743
,#744),.UNSPECIFIED.,.T.,.F.) B_SPLINE_CURVE_WITH_KNOTS((1,2,2,2,2,1),(
    -2.094395102393,0.,2.094395102393,4.188790204786,6.28318530718,
8.377580409573),.UNSPECIFIED.) CURVE() GEOMETRIC_REPRESENTATION_ITEM() 
RATIONAL_B_SPLINE_CURVE((1.,0.5,1.,0.5,1.,0.5,1.)) REPRESENTATION_ITEM(
  '') );
#738 = CARTESIAN_POINT('',(-5.,-8.881784197001E-16));
#739 = CARTESIAN_POINT('',(-13.66025403784,-8.881784197001E-16));
#740 = CARTESIAN_POINT('',(-9.330127018922,7.5));
#741 = CARTESIAN_POINT('',(-5.,15.));
#742 = CARTESIAN_POINT('',(-0.669872981078,7.5));
#743 = CARTESIAN_POINT('',(3.660254037844,7.105427357601E-15));
#744 = CARTESIAN_POINT('',(-5.,-8.881784197001E-16));
#745 = ( GEOMETRIC_REPRESENTATION_CONTEXT(2) 
PARAMETRIC_REPRESENTATION_CONTEXT() REPRESENTATION_CONTEXT('2D SPACE',''
  ) );
#746 = ORIENTED_EDGE('',*,*,#651,.F.);
#747 = ADVANCED_FACE('',(#748),#390,.T.);
#748 = FACE_BOUND('',#749,.T.);
#749 = EDGE_LOOP('',(#750,#751,#774,#796));
#750 = ORIENTED_EDGE('',*,*,#375,.T.);
#751 = ORIENTED_EDGE('',*,*,#752,.T.);
#752 = EDGE_CURVE('',#348,#753,#755,.T.);
#753 = VERTEX_POINT('',#754);
#754 = CARTESIAN_POINT('',(124.1,60.54,7.05));
#755 = SURFACE_CURVE('',#756,(#760,#767),.PCURVE_S1.);
#756 = LINE('',#757,#758);
#757 = CARTESIAN_POINT('',(124.1,60.54,0.));
#758 = VECTOR('',#759,1.);
#759 = DIRECTION('',(-0.,-0.,1.));
#760 = PCURVE('',#390,#761);
#761 = DEFINITIONAL_REPRESENTATION('',(#762),#766);
#762 = LINE('',#763,#764);
#763 = CARTESIAN_POINT('',(1.570796326795,0.));
#764 = VECTOR('',#765,1.);
#765 = DIRECTION('',(0.,1.));
#766 = ( GEOMETRIC_REPRESENTATION_CONTEXT(2) 
PARAMETRIC_REPRESENTATION_CONTEXT() REPRESENTATION_CONTEXT('2D SPACE',''
  ) );
#767 = PCURVE('',#363,#768);
#768 = DEFINITIONAL_REPRESENTATION('',(#769),#773);
#769 = LINE('',#770,#771);
#770 = CARTESIAN_POINT('',(-0.,5.));
#771 = VECTOR('',#772,1.);
#772 = DIRECTION('',(-1.,-0.));
#773 = ( GEOMETRIC_REPRESENTATION_CONTEXT(2) 
PARAMETRIC_REPRESENTATION_CONTEXT() REPRESENTATION_CONTEXT('2D SPACE',''
  ) );
#774 = ORIENTED_EDGE('',*,*,#775,.F.);
#775 = EDGE_CURVE('',#624,#753,#776,.T.);
#776 = SURFACE_CURVE('',#777,(#782,#789),.PCURVE_S1.);
#777 = CIRCLE('',#778,5.);
#778 = AXIS2_PLACEMENT_3D('',#779,#780,#781);
#779 = CARTESIAN_POINT('',(124.1,55.54,7.05));
#780 = DIRECTION('',(0.,-0.,1.));
#781 = DIRECTION('',(-0.,-1.,-0.));
#782 = PCURVE('',#390,#783);
#783 = DEFINITIONAL_REPRESENTATION('',(#784),#788);
#784 = LINE('',#785,#786);
#785 = CARTESIAN_POINT('',(-1.570796326795,7.05));
#786 = VECTOR('',#787,1.);
#787 = DIRECTION('',(1.,0.));
#788 = ( GEOMETRIC_REPRESENTATION_CONTEXT(2) 
PARAMETRIC_REPRESENTATION_CONTEXT() REPRESENTATION_CONTEXT('2D SPACE',''
  ) );
#789 = PCURVE('',#639,#790);
#790 = DEFINITIONAL_REPRESENTATION('',(#791),#795);
#791 = CIRCLE('',#792,5.);
#792 = AXIS2_PLACEMENT_2D('',#793,#794);
#793 = CARTESIAN_POINT('',(-5.,55.54));
#794 = DIRECTION('',(-0.,-1.));
#795 = ( GEOMETRIC_REPRESENTATION_CONTEXT(2) 
PARAMETRIC_REPRESENTATION_CONTEXT() REPRESENTATION_CONTEXT('2D SPACE',''
  ) );
#796 = ORIENTED_EDGE('',*,*,#673,.F.);
#797 = ADVANCED_FACE('',(#798),#245,.F.);
#798 = FACE_BOUND('',#799,.T.);
#799 = EDGE_LOOP('',(#800,#801,#802,#825));
#800 = ORIENTED_EDGE('',*,*,#229,.F.);
#801 = ORIENTED_EDGE('',*,*,#698,.T.);
#802 = ORIENTED_EDGE('',*,*,#803,.T.);
#803 = EDGE_CURVE('',#699,#804,#806,.T.);
#804 = VERTEX_POINT('',#805);
#805 = CARTESIAN_POINT('',(5.,-8.881784197001E-16,7.05));
#806 = SURFACE_CURVE('',#807,(#811,#818),.PCURVE_S1.);
#807 = LINE('',#808,#809);
#808 = CARTESIAN_POINT('',(129.1,0.,7.05));
#809 = VECTOR('',#810,1.);
#810 = DIRECTION('',(-1.,-0.,0.));
#811 = PCURVE('',#245,#812);
#812 = DEFINITIONAL_REPRESENTATION('',(#813),#817);
#813 = LINE('',#814,#815);
#814 = CARTESIAN_POINT('',(-7.05,-0.));
#815 = VECTOR('',#816,1.);
#816 = DIRECTION('',(-0.,1.));
#817 = ( GEOMETRIC_REPRESENTATION_CONTEXT(2) 
PARAMETRIC_REPRESENTATION_CONTEXT() REPRESENTATION_CONTEXT('2D SPACE',''
  ) );
#818 = PCURVE('',#639,#819);
#819 = DEFINITIONAL_REPRESENTATION('',(#820),#824);
#820 = LINE('',#821,#822);
#821 = CARTESIAN_POINT('',(0.,-0.));
#822 = VECTOR('',#823,1.);
#823 = DIRECTION('',(-1.,0.));
#824 = ( GEOMETRIC_REPRESENTATION_CONTEXT(2) 
PARAMETRIC_REPRESENTATION_CONTEXT() REPRESENTATION_CONTEXT('2D SPACE',''
  ) );
#825 = ORIENTED_EDGE('',*,*,#826,.F.);
#826 = EDGE_CURVE('',#230,#804,#827,.T.);
#827 = SURFACE_CURVE('',#828,(#832,#839),.PCURVE_S1.);
#828 = LINE('',#829,#830);
#829 = CARTESIAN_POINT('',(5.,-8.881784197001E-16,0.));
#830 = VECTOR('',#831,1.);
#831 = DIRECTION('',(-0.,-0.,1.));
#832 = PCURVE('',#245,#833);
#833 = DEFINITIONAL_REPRESENTATION('',(#834),#838);
#834 = LINE('',#835,#836);
#835 = CARTESIAN_POINT('',(-0.,124.1));
#836 = VECTOR('',#837,1.);
#837 = DIRECTION('',(-1.,-0.));
#838 = ( GEOMETRIC_REPRESENTATION_CONTEXT(2) 
PARAMETRIC_REPRESENTATION_CONTEXT() REPRESENTATION_CONTEXT('2D SPACE',''
  ) );
#839 = PCURVE('',#274,#840);
#840 = DEFINITIONAL_REPRESENTATION('',(#841),#845);
#841 = LINE('',#842,#843);
#842 = CARTESIAN_POINT('',(1.570796326795,0.));
#843 = VECTOR('',#844,1.);
#844 = DIRECTION('',(0.,1.));
#845 = ( GEOMETRIC_REPRESENTATION_CONTEXT(2) 
PARAMETRIC_REPRESENTATION_CONTEXT() REPRESENTATION_CONTEXT('2D SPACE',''
  ) );
#846 = ADVANCED_FACE('',(#847),#363,.T.);
#847 = FACE_BOUND('',#848,.F.);
#848 = EDGE_LOOP('',(#849,#850,#851,#874));
#849 = ORIENTED_EDGE('',*,*,#347,.F.);
#850 = ORIENTED_EDGE('',*,*,#752,.T.);
#851 = ORIENTED_EDGE('',*,*,#852,.T.);
#852 = EDGE_CURVE('',#753,#853,#855,.T.);
#853 = VERTEX_POINT('',#854);
#854 = CARTESIAN_POINT('',(5.,60.54,7.05));
#855 = SURFACE_CURVE('',#856,(#860,#867),.PCURVE_S1.);
#856 = LINE('',#857,#858);
#857 = CARTESIAN_POINT('',(129.1,60.54,7.05));
#858 = VECTOR('',#859,1.);
#859 = DIRECTION('',(-1.,-0.,0.));
#860 = PCURVE('',#363,#861);
#861 = DEFINITIONAL_REPRESENTATION('',(#862),#866);
#862 = LINE('',#863,#864);
#863 = CARTESIAN_POINT('',(-7.05,-0.));
#864 = VECTOR('',#865,1.);
#865 = DIRECTION('',(-0.,1.));
#866 = ( GEOMETRIC_REPRESENTATION_CONTEXT(2) 
PARAMETRIC_REPRESENTATION_CONTEXT() REPRESENTATION_CONTEXT('2D SPACE',''
  ) );
#867 = PCURVE('',#639,#868);
#868 = DEFINITIONAL_REPRESENTATION('',(#869),#873);
#869 = LINE('',#870,#871);
#870 = CARTESIAN_POINT('',(0.,60.54));
#871 = VECTOR('',#872,1.);
#872 = DIRECTION('',(-1.,0.));
#873 = ( GEOMETRIC_REPRESENTATION_CONTEXT(2) 
PARAMETRIC_REPRESENTATION_CONTEXT() REPRESENTATION_CONTEXT('2D SPACE',''
  ) );
#874 = ORIENTED_EDGE('',*,*,#875,.F.);
#875 = EDGE_CURVE('',#315,#853,#876,.T.);
#876 = SURFACE_CURVE('',#877,(#881,#888),.PCURVE_S1.);
#877 = LINE('',#878,#879);
#878 = CARTESIAN_POINT('',(5.,60.54,0.));
#879 = VECTOR('',#880,1.);
#880 = DIRECTION('',(-0.,-0.,1.));
#881 = PCURVE('',#363,#882);
#882 = DEFINITIONAL_REPRESENTATION('',(#883),#887);
#883 = LINE('',#884,#885);
#884 = CARTESIAN_POINT('',(-0.,124.1));
#885 = VECTOR('',#886,1.);
#886 = DIRECTION('',(-1.,-0.));
#887 = ( GEOMETRIC_REPRESENTATION_CONTEXT(2) 
PARAMETRIC_REPRESENTATION_CONTEXT() REPRESENTATION_CONTEXT('2D SPACE',''
  ) );
#888 = PCURVE('',#335,#889);
#889 = DEFINITIONAL_REPRESENTATION('',(#890),#894);
#890 = LINE('',#891,#892);
#891 = CARTESIAN_POINT('',(-1.570796326795,0.));
#892 = VECTOR('',#893,1.);
#893 = DIRECTION('',(-0.,1.));
#894 = ( GEOMETRIC_REPRESENTATION_CONTEXT(2) 
PARAMETRIC_REPRESENTATION_CONTEXT() REPRESENTATION_CONTEXT('2D SPACE',''
  ) );
#895 = ADVANCED_FACE('',(#896),#274,.T.);
#896 = FACE_BOUND('',#897,.T.);
#897 = EDGE_LOOP('',(#898,#899,#900,#924));
#898 = ORIENTED_EDGE('',*,*,#257,.T.);
#899 = ORIENTED_EDGE('',*,*,#826,.T.);
#900 = ORIENTED_EDGE('',*,*,#901,.F.);
#901 = EDGE_CURVE('',#902,#804,#904,.T.);
#902 = VERTEX_POINT('',#903);
#903 = CARTESIAN_POINT('',(0.,5.,7.05));
#904 = SURFACE_CURVE('',#905,(#910,#917),.PCURVE_S1.);
#905 = CIRCLE('',#906,5.);
#906 = AXIS2_PLACEMENT_3D('',#907,#908,#909);
#907 = CARTESIAN_POINT('',(5.,5.,7.05));
#908 = DIRECTION('',(0.,-0.,1.));
#909 = DIRECTION('',(-0.,-1.,-0.));
#910 = PCURVE('',#274,#911);
#911 = DEFINITIONAL_REPRESENTATION('',(#912),#916);
#912 = LINE('',#913,#914);
#913 = CARTESIAN_POINT('',(-4.712388980385,7.05));
#914 = VECTOR('',#915,1.);
#915 = DIRECTION('',(1.,0.));
#916 = ( GEOMETRIC_REPRESENTATION_CONTEXT(2) 
PARAMETRIC_REPRESENTATION_CONTEXT() REPRESENTATION_CONTEXT('2D SPACE',''
  ) );
#917 = PCURVE('',#639,#918);
#918 = DEFINITIONAL_REPRESENTATION('',(#919),#923);
#919 = CIRCLE('',#920,5.);
#920 = AXIS2_PLACEMENT_2D('',#921,#922);
#921 = CARTESIAN_POINT('',(-124.1,5.));
#922 = DIRECTION('',(-0.,-1.));
#923 = ( GEOMETRIC_REPRESENTATION_CONTEXT(2) 
PARAMETRIC_REPRESENTATION_CONTEXT() REPRESENTATION_CONTEXT('2D SPACE',''
  ) );
#924 = ORIENTED_EDGE('',*,*,#925,.F.);
#925 = EDGE_CURVE('',#258,#902,#926,.T.);
#926 = SURFACE_CURVE('',#927,(#931,#938),.PCURVE_S1.);
#927 = LINE('',#928,#929);
#928 = CARTESIAN_POINT('',(0.,5.,0.));
#929 = VECTOR('',#930,1.);
#930 = DIRECTION('',(-0.,-0.,1.));
#931 = PCURVE('',#274,#932);
#932 = DEFINITIONAL_REPRESENTATION('',(#933),#937);
#933 = LINE('',#934,#935);
#934 = CARTESIAN_POINT('',(0.,0.));
#935 = VECTOR('',#936,1.);
#936 = DIRECTION('',(0.,1.));
#937 = ( GEOMETRIC_REPRESENTATION_CONTEXT(2) 
PARAMETRIC_REPRESENTATION_CONTEXT() REPRESENTATION_CONTEXT('2D SPACE',''
  ) );
#938 = PCURVE('',#302,#939);
#939 = DEFINITIONAL_REPRESENTATION('',(#940),#944);
#940 = LINE('',#941,#942);
#941 = CARTESIAN_POINT('',(-0.,-5.));
#942 = VECTOR('',#943,1.);
#943 = DIRECTION('',(-1.,-0.));
#944 = ( GEOMETRIC_REPRESENTATION_CONTEXT(2) 
PARAMETRIC_REPRESENTATION_CONTEXT() REPRESENTATION_CONTEXT('2D SPACE',''
  ) );
#945 = ADVANCED_FACE('',(#946),#335,.T.);
#946 = FACE_BOUND('',#947,.F.);
#947 = EDGE_LOOP('',(#948,#949,#950,#978));
#948 = ORIENTED_EDGE('',*,*,#314,.T.);
#949 = ORIENTED_EDGE('',*,*,#875,.T.);
#950 = ORIENTED_EDGE('',*,*,#951,.F.);
#951 = EDGE_CURVE('',#952,#853,#954,.T.);
#952 = VERTEX_POINT('',#953);
#953 = CARTESIAN_POINT('',(0.,55.54,7.05));
#954 = SURFACE_CURVE('',#955,(#960,#967),.PCURVE_S1.);
#955 = CIRCLE('',#956,5.);
#956 = AXIS2_PLACEMENT_3D('',#957,#958,#959);
#957 = CARTESIAN_POINT('',(5.,55.54,7.05));
#958 = DIRECTION('',(0.,0.,-1.));
#959 = DIRECTION('',(-0.,-1.,-0.));
#960 = PCURVE('',#335,#961);
#961 = DEFINITIONAL_REPRESENTATION('',(#962),#966);
#962 = LINE('',#963,#964);
#963 = CARTESIAN_POINT('',(1.570796326795,7.05));
#964 = VECTOR('',#965,1.);
#965 = DIRECTION('',(-1.,0.));
#966 = ( GEOMETRIC_REPRESENTATION_CONTEXT(2) 
PARAMETRIC_REPRESENTATION_CONTEXT() REPRESENTATION_CONTEXT('2D SPACE',''
  ) );
#967 = PCURVE('',#639,#968);
#968 = DEFINITIONAL_REPRESENTATION('',(#969),#977);
#969 = ( BOUNDED_CURVE() B_SPLINE_CURVE(2,(#970,#971,#972,#973,#974,#975
,#976),.UNSPECIFIED.,.T.,.F.) B_SPLINE_CURVE_WITH_KNOTS((1,2,2,2,2,1),(
    -2.094395102393,0.,2.094395102393,4.188790204786,6.28318530718,
8.377580409573),.UNSPECIFIED.) CURVE() GEOMETRIC_REPRESENTATION_ITEM() 
RATIONAL_B_SPLINE_CURVE((1.,0.5,1.,0.5,1.,0.5,1.)) REPRESENTATION_ITEM(
  '') );
#970 = CARTESIAN_POINT('',(-124.1,50.54));
#971 = CARTESIAN_POINT('',(-132.7602540378,50.54));
#972 = CARTESIAN_POINT('',(-128.4301270189,58.04));
#973 = CARTESIAN_POINT('',(-124.1,65.54));
#974 = CARTESIAN_POINT('',(-119.769872981,58.04));
#975 = CARTESIAN_POINT('',(-115.4397459621,50.54));
#976 = CARTESIAN_POINT('',(-124.1,50.54));
#977 = ( GEOMETRIC_REPRESENTATION_CONTEXT(2) 
PARAMETRIC_REPRESENTATION_CONTEXT() REPRESENTATION_CONTEXT('2D SPACE',''
  ) );
#978 = ORIENTED_EDGE('',*,*,#979,.F.);
#979 = EDGE_CURVE('',#287,#952,#980,.T.);
#980 = SURFACE_CURVE('',#981,(#985,#992),.PCURVE_S1.);
#981 = LINE('',#982,#983);
#982 = CARTESIAN_POINT('',(0.,55.54,0.));
#983 = VECTOR('',#984,1.);
#984 = DIRECTION('',(-0.,-0.,1.));
#985 = PCURVE('',#335,#986);
#986 = DEFINITIONAL_REPRESENTATION('',(#987),#991);
#987 = LINE('',#988,#989);
#988 = CARTESIAN_POINT('',(-0.,0.));
#989 = VECTOR('',#990,1.);
#990 = DIRECTION('',(-0.,1.));
#991 = ( GEOMETRIC_REPRESENTATION_CONTEXT(2) 
PARAMETRIC_REPRESENTATION_CONTEXT() REPRESENTATION_CONTEXT('2D SPACE',''
  ) );
#992 = PCURVE('',#302,#993);
#993 = DEFINITIONAL_REPRESENTATION('',(#994),#998);
#994 = LINE('',#995,#996);
#995 = CARTESIAN_POINT('',(-0.,-55.54));
#996 = VECTOR('',#997,1.);
#997 = DIRECTION('',(-1.,-0.));
#998 = ( GEOMETRIC_REPRESENTATION_CONTEXT(2) 
PARAMETRIC_REPRESENTATION_CONTEXT() REPRESENTATION_CONTEXT('2D SPACE',''
  ) );
#999 = ADVANCED_FACE('',(#1000),#302,.T.);
#1000 = FACE_BOUND('',#1001,.F.);
#1001 = EDGE_LOOP('',(#1002,#1023,#1024,#1025));
#1002 = ORIENTED_EDGE('',*,*,#1003,.F.);
#1003 = EDGE_CURVE('',#902,#952,#1004,.T.);
#1004 = SURFACE_CURVE('',#1005,(#1009,#1016),.PCURVE_S1.);
#1005 = LINE('',#1006,#1007);
#1006 = CARTESIAN_POINT('',(0.,0.,7.05));
#1007 = VECTOR('',#1008,1.);
#1008 = DIRECTION('',(-0.,1.,0.));
#1009 = PCURVE('',#302,#1010);
#1010 = DEFINITIONAL_REPRESENTATION('',(#1011),#1015);
#1011 = LINE('',#1012,#1013);
#1012 = CARTESIAN_POINT('',(-7.05,-0.));
#1013 = VECTOR('',#1014,1.);
#1014 = DIRECTION('',(-0.,-1.));
#1015 = ( GEOMETRIC_REPRESENTATION_CONTEXT(2) 
PARAMETRIC_REPRESENTATION_CONTEXT() REPRESENTATION_CONTEXT('2D SPACE',''
  ) );
#1016 = PCURVE('',#639,#1017);
#1017 = DEFINITIONAL_REPRESENTATION('',(#1018),#1022);
#1018 = LINE('',#1019,#1020);
#1019 = CARTESIAN_POINT('',(-129.1,0.));
#1020 = VECTOR('',#1021,1.);
#1021 = DIRECTION('',(0.,1.));
#1022 = ( GEOMETRIC_REPRESENTATION_CONTEXT(2) 
PARAMETRIC_REPRESENTATION_CONTEXT() REPRESENTATION_CONTEXT('2D SPACE',''
  ) );
#1023 = ORIENTED_EDGE('',*,*,#925,.F.);
#1024 = ORIENTED_EDGE('',*,*,#286,.T.);
#1025 = ORIENTED_EDGE('',*,*,#979,.T.);
#1026 = ADVANCED_FACE('',(#1027),#466,.T.);
#1027 = FACE_BOUND('',#1028,.F.);
#1028 = EDGE_LOOP('',(#1029,#1052,#1053,#1076));
#1029 = ORIENTED_EDGE('',*,*,#1030,.F.);
#1030 = EDGE_CURVE('',#406,#1031,#1033,.T.);
#1031 = VERTEX_POINT('',#1032);
#1032 = CARTESIAN_POINT('',(22.03,4.99,1.6));
#1033 = SURFACE_CURVE('',#1034,(#1038,#1045),.PCURVE_S1.);
#1034 = LINE('',#1035,#1036);
#1035 = CARTESIAN_POINT('',(22.03,4.99,-0.1));
#1036 = VECTOR('',#1037,1.);
#1037 = DIRECTION('',(0.,0.,1.));
#1038 = PCURVE('',#466,#1039);
#1039 = DEFINITIONAL_REPRESENTATION('',(#1040),#1044);
#1040 = LINE('',#1041,#1042);
#1041 = CARTESIAN_POINT('',(-0.,75.04));
#1042 = VECTOR('',#1043,1.);
#1043 = DIRECTION('',(-1.,0.));
#1044 = ( GEOMETRIC_REPRESENTATION_CONTEXT(2) 
PARAMETRIC_REPRESENTATION_CONTEXT() REPRESENTATION_CONTEXT('2D SPACE',''
  ) );
#1045 = PCURVE('',#520,#1046);
#1046 = DEFINITIONAL_REPRESENTATION('',(#1047),#1051);
#1047 = LINE('',#1048,#1049);
#1048 = CARTESIAN_POINT('',(-0.,-0.));
#1049 = VECTOR('',#1050,1.);
#1050 = DIRECTION('',(-1.,-0.));
#1051 = ( GEOMETRIC_REPRESENTATION_CONTEXT(2) 
PARAMETRIC_REPRESENTATION_CONTEXT() REPRESENTATION_CONTEXT('2D SPACE',''
  ) );
#1052 = ORIENTED_EDGE('',*,*,#452,.T.);
#1053 = ORIENTED_EDGE('',*,*,#1054,.T.);
#1054 = EDGE_CURVE('',#430,#1055,#1057,.T.);
#1055 = VERTEX_POINT('',#1056);
#1056 = CARTESIAN_POINT('',(97.07,4.99,1.6));
#1057 = SURFACE_CURVE('',#1058,(#1062,#1069),.PCURVE_S1.);
#1058 = LINE('',#1059,#1060);
#1059 = CARTESIAN_POINT('',(97.07,4.99,-0.1));
#1060 = VECTOR('',#1061,1.);
#1061 = DIRECTION('',(0.,0.,1.));
#1062 = PCURVE('',#466,#1063);
#1063 = DEFINITIONAL_REPRESENTATION('',(#1064),#1068);
#1064 = LINE('',#1065,#1066);
#1065 = CARTESIAN_POINT('',(-0.,-0.));
#1066 = VECTOR('',#1067,1.);
#1067 = DIRECTION('',(-1.,0.));
#1068 = ( GEOMETRIC_REPRESENTATION_CONTEXT(2) 
PARAMETRIC_REPRESENTATION_CONTEXT() REPRESENTATION_CONTEXT('2D SPACE',''
  ) );
#1069 = PCURVE('',#574,#1070);
#1070 = DEFINITIONAL_REPRESENTATION('',(#1071),#1075);
#1071 = LINE('',#1072,#1073);
#1072 = CARTESIAN_POINT('',(-0.,-0.));
#1073 = VECTOR('',#1074,1.);
#1074 = DIRECTION('',(-1.,-0.));
#1075 = ( GEOMETRIC_REPRESENTATION_CONTEXT(2) 
PARAMETRIC_REPRESENTATION_CONTEXT() REPRESENTATION_CONTEXT('2D SPACE',''
  ) );
#1076 = ORIENTED_EDGE('',*,*,#1077,.F.);
#1077 = EDGE_CURVE('',#1031,#1055,#1078,.T.);
#1078 = SURFACE_CURVE('',#1079,(#1083,#1090),.PCURVE_S1.);
#1079 = LINE('',#1080,#1081);
#1080 = CARTESIAN_POINT('',(111.885,4.99,1.6));
#1081 = VECTOR('',#1082,1.);
#1082 = DIRECTION('',(1.,-0.,-0.));
#1083 = PCURVE('',#466,#1084);
#1084 = DEFINITIONAL_REPRESENTATION('',(#1085),#1089);
#1085 = LINE('',#1086,#1087);
#1086 = CARTESIAN_POINT('',(-1.7,-14.815));
#1087 = VECTOR('',#1088,1.);
#1088 = DIRECTION('',(-0.,-1.));
#1089 = ( GEOMETRIC_REPRESENTATION_CONTEXT(2) 
PARAMETRIC_REPRESENTATION_CONTEXT() REPRESENTATION_CONTEXT('2D SPACE',''
  ) );
#1090 = PCURVE('',#1091,#1096);
#1091 = PLANE('',#1092);
#1092 = AXIS2_PLACEMENT_3D('',#1093,#1094,#1095);
#1093 = CARTESIAN_POINT('',(126.7,2.4,1.6));
#1094 = DIRECTION('',(0.,0.,1.));
#1095 = DIRECTION('',(1.,0.,0.));
#1096 = DEFINITIONAL_REPRESENTATION('',(#1097),#1101);
#1097 = LINE('',#1098,#1099);
#1098 = CARTESIAN_POINT('',(-14.815,2.59));
#1099 = VECTOR('',#1100,1.);
#1100 = DIRECTION('',(1.,-0.));
#1101 = ( GEOMETRIC_REPRESENTATION_CONTEXT(2) 
PARAMETRIC_REPRESENTATION_CONTEXT() REPRESENTATION_CONTEXT('2D SPACE',''
  ) );
#1102 = ADVANCED_FACE('',(#1103),#520,.F.);
#1103 = FACE_BOUND('',#1104,.T.);
#1104 = EDGE_LOOP('',(#1105,#1106,#1107,#1130));
#1105 = ORIENTED_EDGE('',*,*,#1030,.F.);
#1106 = ORIENTED_EDGE('',*,*,#506,.T.);
#1107 = ORIENTED_EDGE('',*,*,#1108,.T.);
#1108 = EDGE_CURVE('',#484,#1109,#1111,.T.);
#1109 = VERTEX_POINT('',#1110);
#1110 = CARTESIAN_POINT('',(22.03,55.55,1.6));
#1111 = SURFACE_CURVE('',#1112,(#1116,#1123),.PCURVE_S1.);
#1112 = LINE('',#1113,#1114);
#1113 = CARTESIAN_POINT('',(22.03,55.55,-0.1));
#1114 = VECTOR('',#1115,1.);
#1115 = DIRECTION('',(0.,0.,1.));
#1116 = PCURVE('',#520,#1117);
#1117 = DEFINITIONAL_REPRESENTATION('',(#1118),#1122);
#1118 = LINE('',#1119,#1120);
#1119 = CARTESIAN_POINT('',(-0.,-50.56));
#1120 = VECTOR('',#1121,1.);
#1121 = DIRECTION('',(-1.,-0.));
#1122 = ( GEOMETRIC_REPRESENTATION_CONTEXT(2) 
PARAMETRIC_REPRESENTATION_CONTEXT() REPRESENTATION_CONTEXT('2D SPACE',''
  ) );
#1123 = PCURVE('',#606,#1124);
#1124 = DEFINITIONAL_REPRESENTATION('',(#1125),#1129);
#1125 = LINE('',#1126,#1127);
#1126 = CARTESIAN_POINT('',(-0.,75.04));
#1127 = VECTOR('',#1128,1.);
#1128 = DIRECTION('',(-1.,0.));
#1129 = ( GEOMETRIC_REPRESENTATION_CONTEXT(2) 
PARAMETRIC_REPRESENTATION_CONTEXT() REPRESENTATION_CONTEXT('2D SPACE',''
  ) );
#1130 = ORIENTED_EDGE('',*,*,#1131,.F.);
#1131 = EDGE_CURVE('',#1031,#1109,#1132,.T.);
#1132 = SURFACE_CURVE('',#1133,(#1137,#1144),.PCURVE_S1.);
#1133 = LINE('',#1134,#1135);
#1134 = CARTESIAN_POINT('',(22.03,3.695,1.6));
#1135 = VECTOR('',#1136,1.);
#1136 = DIRECTION('',(-0.,1.,-0.));
#1137 = PCURVE('',#520,#1138);
#1138 = DEFINITIONAL_REPRESENTATION('',(#1139),#1143);
#1139 = LINE('',#1140,#1141);
#1140 = CARTESIAN_POINT('',(-1.7,1.295));
#1141 = VECTOR('',#1142,1.);
#1142 = DIRECTION('',(-0.,-1.));
#1143 = ( GEOMETRIC_REPRESENTATION_CONTEXT(2) 
PARAMETRIC_REPRESENTATION_CONTEXT() REPRESENTATION_CONTEXT('2D SPACE',''
  ) );
#1144 = PCURVE('',#1091,#1145);
#1145 = DEFINITIONAL_REPRESENTATION('',(#1146),#1150);
#1146 = LINE('',#1147,#1148);
#1147 = CARTESIAN_POINT('',(-104.67,1.295));
#1148 = VECTOR('',#1149,1.);
#1149 = DIRECTION('',(0.,1.));
#1150 = ( GEOMETRIC_REPRESENTATION_CONTEXT(2) 
PARAMETRIC_REPRESENTATION_CONTEXT() REPRESENTATION_CONTEXT('2D SPACE',''
  ) );
#1151 = ADVANCED_FACE('',(#1152),#574,.T.);
#1152 = FACE_BOUND('',#1153,.F.);
#1153 = EDGE_LOOP('',(#1154,#1155,#1156,#1179));
#1154 = ORIENTED_EDGE('',*,*,#1054,.F.);
#1155 = ORIENTED_EDGE('',*,*,#560,.T.);
#1156 = ORIENTED_EDGE('',*,*,#1157,.T.);
#1157 = EDGE_CURVE('',#538,#1158,#1160,.T.);
#1158 = VERTEX_POINT('',#1159);
#1159 = CARTESIAN_POINT('',(97.07,55.55,1.6));
#1160 = SURFACE_CURVE('',#1161,(#1165,#1172),.PCURVE_S1.);
#1161 = LINE('',#1162,#1163);
#1162 = CARTESIAN_POINT('',(97.07,55.55,-0.1));
#1163 = VECTOR('',#1164,1.);
#1164 = DIRECTION('',(0.,0.,1.));
#1165 = PCURVE('',#574,#1166);
#1166 = DEFINITIONAL_REPRESENTATION('',(#1167),#1171);
#1167 = LINE('',#1168,#1169);
#1168 = CARTESIAN_POINT('',(-0.,-50.56));
#1169 = VECTOR('',#1170,1.);
#1170 = DIRECTION('',(-1.,-0.));
#1171 = ( GEOMETRIC_REPRESENTATION_CONTEXT(2) 
PARAMETRIC_REPRESENTATION_CONTEXT() REPRESENTATION_CONTEXT('2D SPACE',''
  ) );
#1172 = PCURVE('',#606,#1173);
#1173 = DEFINITIONAL_REPRESENTATION('',(#1174),#1178);
#1174 = LINE('',#1175,#1176);
#1175 = CARTESIAN_POINT('',(-0.,-0.));
#1176 = VECTOR('',#1177,1.);
#1177 = DIRECTION('',(-1.,0.));
#1178 = ( GEOMETRIC_REPRESENTATION_CONTEXT(2) 
PARAMETRIC_REPRESENTATION_CONTEXT() REPRESENTATION_CONTEXT('2D SPACE',''
  ) );
#1179 = ORIENTED_EDGE('',*,*,#1180,.F.);
#1180 = EDGE_CURVE('',#1055,#1158,#1181,.T.);
#1181 = SURFACE_CURVE('',#1182,(#1186,#1193),.PCURVE_S1.);
#1182 = LINE('',#1183,#1184);
#1183 = CARTESIAN_POINT('',(97.07,3.695,1.6));
#1184 = VECTOR('',#1185,1.);
#1185 = DIRECTION('',(-0.,1.,-0.));
#1186 = PCURVE('',#574,#1187);
#1187 = DEFINITIONAL_REPRESENTATION('',(#1188),#1192);
#1188 = LINE('',#1189,#1190);
#1189 = CARTESIAN_POINT('',(-1.7,1.295));
#1190 = VECTOR('',#1191,1.);
#1191 = DIRECTION('',(-0.,-1.));
#1192 = ( GEOMETRIC_REPRESENTATION_CONTEXT(2) 
PARAMETRIC_REPRESENTATION_CONTEXT() REPRESENTATION_CONTEXT('2D SPACE',''
  ) );
#1193 = PCURVE('',#1091,#1194);
#1194 = DEFINITIONAL_REPRESENTATION('',(#1195),#1199);
#1195 = LINE('',#1196,#1197);
#1196 = CARTESIAN_POINT('',(-29.63,1.295));
#1197 = VECTOR('',#1198,1.);
#1198 = DIRECTION('',(0.,1.));
#1199 = ( GEOMETRIC_REPRESENTATION_CONTEXT(2) 
PARAMETRIC_REPRESENTATION_CONTEXT() REPRESENTATION_CONTEXT('2D SPACE',''
  ) );
#1200 = ADVANCED_FACE('',(#1201),#606,.F.);
#1201 = FACE_BOUND('',#1202,.T.);
#1202 = EDGE_LOOP('',(#1203,#1204,#1205,#1206));
#1203 = ORIENTED_EDGE('',*,*,#1108,.F.);
#1204 = ORIENTED_EDGE('',*,*,#592,.T.);
#1205 = ORIENTED_EDGE('',*,*,#1157,.T.);
#1206 = ORIENTED_EDGE('',*,*,#1207,.F.);
#1207 = EDGE_CURVE('',#1109,#1158,#1208,.T.);
#1208 = SURFACE_CURVE('',#1209,(#1213,#1220),.PCURVE_S1.);
#1209 = LINE('',#1210,#1211);
#1210 = CARTESIAN_POINT('',(111.885,55.55,1.6));
#1211 = VECTOR('',#1212,1.);
#1212 = DIRECTION('',(1.,-0.,-0.));
#1213 = PCURVE('',#606,#1214);
#1214 = DEFINITIONAL_REPRESENTATION('',(#1215),#1219);
#1215 = LINE('',#1216,#1217);
#1216 = CARTESIAN_POINT('',(-1.7,-14.815));
#1217 = VECTOR('',#1218,1.);
#1218 = DIRECTION('',(-0.,-1.));
#1219 = ( GEOMETRIC_REPRESENTATION_CONTEXT(2) 
PARAMETRIC_REPRESENTATION_CONTEXT() REPRESENTATION_CONTEXT('2D SPACE',''
  ) );
#1220 = PCURVE('',#1091,#1221);
#1221 = DEFINITIONAL_REPRESENTATION('',(#1222),#1226);
#1222 = LINE('',#1223,#1224);
#1223 = CARTESIAN_POINT('',(-14.815,53.15));
#1224 = VECTOR('',#1225,1.);
#1225 = DIRECTION('',(1.,-0.));
#1226 = ( GEOMETRIC_REPRESENTATION_CONTEXT(2) 
PARAMETRIC_REPRESENTATION_CONTEXT() REPRESENTATION_CONTEXT('2D SPACE',''
  ) );
#1227 = ADVANCED_FACE('',(#1228,#1238),#639,.T.);
#1228 = FACE_BOUND('',#1229,.F.);
#1229 = EDGE_LOOP('',(#1230,#1231,#1232,#1233,#1234,#1235,#1236,#1237));
#1230 = ORIENTED_EDGE('',*,*,#621,.F.);
#1231 = ORIENTED_EDGE('',*,*,#721,.T.);
#1232 = ORIENTED_EDGE('',*,*,#803,.T.);
#1233 = ORIENTED_EDGE('',*,*,#901,.F.);
#1234 = ORIENTED_EDGE('',*,*,#1003,.T.);
#1235 = ORIENTED_EDGE('',*,*,#951,.T.);
#1236 = ORIENTED_EDGE('',*,*,#852,.F.);
#1237 = ORIENTED_EDGE('',*,*,#775,.F.);
#1238 = FACE_BOUND('',#1239,.F.);
#1239 = EDGE_LOOP('',(#1240,#1275,#1303,#1336,#1364,#1392,#1420,#1448,
    #1476,#1504,#1532,#1560,#1588,#1621,#1649,#1682,#1710,#1738,#1766,
    #1794,#1822,#1850,#1878,#1906));
#1240 = ORIENTED_EDGE('',*,*,#1241,.F.);
#1241 = EDGE_CURVE('',#1242,#1244,#1246,.T.);
#1242 = VERTEX_POINT('',#1243);
#1243 = CARTESIAN_POINT('',(126.7,5.,7.05));
#1244 = VERTEX_POINT('',#1245);
#1245 = CARTESIAN_POINT('',(124.1,2.4,7.05));
#1246 = SURFACE_CURVE('',#1247,(#1252,#1263),.PCURVE_S1.);
#1247 = CIRCLE('',#1248,2.6);
#1248 = AXIS2_PLACEMENT_3D('',#1249,#1250,#1251);
#1249 = CARTESIAN_POINT('',(124.1,5.,7.05));
#1250 = DIRECTION('',(0.,0.,-1.));
#1251 = DIRECTION('',(1.,-0.,0.));
#1252 = PCURVE('',#639,#1253);
#1253 = DEFINITIONAL_REPRESENTATION('',(#1254),#1262);
#1254 = ( BOUNDED_CURVE() B_SPLINE_CURVE(2,(#1255,#1256,#1257,#1258,
#1259,#1260,#1261),.UNSPECIFIED.,.T.,.F.) B_SPLINE_CURVE_WITH_KNOTS((1,2
    ,2,2,2,1),(-2.094395102393,0.,2.094395102393,4.188790204786,
6.28318530718,8.377580409573),.UNSPECIFIED.) CURVE() 
GEOMETRIC_REPRESENTATION_ITEM() RATIONAL_B_SPLINE_CURVE((1.,0.5,1.,0.5,
1.,0.5,1.)) REPRESENTATION_ITEM('') );
#1255 = CARTESIAN_POINT('',(-2.4,5.));
#1256 = CARTESIAN_POINT('',(-2.4,0.496667900321));
#1257 = CARTESIAN_POINT('',(-6.3,2.74833395016));
#1258 = CARTESIAN_POINT('',(-10.2,5.));
#1259 = CARTESIAN_POINT('',(-6.3,7.25166604984));
#1260 = CARTESIAN_POINT('',(-2.4,9.503332099679));
#1261 = CARTESIAN_POINT('',(-2.4,5.));
#1262 = ( GEOMETRIC_REPRESENTATION_CONTEXT(2) 
PARAMETRIC_REPRESENTATION_CONTEXT() REPRESENTATION_CONTEXT('2D SPACE',''
  ) );
#1263 = PCURVE('',#1264,#1269);
#1264 = CYLINDRICAL_SURFACE('',#1265,2.6);
#1265 = AXIS2_PLACEMENT_3D('',#1266,#1267,#1268);
#1266 = CARTESIAN_POINT('',(124.1,5.,1.6));
#1267 = DIRECTION('',(-0.,-0.,1.));
#1268 = DIRECTION('',(1.,-0.,0.));
#1269 = DEFINITIONAL_REPRESENTATION('',(#1270),#1274);
#1270 = LINE('',#1271,#1272);
#1271 = CARTESIAN_POINT('',(-0.,5.45));
#1272 = VECTOR('',#1273,1.);
#1273 = DIRECTION('',(-1.,0.));
#1274 = ( GEOMETRIC_REPRESENTATION_CONTEXT(2) 
PARAMETRIC_REPRESENTATION_CONTEXT() REPRESENTATION_CONTEXT('2D SPACE',''
  ) );
#1275 = ORIENTED_EDGE('',*,*,#1276,.T.);
#1276 = EDGE_CURVE('',#1242,#1277,#1279,.T.);
#1277 = VERTEX_POINT('',#1278);
#1278 = CARTESIAN_POINT('',(126.7,55.54,7.05));
#1279 = SURFACE_CURVE('',#1280,(#1284,#1291),.PCURVE_S1.);
#1280 = LINE('',#1281,#1282);
#1281 = CARTESIAN_POINT('',(126.7,1.2,7.05));
#1282 = VECTOR('',#1283,1.);
#1283 = DIRECTION('',(-0.,1.,-0.));
#1284 = PCURVE('',#639,#1285);
#1285 = DEFINITIONAL_REPRESENTATION('',(#1286),#1290);
#1286 = LINE('',#1287,#1288);
#1287 = CARTESIAN_POINT('',(-2.4,1.2));
#1288 = VECTOR('',#1289,1.);
#1289 = DIRECTION('',(-0.,1.));
#1290 = ( GEOMETRIC_REPRESENTATION_CONTEXT(2) 
PARAMETRIC_REPRESENTATION_CONTEXT() REPRESENTATION_CONTEXT('2D SPACE',''
  ) );
#1291 = PCURVE('',#1292,#1297);
#1292 = PLANE('',#1293);
#1293 = AXIS2_PLACEMENT_3D('',#1294,#1295,#1296);
#1294 = CARTESIAN_POINT('',(126.7,2.4,1.6));
#1295 = DIRECTION('',(-1.,-0.,0.));
#1296 = DIRECTION('',(0.,0.,-1.));
#1297 = DEFINITIONAL_REPRESENTATION('',(#1298),#1302);
#1298 = LINE('',#1299,#1300);
#1299 = CARTESIAN_POINT('',(-5.45,1.2));
#1300 = VECTOR('',#1301,1.);
#1301 = DIRECTION('',(-0.,-1.));
#1302 = ( GEOMETRIC_REPRESENTATION_CONTEXT(2) 
PARAMETRIC_REPRESENTATION_CONTEXT() REPRESENTATION_CONTEXT('2D SPACE',''
  ) );
#1303 = ORIENTED_EDGE('',*,*,#1304,.F.);
#1304 = EDGE_CURVE('',#1305,#1277,#1307,.T.);
#1305 = VERTEX_POINT('',#1306);
#1306 = CARTESIAN_POINT('',(124.1,58.14,7.05));
#1307 = SURFACE_CURVE('',#1308,(#1313,#1324),.PCURVE_S1.);
#1308 = CIRCLE('',#1309,2.6);
#1309 = AXIS2_PLACEMENT_3D('',#1310,#1311,#1312);
#1310 = CARTESIAN_POINT('',(124.1,55.54,7.05));
#1311 = DIRECTION('',(0.,0.,-1.));
#1312 = DIRECTION('',(1.,-0.,0.));
#1313 = PCURVE('',#639,#1314);
#1314 = DEFINITIONAL_REPRESENTATION('',(#1315),#1323);
#1315 = ( BOUNDED_CURVE() B_SPLINE_CURVE(2,(#1316,#1317,#1318,#1319,
#1320,#1321,#1322),.UNSPECIFIED.,.T.,.F.) B_SPLINE_CURVE_WITH_KNOTS((1,2
    ,2,2,2,1),(-2.094395102393,0.,2.094395102393,4.188790204786,
6.28318530718,8.377580409573),.UNSPECIFIED.) CURVE() 
GEOMETRIC_REPRESENTATION_ITEM() RATIONAL_B_SPLINE_CURVE((1.,0.5,1.,0.5,
1.,0.5,1.)) REPRESENTATION_ITEM('') );
#1316 = CARTESIAN_POINT('',(-2.4,55.54));
#1317 = CARTESIAN_POINT('',(-2.4,51.036667900321));
#1318 = CARTESIAN_POINT('',(-6.3,53.28833395016));
#1319 = CARTESIAN_POINT('',(-10.2,55.54));
#1320 = CARTESIAN_POINT('',(-6.3,57.79166604984));
#1321 = CARTESIAN_POINT('',(-2.4,60.043332099679));
#1322 = CARTESIAN_POINT('',(-2.4,55.54));
#1323 = ( GEOMETRIC_REPRESENTATION_CONTEXT(2) 
PARAMETRIC_REPRESENTATION_CONTEXT() REPRESENTATION_CONTEXT('2D SPACE',''
  ) );
#1324 = PCURVE('',#1325,#1330);
#1325 = CYLINDRICAL_SURFACE('',#1326,2.6);
#1326 = AXIS2_PLACEMENT_3D('',#1327,#1328,#1329);
#1327 = CARTESIAN_POINT('',(124.1,55.54,1.6));
#1328 = DIRECTION('',(-0.,-0.,1.));
#1329 = DIRECTION('',(1.,-0.,0.));
#1330 = DEFINITIONAL_REPRESENTATION('',(#1331),#1335);
#1331 = LINE('',#1332,#1333);
#1332 = CARTESIAN_POINT('',(6.28318530718,5.45));
#1333 = VECTOR('',#1334,1.);
#1334 = DIRECTION('',(-1.,0.));
#1335 = ( GEOMETRIC_REPRESENTATION_CONTEXT(2) 
PARAMETRIC_REPRESENTATION_CONTEXT() REPRESENTATION_CONTEXT('2D SPACE',''
  ) );
#1336 = ORIENTED_EDGE('',*,*,#1337,.F.);
#1337 = EDGE_CURVE('',#1338,#1305,#1340,.T.);
#1338 = VERTEX_POINT('',#1339);
#1339 = CARTESIAN_POINT('',(118.9,58.14,7.05));
#1340 = SURFACE_CURVE('',#1341,(#1345,#1352),.PCURVE_S1.);
#1341 = LINE('',#1342,#1343);
#1342 = CARTESIAN_POINT('',(127.9,58.14,7.05));
#1343 = VECTOR('',#1344,1.);
#1344 = DIRECTION('',(1.,-0.,-0.));
#1345 = PCURVE('',#639,#1346);
#1346 = DEFINITIONAL_REPRESENTATION('',(#1347),#1351);
#1347 = LINE('',#1348,#1349);
#1348 = CARTESIAN_POINT('',(-1.2,58.14));
#1349 = VECTOR('',#1350,1.);
#1350 = DIRECTION('',(1.,-0.));
#1351 = ( GEOMETRIC_REPRESENTATION_CONTEXT(2) 
PARAMETRIC_REPRESENTATION_CONTEXT() REPRESENTATION_CONTEXT('2D SPACE',''
  ) );
#1352 = PCURVE('',#1353,#1358);
#1353 = PLANE('',#1354);
#1354 = AXIS2_PLACEMENT_3D('',#1355,#1356,#1357);
#1355 = CARTESIAN_POINT('',(126.7,58.14,1.6));
#1356 = DIRECTION('',(-0.,1.,0.));
#1357 = DIRECTION('',(0.,0.,-1.));
#1358 = DEFINITIONAL_REPRESENTATION('',(#1359),#1363);
#1359 = LINE('',#1360,#1361);
#1360 = CARTESIAN_POINT('',(-5.45,-1.2));
#1361 = VECTOR('',#1362,1.);
#1362 = DIRECTION('',(-0.,-1.));
#1363 = ( GEOMETRIC_REPRESENTATION_CONTEXT(2) 
PARAMETRIC_REPRESENTATION_CONTEXT() REPRESENTATION_CONTEXT('2D SPACE',''
  ) );
#1364 = ORIENTED_EDGE('',*,*,#1365,.F.);
#1365 = EDGE_CURVE('',#1366,#1338,#1368,.T.);
#1366 = VERTEX_POINT('',#1367);
#1367 = CARTESIAN_POINT('',(118.9,44.14,7.05));
#1368 = SURFACE_CURVE('',#1369,(#1373,#1380),.PCURVE_S1.);
#1369 = LINE('',#1370,#1371);
#1370 = CARTESIAN_POINT('',(118.9,44.14,7.05));
#1371 = VECTOR('',#1372,1.);
#1372 = DIRECTION('',(-0.,1.,0.));
#1373 = PCURVE('',#639,#1374);
#1374 = DEFINITIONAL_REPRESENTATION('',(#1375),#1379);
#1375 = LINE('',#1376,#1377);
#1376 = CARTESIAN_POINT('',(-10.2,44.14));
#1377 = VECTOR('',#1378,1.);
#1378 = DIRECTION('',(0.,1.));
#1379 = ( GEOMETRIC_REPRESENTATION_CONTEXT(2) 
PARAMETRIC_REPRESENTATION_CONTEXT() REPRESENTATION_CONTEXT('2D SPACE',''
  ) );
#1380 = PCURVE('',#1381,#1386);
#1381 = PLANE('',#1382);
#1382 = AXIS2_PLACEMENT_3D('',#1383,#1384,#1385);
#1383 = CARTESIAN_POINT('',(118.9,44.14,1.6));
#1384 = DIRECTION('',(-1.,-0.,0.));
#1385 = DIRECTION('',(0.,0.,-1.));
#1386 = DEFINITIONAL_REPRESENTATION('',(#1387),#1391);
#1387 = LINE('',#1388,#1389);
#1388 = CARTESIAN_POINT('',(-5.45,-0.));
#1389 = VECTOR('',#1390,1.);
#1390 = DIRECTION('',(-0.,-1.));
#1391 = ( GEOMETRIC_REPRESENTATION_CONTEXT(2) 
PARAMETRIC_REPRESENTATION_CONTEXT() REPRESENTATION_CONTEXT('2D SPACE',''
  ) );
#1392 = ORIENTED_EDGE('',*,*,#1393,.T.);
#1393 = EDGE_CURVE('',#1366,#1394,#1396,.T.);
#1394 = VERTEX_POINT('',#1395);
#1395 = CARTESIAN_POINT('',(117.7,44.14,7.05));
#1396 = SURFACE_CURVE('',#1397,(#1401,#1408),.PCURVE_S1.);
#1397 = LINE('',#1398,#1399);
#1398 = CARTESIAN_POINT('',(118.9,44.14,7.05));
#1399 = VECTOR('',#1400,1.);
#1400 = DIRECTION('',(-1.,-0.,0.));
#1401 = PCURVE('',#639,#1402);
#1402 = DEFINITIONAL_REPRESENTATION('',(#1403),#1407);
#1403 = LINE('',#1404,#1405);
#1404 = CARTESIAN_POINT('',(-10.2,44.14));
#1405 = VECTOR('',#1406,1.);
#1406 = DIRECTION('',(-1.,0.));
#1407 = ( GEOMETRIC_REPRESENTATION_CONTEXT(2) 
PARAMETRIC_REPRESENTATION_CONTEXT() REPRESENTATION_CONTEXT('2D SPACE',''
  ) );
#1408 = PCURVE('',#1409,#1414);
#1409 = PLANE('',#1410);
#1410 = AXIS2_PLACEMENT_3D('',#1411,#1412,#1413);
#1411 = CARTESIAN_POINT('',(118.9,44.14,1.6));
#1412 = DIRECTION('',(-0.,1.,0.));
#1413 = DIRECTION('',(0.,0.,-1.));
#1414 = DEFINITIONAL_REPRESENTATION('',(#1415),#1419);
#1415 = LINE('',#1416,#1417);
#1416 = CARTESIAN_POINT('',(-5.45,-0.));
#1417 = VECTOR('',#1418,1.);
#1418 = DIRECTION('',(-0.,1.));
#1419 = ( GEOMETRIC_REPRESENTATION_CONTEXT(2) 
PARAMETRIC_REPRESENTATION_CONTEXT() REPRESENTATION_CONTEXT('2D SPACE',''
  ) );
#1420 = ORIENTED_EDGE('',*,*,#1421,.T.);
#1421 = EDGE_CURVE('',#1394,#1422,#1424,.T.);
#1422 = VERTEX_POINT('',#1423);
#1423 = CARTESIAN_POINT('',(117.7,58.14,7.05));
#1424 = SURFACE_CURVE('',#1425,(#1429,#1436),.PCURVE_S1.);
#1425 = LINE('',#1426,#1427);
#1426 = CARTESIAN_POINT('',(117.7,44.14,7.05));
#1427 = VECTOR('',#1428,1.);
#1428 = DIRECTION('',(-0.,1.,0.));
#1429 = PCURVE('',#639,#1430);
#1430 = DEFINITIONAL_REPRESENTATION('',(#1431),#1435);
#1431 = LINE('',#1432,#1433);
#1432 = CARTESIAN_POINT('',(-11.4,44.14));
#1433 = VECTOR('',#1434,1.);
#1434 = DIRECTION('',(0.,1.));
#1435 = ( GEOMETRIC_REPRESENTATION_CONTEXT(2) 
PARAMETRIC_REPRESENTATION_CONTEXT() REPRESENTATION_CONTEXT('2D SPACE',''
  ) );
#1436 = PCURVE('',#1437,#1442);
#1437 = PLANE('',#1438);
#1438 = AXIS2_PLACEMENT_3D('',#1439,#1440,#1441);
#1439 = CARTESIAN_POINT('',(117.7,44.14,1.6));
#1440 = DIRECTION('',(-1.,-0.,0.));
#1441 = DIRECTION('',(0.,0.,-1.));
#1442 = DEFINITIONAL_REPRESENTATION('',(#1443),#1447);
#1443 = LINE('',#1444,#1445);
#1444 = CARTESIAN_POINT('',(-5.45,-0.));
#1445 = VECTOR('',#1446,1.);
#1446 = DIRECTION('',(-0.,-1.));
#1447 = ( GEOMETRIC_REPRESENTATION_CONTEXT(2) 
PARAMETRIC_REPRESENTATION_CONTEXT() REPRESENTATION_CONTEXT('2D SPACE',''
  ) );
#1448 = ORIENTED_EDGE('',*,*,#1449,.F.);
#1449 = EDGE_CURVE('',#1450,#1422,#1452,.T.);
#1450 = VERTEX_POINT('',#1451);
#1451 = CARTESIAN_POINT('',(16.4,58.14,7.05));
#1452 = SURFACE_CURVE('',#1453,(#1457,#1464),.PCURVE_S1.);
#1453 = LINE('',#1454,#1455);
#1454 = CARTESIAN_POINT('',(127.9,58.14,7.05));
#1455 = VECTOR('',#1456,1.);
#1456 = DIRECTION('',(1.,-0.,-0.));
#1457 = PCURVE('',#639,#1458);
#1458 = DEFINITIONAL_REPRESENTATION('',(#1459),#1463);
#1459 = LINE('',#1460,#1461);
#1460 = CARTESIAN_POINT('',(-1.2,58.14));
#1461 = VECTOR('',#1462,1.);
#1462 = DIRECTION('',(1.,-0.));
#1463 = ( GEOMETRIC_REPRESENTATION_CONTEXT(2) 
PARAMETRIC_REPRESENTATION_CONTEXT() REPRESENTATION_CONTEXT('2D SPACE',''
  ) );
#1464 = PCURVE('',#1465,#1470);
#1465 = PLANE('',#1466);
#1466 = AXIS2_PLACEMENT_3D('',#1467,#1468,#1469);
#1467 = CARTESIAN_POINT('',(126.7,58.14,1.6));
#1468 = DIRECTION('',(-0.,1.,0.));
#1469 = DIRECTION('',(0.,0.,-1.));
#1470 = DEFINITIONAL_REPRESENTATION('',(#1471),#1475);
#1471 = LINE('',#1472,#1473);
#1472 = CARTESIAN_POINT('',(-5.45,-1.2));
#1473 = VECTOR('',#1474,1.);
#1474 = DIRECTION('',(-0.,-1.));
#1475 = ( GEOMETRIC_REPRESENTATION_CONTEXT(2) 
PARAMETRIC_REPRESENTATION_CONTEXT() REPRESENTATION_CONTEXT('2D SPACE',''
  ) );
#1476 = ORIENTED_EDGE('',*,*,#1477,.F.);
#1477 = EDGE_CURVE('',#1478,#1450,#1480,.T.);
#1478 = VERTEX_POINT('',#1479);
#1479 = CARTESIAN_POINT('',(16.4,44.14,7.05));
#1480 = SURFACE_CURVE('',#1481,(#1485,#1492),.PCURVE_S1.);
#1481 = LINE('',#1482,#1483);
#1482 = CARTESIAN_POINT('',(16.4,44.14,7.05));
#1483 = VECTOR('',#1484,1.);
#1484 = DIRECTION('',(-0.,1.,0.));
#1485 = PCURVE('',#639,#1486);
#1486 = DEFINITIONAL_REPRESENTATION('',(#1487),#1491);
#1487 = LINE('',#1488,#1489);
#1488 = CARTESIAN_POINT('',(-112.7,44.14));
#1489 = VECTOR('',#1490,1.);
#1490 = DIRECTION('',(0.,1.));
#1491 = ( GEOMETRIC_REPRESENTATION_CONTEXT(2) 
PARAMETRIC_REPRESENTATION_CONTEXT() REPRESENTATION_CONTEXT('2D SPACE',''
  ) );
#1492 = PCURVE('',#1493,#1498);
#1493 = PLANE('',#1494);
#1494 = AXIS2_PLACEMENT_3D('',#1495,#1496,#1497);
#1495 = CARTESIAN_POINT('',(16.4,44.14,1.6));
#1496 = DIRECTION('',(-1.,-0.,0.));
#1497 = DIRECTION('',(0.,0.,-1.));
#1498 = DEFINITIONAL_REPRESENTATION('',(#1499),#1503);
#1499 = LINE('',#1500,#1501);
#1500 = CARTESIAN_POINT('',(-5.45,-0.));
#1501 = VECTOR('',#1502,1.);
#1502 = DIRECTION('',(-0.,-1.));
#1503 = ( GEOMETRIC_REPRESENTATION_CONTEXT(2) 
PARAMETRIC_REPRESENTATION_CONTEXT() REPRESENTATION_CONTEXT('2D SPACE',''
  ) );
#1504 = ORIENTED_EDGE('',*,*,#1505,.T.);
#1505 = EDGE_CURVE('',#1478,#1506,#1508,.T.);
#1506 = VERTEX_POINT('',#1507);
#1507 = CARTESIAN_POINT('',(15.2,44.14,7.05));
#1508 = SURFACE_CURVE('',#1509,(#1513,#1520),.PCURVE_S1.);
#1509 = LINE('',#1510,#1511);
#1510 = CARTESIAN_POINT('',(16.4,44.14,7.05));
#1511 = VECTOR('',#1512,1.);
#1512 = DIRECTION('',(-1.,-0.,0.));
#1513 = PCURVE('',#639,#1514);
#1514 = DEFINITIONAL_REPRESENTATION('',(#1515),#1519);
#1515 = LINE('',#1516,#1517);
#1516 = CARTESIAN_POINT('',(-112.7,44.14));
#1517 = VECTOR('',#1518,1.);
#1518 = DIRECTION('',(-1.,0.));
#1519 = ( GEOMETRIC_REPRESENTATION_CONTEXT(2) 
PARAMETRIC_REPRESENTATION_CONTEXT() REPRESENTATION_CONTEXT('2D SPACE',''
  ) );
#1520 = PCURVE('',#1521,#1526);
#1521 = PLANE('',#1522);
#1522 = AXIS2_PLACEMENT_3D('',#1523,#1524,#1525);
#1523 = CARTESIAN_POINT('',(16.4,44.14,1.6));
#1524 = DIRECTION('',(-0.,1.,0.));
#1525 = DIRECTION('',(0.,0.,-1.));
#1526 = DEFINITIONAL_REPRESENTATION('',(#1527),#1531);
#1527 = LINE('',#1528,#1529);
#1528 = CARTESIAN_POINT('',(-5.45,-0.));
#1529 = VECTOR('',#1530,1.);
#1530 = DIRECTION('',(-0.,1.));
#1531 = ( GEOMETRIC_REPRESENTATION_CONTEXT(2) 
PARAMETRIC_REPRESENTATION_CONTEXT() REPRESENTATION_CONTEXT('2D SPACE',''
  ) );
#1532 = ORIENTED_EDGE('',*,*,#1533,.T.);
#1533 = EDGE_CURVE('',#1506,#1534,#1536,.T.);
#1534 = VERTEX_POINT('',#1535);
#1535 = CARTESIAN_POINT('',(15.2,58.14,7.05));
#1536 = SURFACE_CURVE('',#1537,(#1541,#1548),.PCURVE_S1.);
#1537 = LINE('',#1538,#1539);
#1538 = CARTESIAN_POINT('',(15.2,44.14,7.05));
#1539 = VECTOR('',#1540,1.);
#1540 = DIRECTION('',(-0.,1.,0.));
#1541 = PCURVE('',#639,#1542);
#1542 = DEFINITIONAL_REPRESENTATION('',(#1543),#1547);
#1543 = LINE('',#1544,#1545);
#1544 = CARTESIAN_POINT('',(-113.9,44.14));
#1545 = VECTOR('',#1546,1.);
#1546 = DIRECTION('',(0.,1.));
#1547 = ( GEOMETRIC_REPRESENTATION_CONTEXT(2) 
PARAMETRIC_REPRESENTATION_CONTEXT() REPRESENTATION_CONTEXT('2D SPACE',''
  ) );
#1548 = PCURVE('',#1549,#1554);
#1549 = PLANE('',#1550);
#1550 = AXIS2_PLACEMENT_3D('',#1551,#1552,#1553);
#1551 = CARTESIAN_POINT('',(15.2,44.14,1.6));
#1552 = DIRECTION('',(-1.,-0.,0.));
#1553 = DIRECTION('',(0.,0.,-1.));
#1554 = DEFINITIONAL_REPRESENTATION('',(#1555),#1559);
#1555 = LINE('',#1556,#1557);
#1556 = CARTESIAN_POINT('',(-5.45,-0.));
#1557 = VECTOR('',#1558,1.);
#1558 = DIRECTION('',(-0.,-1.));
#1559 = ( GEOMETRIC_REPRESENTATION_CONTEXT(2) 
PARAMETRIC_REPRESENTATION_CONTEXT() REPRESENTATION_CONTEXT('2D SPACE',''
  ) );
#1560 = ORIENTED_EDGE('',*,*,#1561,.F.);
#1561 = EDGE_CURVE('',#1562,#1534,#1564,.T.);
#1562 = VERTEX_POINT('',#1563);
#1563 = CARTESIAN_POINT('',(5.,58.14,7.05));
#1564 = SURFACE_CURVE('',#1565,(#1569,#1576),.PCURVE_S1.);
#1565 = LINE('',#1566,#1567);
#1566 = CARTESIAN_POINT('',(127.9,58.14,7.05));
#1567 = VECTOR('',#1568,1.);
#1568 = DIRECTION('',(1.,-0.,-0.));
#1569 = PCURVE('',#639,#1570);
#1570 = DEFINITIONAL_REPRESENTATION('',(#1571),#1575);
#1571 = LINE('',#1572,#1573);
#1572 = CARTESIAN_POINT('',(-1.2,58.14));
#1573 = VECTOR('',#1574,1.);
#1574 = DIRECTION('',(1.,-0.));
#1575 = ( GEOMETRIC_REPRESENTATION_CONTEXT(2) 
PARAMETRIC_REPRESENTATION_CONTEXT() REPRESENTATION_CONTEXT('2D SPACE',''
  ) );
#1576 = PCURVE('',#1577,#1582);
#1577 = PLANE('',#1578);
#1578 = AXIS2_PLACEMENT_3D('',#1579,#1580,#1581);
#1579 = CARTESIAN_POINT('',(126.7,58.14,1.6));
#1580 = DIRECTION('',(-0.,1.,0.));
#1581 = DIRECTION('',(0.,0.,-1.));
#1582 = DEFINITIONAL_REPRESENTATION('',(#1583),#1587);
#1583 = LINE('',#1584,#1585);
#1584 = CARTESIAN_POINT('',(-5.45,-1.2));
#1585 = VECTOR('',#1586,1.);
#1586 = DIRECTION('',(-0.,-1.));
#1587 = ( GEOMETRIC_REPRESENTATION_CONTEXT(2) 
PARAMETRIC_REPRESENTATION_CONTEXT() REPRESENTATION_CONTEXT('2D SPACE',''
  ) );
#1588 = ORIENTED_EDGE('',*,*,#1589,.F.);
#1589 = EDGE_CURVE('',#1590,#1562,#1592,.T.);
#1590 = VERTEX_POINT('',#1591);
#1591 = CARTESIAN_POINT('',(2.4,55.54,7.05));
#1592 = SURFACE_CURVE('',#1593,(#1598,#1609),.PCURVE_S1.);
#1593 = CIRCLE('',#1594,2.6);
#1594 = AXIS2_PLACEMENT_3D('',#1595,#1596,#1597);
#1595 = CARTESIAN_POINT('',(5.,55.54,7.05));
#1596 = DIRECTION('',(0.,0.,-1.));
#1597 = DIRECTION('',(-1.,-0.,-0.));
#1598 = PCURVE('',#639,#1599);
#1599 = DEFINITIONAL_REPRESENTATION('',(#1600),#1608);
#1600 = ( BOUNDED_CURVE() B_SPLINE_CURVE(2,(#1601,#1602,#1603,#1604,
#1605,#1606,#1607),.UNSPECIFIED.,.T.,.F.) B_SPLINE_CURVE_WITH_KNOTS((1,2
    ,2,2,2,1),(-2.094395102393,0.,2.094395102393,4.188790204786,
6.28318530718,8.377580409573),.UNSPECIFIED.) CURVE() 
GEOMETRIC_REPRESENTATION_ITEM() RATIONAL_B_SPLINE_CURVE((1.,0.5,1.,0.5,
1.,0.5,1.)) REPRESENTATION_ITEM('') );
#1601 = CARTESIAN_POINT('',(-126.7,55.54));
#1602 = CARTESIAN_POINT('',(-126.7,60.043332099679));
#1603 = CARTESIAN_POINT('',(-122.8,57.79166604984));
#1604 = CARTESIAN_POINT('',(-118.9,55.54));
#1605 = CARTESIAN_POINT('',(-122.8,53.28833395016));
#1606 = CARTESIAN_POINT('',(-126.7,51.036667900321));
#1607 = CARTESIAN_POINT('',(-126.7,55.54));
#1608 = ( GEOMETRIC_REPRESENTATION_CONTEXT(2) 
PARAMETRIC_REPRESENTATION_CONTEXT() REPRESENTATION_CONTEXT('2D SPACE',''
  ) );
#1609 = PCURVE('',#1610,#1615);
#1610 = CYLINDRICAL_SURFACE('',#1611,2.6);
#1611 = AXIS2_PLACEMENT_3D('',#1612,#1613,#1614);
#1612 = CARTESIAN_POINT('',(5.,55.54,1.6));
#1613 = DIRECTION('',(-0.,-0.,1.));
#1614 = DIRECTION('',(-1.,-0.,-0.));
#1615 = DEFINITIONAL_REPRESENTATION('',(#1616),#1620);
#1616 = LINE('',#1617,#1618);
#1617 = CARTESIAN_POINT('',(-0.,5.45));
#1618 = VECTOR('',#1619,1.);
#1619 = DIRECTION('',(-1.,0.));
#1620 = ( GEOMETRIC_REPRESENTATION_CONTEXT(2) 
PARAMETRIC_REPRESENTATION_CONTEXT() REPRESENTATION_CONTEXT('2D SPACE',''
  ) );
#1621 = ORIENTED_EDGE('',*,*,#1622,.F.);
#1622 = EDGE_CURVE('',#1623,#1590,#1625,.T.);
#1623 = VERTEX_POINT('',#1624);
#1624 = CARTESIAN_POINT('',(2.4,5.,7.05));
#1625 = SURFACE_CURVE('',#1626,(#1630,#1637),.PCURVE_S1.);
#1626 = LINE('',#1627,#1628);
#1627 = CARTESIAN_POINT('',(2.4,1.2,7.05));
#1628 = VECTOR('',#1629,1.);
#1629 = DIRECTION('',(-0.,1.,-0.));
#1630 = PCURVE('',#639,#1631);
#1631 = DEFINITIONAL_REPRESENTATION('',(#1632),#1636);
#1632 = LINE('',#1633,#1634);
#1633 = CARTESIAN_POINT('',(-126.7,1.2));
#1634 = VECTOR('',#1635,1.);
#1635 = DIRECTION('',(-0.,1.));
#1636 = ( GEOMETRIC_REPRESENTATION_CONTEXT(2) 
PARAMETRIC_REPRESENTATION_CONTEXT() REPRESENTATION_CONTEXT('2D SPACE',''
  ) );
#1637 = PCURVE('',#1638,#1643);
#1638 = PLANE('',#1639);
#1639 = AXIS2_PLACEMENT_3D('',#1640,#1641,#1642);
#1640 = CARTESIAN_POINT('',(2.4,2.4,1.6));
#1641 = DIRECTION('',(-1.,-0.,0.));
#1642 = DIRECTION('',(0.,0.,-1.));
#1643 = DEFINITIONAL_REPRESENTATION('',(#1644),#1648);
#1644 = LINE('',#1645,#1646);
#1645 = CARTESIAN_POINT('',(-5.45,1.2));
#1646 = VECTOR('',#1647,1.);
#1647 = DIRECTION('',(-0.,-1.));
#1648 = ( GEOMETRIC_REPRESENTATION_CONTEXT(2) 
PARAMETRIC_REPRESENTATION_CONTEXT() REPRESENTATION_CONTEXT('2D SPACE',''
  ) );
#1649 = ORIENTED_EDGE('',*,*,#1650,.F.);
#1650 = EDGE_CURVE('',#1651,#1623,#1653,.T.);
#1651 = VERTEX_POINT('',#1652);
#1652 = CARTESIAN_POINT('',(5.,2.4,7.05));
#1653 = SURFACE_CURVE('',#1654,(#1659,#1670),.PCURVE_S1.);
#1654 = CIRCLE('',#1655,2.6);
#1655 = AXIS2_PLACEMENT_3D('',#1656,#1657,#1658);
#1656 = CARTESIAN_POINT('',(5.,5.,7.05));
#1657 = DIRECTION('',(0.,0.,-1.));
#1658 = DIRECTION('',(-1.,-0.,-0.));
#1659 = PCURVE('',#639,#1660);
#1660 = DEFINITIONAL_REPRESENTATION('',(#1661),#1669);
#1661 = ( BOUNDED_CURVE() B_SPLINE_CURVE(2,(#1662,#1663,#1664,#1665,
#1666,#1667,#1668),.UNSPECIFIED.,.T.,.F.) B_SPLINE_CURVE_WITH_KNOTS((1,2
    ,2,2,2,1),(-2.094395102393,0.,2.094395102393,4.188790204786,
6.28318530718,8.377580409573),.UNSPECIFIED.) CURVE() 
GEOMETRIC_REPRESENTATION_ITEM() RATIONAL_B_SPLINE_CURVE((1.,0.5,1.,0.5,
1.,0.5,1.)) REPRESENTATION_ITEM('') );
#1662 = CARTESIAN_POINT('',(-126.7,5.));
#1663 = CARTESIAN_POINT('',(-126.7,9.503332099679));
#1664 = CARTESIAN_POINT('',(-122.8,7.25166604984));
#1665 = CARTESIAN_POINT('',(-118.9,5.));
#1666 = CARTESIAN_POINT('',(-122.8,2.74833395016));
#1667 = CARTESIAN_POINT('',(-126.7,0.496667900321));
#1668 = CARTESIAN_POINT('',(-126.7,5.));
#1669 = ( GEOMETRIC_REPRESENTATION_CONTEXT(2) 
PARAMETRIC_REPRESENTATION_CONTEXT() REPRESENTATION_CONTEXT('2D SPACE',''
  ) );
#1670 = PCURVE('',#1671,#1676);
#1671 = CYLINDRICAL_SURFACE('',#1672,2.6);
#1672 = AXIS2_PLACEMENT_3D('',#1673,#1674,#1675);
#1673 = CARTESIAN_POINT('',(5.,5.,1.6));
#1674 = DIRECTION('',(-0.,-0.,1.));
#1675 = DIRECTION('',(-1.,-0.,-0.));
#1676 = DEFINITIONAL_REPRESENTATION('',(#1677),#1681);
#1677 = LINE('',#1678,#1679);
#1678 = CARTESIAN_POINT('',(6.28318530718,5.45));
#1679 = VECTOR('',#1680,1.);
#1680 = DIRECTION('',(-1.,0.));
#1681 = ( GEOMETRIC_REPRESENTATION_CONTEXT(2) 
PARAMETRIC_REPRESENTATION_CONTEXT() REPRESENTATION_CONTEXT('2D SPACE',''
  ) );
#1682 = ORIENTED_EDGE('',*,*,#1683,.T.);
#1683 = EDGE_CURVE('',#1651,#1684,#1686,.T.);
#1684 = VERTEX_POINT('',#1685);
#1685 = CARTESIAN_POINT('',(15.2,2.4,7.05));
#1686 = SURFACE_CURVE('',#1687,(#1691,#1698),.PCURVE_S1.);
#1687 = LINE('',#1688,#1689);
#1688 = CARTESIAN_POINT('',(127.9,2.4,7.05));
#1689 = VECTOR('',#1690,1.);
#1690 = DIRECTION('',(1.,-0.,-0.));
#1691 = PCURVE('',#639,#1692);
#1692 = DEFINITIONAL_REPRESENTATION('',(#1693),#1697);
#1693 = LINE('',#1694,#1695);
#1694 = CARTESIAN_POINT('',(-1.2,2.4));
#1695 = VECTOR('',#1696,1.);
#1696 = DIRECTION('',(1.,-0.));
#1697 = ( GEOMETRIC_REPRESENTATION_CONTEXT(2) 
PARAMETRIC_REPRESENTATION_CONTEXT() REPRESENTATION_CONTEXT('2D SPACE',''
  ) );
#1698 = PCURVE('',#1699,#1704);
#1699 = PLANE('',#1700);
#1700 = AXIS2_PLACEMENT_3D('',#1701,#1702,#1703);
#1701 = CARTESIAN_POINT('',(126.7,2.4,1.6));
#1702 = DIRECTION('',(-0.,1.,0.));
#1703 = DIRECTION('',(0.,0.,-1.));
#1704 = DEFINITIONAL_REPRESENTATION('',(#1705),#1709);
#1705 = LINE('',#1706,#1707);
#1706 = CARTESIAN_POINT('',(-5.45,-1.2));
#1707 = VECTOR('',#1708,1.);
#1708 = DIRECTION('',(-0.,-1.));
#1709 = ( GEOMETRIC_REPRESENTATION_CONTEXT(2) 
PARAMETRIC_REPRESENTATION_CONTEXT() REPRESENTATION_CONTEXT('2D SPACE',''
  ) );
#1710 = ORIENTED_EDGE('',*,*,#1711,.T.);
#1711 = EDGE_CURVE('',#1684,#1712,#1714,.T.);
#1712 = VERTEX_POINT('',#1713);
#1713 = CARTESIAN_POINT('',(15.2,16.4,7.05));
#1714 = SURFACE_CURVE('',#1715,(#1719,#1726),.PCURVE_S1.);
#1715 = LINE('',#1716,#1717);
#1716 = CARTESIAN_POINT('',(15.2,2.4,7.05));
#1717 = VECTOR('',#1718,1.);
#1718 = DIRECTION('',(-0.,1.,0.));
#1719 = PCURVE('',#639,#1720);
#1720 = DEFINITIONAL_REPRESENTATION('',(#1721),#1725);
#1721 = LINE('',#1722,#1723);
#1722 = CARTESIAN_POINT('',(-113.9,2.4));
#1723 = VECTOR('',#1724,1.);
#1724 = DIRECTION('',(0.,1.));
#1725 = ( GEOMETRIC_REPRESENTATION_CONTEXT(2) 
PARAMETRIC_REPRESENTATION_CONTEXT() REPRESENTATION_CONTEXT('2D SPACE',''
  ) );
#1726 = PCURVE('',#1727,#1732);
#1727 = PLANE('',#1728);
#1728 = AXIS2_PLACEMENT_3D('',#1729,#1730,#1731);
#1729 = CARTESIAN_POINT('',(15.2,2.4,1.6));
#1730 = DIRECTION('',(-1.,-0.,0.));
#1731 = DIRECTION('',(0.,0.,-1.));
#1732 = DEFINITIONAL_REPRESENTATION('',(#1733),#1737);
#1733 = LINE('',#1734,#1735);
#1734 = CARTESIAN_POINT('',(-5.45,-0.));
#1735 = VECTOR('',#1736,1.);
#1736 = DIRECTION('',(-0.,-1.));
#1737 = ( GEOMETRIC_REPRESENTATION_CONTEXT(2) 
PARAMETRIC_REPRESENTATION_CONTEXT() REPRESENTATION_CONTEXT('2D SPACE',''
  ) );
#1738 = ORIENTED_EDGE('',*,*,#1739,.F.);
#1739 = EDGE_CURVE('',#1740,#1712,#1742,.T.);
#1740 = VERTEX_POINT('',#1741);
#1741 = CARTESIAN_POINT('',(16.4,16.4,7.05));
#1742 = SURFACE_CURVE('',#1743,(#1747,#1754),.PCURVE_S1.);
#1743 = LINE('',#1744,#1745);
#1744 = CARTESIAN_POINT('',(16.4,16.4,7.05));
#1745 = VECTOR('',#1746,1.);
#1746 = DIRECTION('',(-1.,-0.,0.));
#1747 = PCURVE('',#639,#1748);
#1748 = DEFINITIONAL_REPRESENTATION('',(#1749),#1753);
#1749 = LINE('',#1750,#1751);
#1750 = CARTESIAN_POINT('',(-112.7,16.4));
#1751 = VECTOR('',#1752,1.);
#1752 = DIRECTION('',(-1.,0.));
#1753 = ( GEOMETRIC_REPRESENTATION_CONTEXT(2) 
PARAMETRIC_REPRESENTATION_CONTEXT() REPRESENTATION_CONTEXT('2D SPACE',''
  ) );
#1754 = PCURVE('',#1755,#1760);
#1755 = PLANE('',#1756);
#1756 = AXIS2_PLACEMENT_3D('',#1757,#1758,#1759);
#1757 = CARTESIAN_POINT('',(16.4,16.4,1.6));
#1758 = DIRECTION('',(-0.,1.,0.));
#1759 = DIRECTION('',(0.,0.,-1.));
#1760 = DEFINITIONAL_REPRESENTATION('',(#1761),#1765);
#1761 = LINE('',#1762,#1763);
#1762 = CARTESIAN_POINT('',(-5.45,-0.));
#1763 = VECTOR('',#1764,1.);
#1764 = DIRECTION('',(-0.,1.));
#1765 = ( GEOMETRIC_REPRESENTATION_CONTEXT(2) 
PARAMETRIC_REPRESENTATION_CONTEXT() REPRESENTATION_CONTEXT('2D SPACE',''
  ) );
#1766 = ORIENTED_EDGE('',*,*,#1767,.F.);
#1767 = EDGE_CURVE('',#1768,#1740,#1770,.T.);
#1768 = VERTEX_POINT('',#1769);
#1769 = CARTESIAN_POINT('',(16.4,2.4,7.05));
#1770 = SURFACE_CURVE('',#1771,(#1775,#1782),.PCURVE_S1.);
#1771 = LINE('',#1772,#1773);
#1772 = CARTESIAN_POINT('',(16.4,2.4,7.05));
#1773 = VECTOR('',#1774,1.);
#1774 = DIRECTION('',(-0.,1.,0.));
#1775 = PCURVE('',#639,#1776);
#1776 = DEFINITIONAL_REPRESENTATION('',(#1777),#1781);
#1777 = LINE('',#1778,#1779);
#1778 = CARTESIAN_POINT('',(-112.7,2.4));
#1779 = VECTOR('',#1780,1.);
#1780 = DIRECTION('',(0.,1.));
#1781 = ( GEOMETRIC_REPRESENTATION_CONTEXT(2) 
PARAMETRIC_REPRESENTATION_CONTEXT() REPRESENTATION_CONTEXT('2D SPACE',''
  ) );
#1782 = PCURVE('',#1783,#1788);
#1783 = PLANE('',#1784);
#1784 = AXIS2_PLACEMENT_3D('',#1785,#1786,#1787);
#1785 = CARTESIAN_POINT('',(16.4,2.4,1.6));
#1786 = DIRECTION('',(-1.,-0.,0.));
#1787 = DIRECTION('',(0.,0.,-1.));
#1788 = DEFINITIONAL_REPRESENTATION('',(#1789),#1793);
#1789 = LINE('',#1790,#1791);
#1790 = CARTESIAN_POINT('',(-5.45,-0.));
#1791 = VECTOR('',#1792,1.);
#1792 = DIRECTION('',(-0.,-1.));
#1793 = ( GEOMETRIC_REPRESENTATION_CONTEXT(2) 
PARAMETRIC_REPRESENTATION_CONTEXT() REPRESENTATION_CONTEXT('2D SPACE',''
  ) );
#1794 = ORIENTED_EDGE('',*,*,#1795,.T.);
#1795 = EDGE_CURVE('',#1768,#1796,#1798,.T.);
#1796 = VERTEX_POINT('',#1797);
#1797 = CARTESIAN_POINT('',(117.7,2.4,7.05));
#1798 = SURFACE_CURVE('',#1799,(#1803,#1810),.PCURVE_S1.);
#1799 = LINE('',#1800,#1801);
#1800 = CARTESIAN_POINT('',(127.9,2.4,7.05));
#1801 = VECTOR('',#1802,1.);
#1802 = DIRECTION('',(1.,-0.,-0.));
#1803 = PCURVE('',#639,#1804);
#1804 = DEFINITIONAL_REPRESENTATION('',(#1805),#1809);
#1805 = LINE('',#1806,#1807);
#1806 = CARTESIAN_POINT('',(-1.2,2.4));
#1807 = VECTOR('',#1808,1.);
#1808 = DIRECTION('',(1.,-0.));
#1809 = ( GEOMETRIC_REPRESENTATION_CONTEXT(2) 
PARAMETRIC_REPRESENTATION_CONTEXT() REPRESENTATION_CONTEXT('2D SPACE',''
  ) );
#1810 = PCURVE('',#1811,#1816);
#1811 = PLANE('',#1812);
#1812 = AXIS2_PLACEMENT_3D('',#1813,#1814,#1815);
#1813 = CARTESIAN_POINT('',(126.7,2.4,1.6));
#1814 = DIRECTION('',(-0.,1.,0.));
#1815 = DIRECTION('',(0.,0.,-1.));
#1816 = DEFINITIONAL_REPRESENTATION('',(#1817),#1821);
#1817 = LINE('',#1818,#1819);
#1818 = CARTESIAN_POINT('',(-5.45,-1.2));
#1819 = VECTOR('',#1820,1.);
#1820 = DIRECTION('',(-0.,-1.));
#1821 = ( GEOMETRIC_REPRESENTATION_CONTEXT(2) 
PARAMETRIC_REPRESENTATION_CONTEXT() REPRESENTATION_CONTEXT('2D SPACE',''
  ) );
#1822 = ORIENTED_EDGE('',*,*,#1823,.T.);
#1823 = EDGE_CURVE('',#1796,#1824,#1826,.T.);
#1824 = VERTEX_POINT('',#1825);
#1825 = CARTESIAN_POINT('',(117.7,16.4,7.05));
#1826 = SURFACE_CURVE('',#1827,(#1831,#1838),.PCURVE_S1.);
#1827 = LINE('',#1828,#1829);
#1828 = CARTESIAN_POINT('',(117.7,2.4,7.05));
#1829 = VECTOR('',#1830,1.);
#1830 = DIRECTION('',(-0.,1.,0.));
#1831 = PCURVE('',#639,#1832);
#1832 = DEFINITIONAL_REPRESENTATION('',(#1833),#1837);
#1833 = LINE('',#1834,#1835);
#1834 = CARTESIAN_POINT('',(-11.4,2.4));
#1835 = VECTOR('',#1836,1.);
#1836 = DIRECTION('',(0.,1.));
#1837 = ( GEOMETRIC_REPRESENTATION_CONTEXT(2) 
PARAMETRIC_REPRESENTATION_CONTEXT() REPRESENTATION_CONTEXT('2D SPACE',''
  ) );
#1838 = PCURVE('',#1839,#1844);
#1839 = PLANE('',#1840);
#1840 = AXIS2_PLACEMENT_3D('',#1841,#1842,#1843);
#1841 = CARTESIAN_POINT('',(117.7,2.4,1.6));
#1842 = DIRECTION('',(-1.,-0.,0.));
#1843 = DIRECTION('',(0.,0.,-1.));
#1844 = DEFINITIONAL_REPRESENTATION('',(#1845),#1849);
#1845 = LINE('',#1846,#1847);
#1846 = CARTESIAN_POINT('',(-5.45,-0.));
#1847 = VECTOR('',#1848,1.);
#1848 = DIRECTION('',(-0.,-1.));
#1849 = ( GEOMETRIC_REPRESENTATION_CONTEXT(2) 
PARAMETRIC_REPRESENTATION_CONTEXT() REPRESENTATION_CONTEXT('2D SPACE',''
  ) );
#1850 = ORIENTED_EDGE('',*,*,#1851,.F.);
#1851 = EDGE_CURVE('',#1852,#1824,#1854,.T.);
#1852 = VERTEX_POINT('',#1853);
#1853 = CARTESIAN_POINT('',(118.9,16.4,7.05));
#1854 = SURFACE_CURVE('',#1855,(#1859,#1866),.PCURVE_S1.);
#1855 = LINE('',#1856,#1857);
#1856 = CARTESIAN_POINT('',(118.9,16.4,7.05));
#1857 = VECTOR('',#1858,1.);
#1858 = DIRECTION('',(-1.,-0.,0.));
#1859 = PCURVE('',#639,#1860);
#1860 = DEFINITIONAL_REPRESENTATION('',(#1861),#1865);
#1861 = LINE('',#1862,#1863);
#1862 = CARTESIAN_POINT('',(-10.2,16.4));
#1863 = VECTOR('',#1864,1.);
#1864 = DIRECTION('',(-1.,0.));
#1865 = ( GEOMETRIC_REPRESENTATION_CONTEXT(2) 
PARAMETRIC_REPRESENTATION_CONTEXT() REPRESENTATION_CONTEXT('2D SPACE',''
  ) );
#1866 = PCURVE('',#1867,#1872);
#1867 = PLANE('',#1868);
#1868 = AXIS2_PLACEMENT_3D('',#1869,#1870,#1871);
#1869 = CARTESIAN_POINT('',(118.9,16.4,1.6));
#1870 = DIRECTION('',(-0.,1.,0.));
#1871 = DIRECTION('',(0.,0.,-1.));
#1872 = DEFINITIONAL_REPRESENTATION('',(#1873),#1877);
#1873 = LINE('',#1874,#1875);
#1874 = CARTESIAN_POINT('',(-5.45,-0.));
#1875 = VECTOR('',#1876,1.);
#1876 = DIRECTION('',(-0.,1.));
#1877 = ( GEOMETRIC_REPRESENTATION_CONTEXT(2) 
PARAMETRIC_REPRESENTATION_CONTEXT() REPRESENTATION_CONTEXT('2D SPACE',''
  ) );
#1878 = ORIENTED_EDGE('',*,*,#1879,.F.);
#1879 = EDGE_CURVE('',#1880,#1852,#1882,.T.);
#1880 = VERTEX_POINT('',#1881);
#1881 = CARTESIAN_POINT('',(118.9,2.4,7.05));
#1882 = SURFACE_CURVE('',#1883,(#1887,#1894),.PCURVE_S1.);
#1883 = LINE('',#1884,#1885);
#1884 = CARTESIAN_POINT('',(118.9,2.4,7.05));
#1885 = VECTOR('',#1886,1.);
#1886 = DIRECTION('',(-0.,1.,0.));
#1887 = PCURVE('',#639,#1888);
#1888 = DEFINITIONAL_REPRESENTATION('',(#1889),#1893);
#1889 = LINE('',#1890,#1891);
#1890 = CARTESIAN_POINT('',(-10.2,2.4));
#1891 = VECTOR('',#1892,1.);
#1892 = DIRECTION('',(0.,1.));
#1893 = ( GEOMETRIC_REPRESENTATION_CONTEXT(2) 
PARAMETRIC_REPRESENTATION_CONTEXT() REPRESENTATION_CONTEXT('2D SPACE',''
  ) );
#1894 = PCURVE('',#1895,#1900);
#1895 = PLANE('',#1896);
#1896 = AXIS2_PLACEMENT_3D('',#1897,#1898,#1899);
#1897 = CARTESIAN_POINT('',(118.9,2.4,1.6));
#1898 = DIRECTION('',(-1.,-0.,0.));
#1899 = DIRECTION('',(0.,0.,-1.));
#1900 = DEFINITIONAL_REPRESENTATION('',(#1901),#1905);
#1901 = LINE('',#1902,#1903);
#1902 = CARTESIAN_POINT('',(-5.45,-0.));
#1903 = VECTOR('',#1904,1.);
#1904 = DIRECTION('',(-0.,-1.));
#1905 = ( GEOMETRIC_REPRESENTATION_CONTEXT(2) 
PARAMETRIC_REPRESENTATION_CONTEXT() REPRESENTATION_CONTEXT('2D SPACE',''
  ) );
#1906 = ORIENTED_EDGE('',*,*,#1907,.T.);
#1907 = EDGE_CURVE('',#1880,#1244,#1908,.T.);
#1908 = SURFACE_CURVE('',#1909,(#1913,#1920),.PCURVE_S1.);
#1909 = LINE('',#1910,#1911);
#1910 = CARTESIAN_POINT('',(127.9,2.4,7.05));
#1911 = VECTOR('',#1912,1.);
#1912 = DIRECTION('',(1.,-0.,-0.));
#1913 = PCURVE('',#639,#1914);
#1914 = DEFINITIONAL_REPRESENTATION('',(#1915),#1919);
#1915 = LINE('',#1916,#1917);
#1916 = CARTESIAN_POINT('',(-1.2,2.4));
#1917 = VECTOR('',#1918,1.);
#1918 = DIRECTION('',(1.,-0.));
#1919 = ( GEOMETRIC_REPRESENTATION_CONTEXT(2) 
PARAMETRIC_REPRESENTATION_CONTEXT() REPRESENTATION_CONTEXT('2D SPACE',''
  ) );
#1920 = PCURVE('',#1921,#1926);
#1921 = PLANE('',#1922);
#1922 = AXIS2_PLACEMENT_3D('',#1923,#1924,#1925);
#1923 = CARTESIAN_POINT('',(126.7,2.4,1.6));
#1924 = DIRECTION('',(-0.,1.,0.));
#1925 = DIRECTION('',(0.,0.,-1.));
#1926 = DEFINITIONAL_REPRESENTATION('',(#1927),#1931);
#1927 = LINE('',#1928,#1929);
#1928 = CARTESIAN_POINT('',(-5.45,-1.2));
#1929 = VECTOR('',#1930,1.);
#1930 = DIRECTION('',(-0.,-1.));
#1931 = ( GEOMETRIC_REPRESENTATION_CONTEXT(2) 
PARAMETRIC_REPRESENTATION_CONTEXT() REPRESENTATION_CONTEXT('2D SPACE',''
  ) );
#1932 = ADVANCED_FACE('',(#1933,#2499,#2534,#2569,#2604,#2610),#1091,.T.
  );
#1933 = FACE_BOUND('',#1934,.F.);
#1934 = EDGE_LOOP('',(#1935,#1960,#1988,#2011,#2034,#2057,#2080,#2103,
    #2126,#2149,#2172,#2195,#2219,#2242,#2270,#2293,#2316,#2339,#2362,
    #2385,#2408,#2431,#2454,#2477));
#1935 = ORIENTED_EDGE('',*,*,#1936,.F.);
#1936 = EDGE_CURVE('',#1937,#1939,#1941,.T.);
#1937 = VERTEX_POINT('',#1938);
#1938 = CARTESIAN_POINT('',(126.7,5.,1.6));
#1939 = VERTEX_POINT('',#1940);
#1940 = CARTESIAN_POINT('',(126.7,55.54,1.6));
#1941 = SURFACE_CURVE('',#1942,(#1946,#1953),.PCURVE_S1.);
#1942 = LINE('',#1943,#1944);
#1943 = CARTESIAN_POINT('',(126.7,2.4,1.6));
#1944 = VECTOR('',#1945,1.);
#1945 = DIRECTION('',(-0.,1.,0.));
#1946 = PCURVE('',#1091,#1947);
#1947 = DEFINITIONAL_REPRESENTATION('',(#1948),#1952);
#1948 = LINE('',#1949,#1950);
#1949 = CARTESIAN_POINT('',(0.,-0.));
#1950 = VECTOR('',#1951,1.);
#1951 = DIRECTION('',(-0.,1.));
#1952 = ( GEOMETRIC_REPRESENTATION_CONTEXT(2) 
PARAMETRIC_REPRESENTATION_CONTEXT() REPRESENTATION_CONTEXT('2D SPACE',''
  ) );
#1953 = PCURVE('',#1292,#1954);
#1954 = DEFINITIONAL_REPRESENTATION('',(#1955),#1959);
#1955 = LINE('',#1956,#1957);
#1956 = CARTESIAN_POINT('',(-0.,-0.));
#1957 = VECTOR('',#1958,1.);
#1958 = DIRECTION('',(-0.,-1.));
#1959 = ( GEOMETRIC_REPRESENTATION_CONTEXT(2) 
PARAMETRIC_REPRESENTATION_CONTEXT() REPRESENTATION_CONTEXT('2D SPACE',''
  ) );
#1960 = ORIENTED_EDGE('',*,*,#1961,.T.);
#1961 = EDGE_CURVE('',#1937,#1962,#1964,.T.);
#1962 = VERTEX_POINT('',#1963);
#1963 = CARTESIAN_POINT('',(124.1,2.4,1.6));
#1964 = SURFACE_CURVE('',#1965,(#1970,#1981),.PCURVE_S1.);
#1965 = CIRCLE('',#1966,2.6);
#1966 = AXIS2_PLACEMENT_3D('',#1967,#1968,#1969);
#1967 = CARTESIAN_POINT('',(124.1,5.,1.6));
#1968 = DIRECTION('',(0.,0.,-1.));
#1969 = DIRECTION('',(-0.,-1.,-0.));
#1970 = PCURVE('',#1091,#1971);
#1971 = DEFINITIONAL_REPRESENTATION('',(#1972),#1980);
#1972 = ( BOUNDED_CURVE() B_SPLINE_CURVE(2,(#1973,#1974,#1975,#1976,
#1977,#1978,#1979),.UNSPECIFIED.,.T.,.F.) B_SPLINE_CURVE_WITH_KNOTS((1,2
    ,2,2,2,1),(-2.094395102393,0.,2.094395102393,4.188790204786,
6.28318530718,8.377580409573),.UNSPECIFIED.) CURVE() 
GEOMETRIC_REPRESENTATION_ITEM() RATIONAL_B_SPLINE_CURVE((1.,0.5,1.,0.5,
1.,0.5,1.)) REPRESENTATION_ITEM('') );
#1973 = CARTESIAN_POINT('',(-2.6,0.));
#1974 = CARTESIAN_POINT('',(-7.103332099679,0.));
#1975 = CARTESIAN_POINT('',(-4.85166604984,3.9));
#1976 = CARTESIAN_POINT('',(-2.6,7.8));
#1977 = CARTESIAN_POINT('',(-0.34833395016,3.9));
#1978 = CARTESIAN_POINT('',(1.903332099679,3.996802888651E-15));
#1979 = CARTESIAN_POINT('',(-2.6,0.));
#1980 = ( GEOMETRIC_REPRESENTATION_CONTEXT(2) 
PARAMETRIC_REPRESENTATION_CONTEXT() REPRESENTATION_CONTEXT('2D SPACE',''
  ) );
#1981 = PCURVE('',#1264,#1982);
#1982 = DEFINITIONAL_REPRESENTATION('',(#1983),#1987);
#1983 = LINE('',#1984,#1985);
#1984 = CARTESIAN_POINT('',(4.712388980385,-0.));
#1985 = VECTOR('',#1986,1.);
#1986 = DIRECTION('',(-1.,0.));
#1987 = ( GEOMETRIC_REPRESENTATION_CONTEXT(2) 
PARAMETRIC_REPRESENTATION_CONTEXT() REPRESENTATION_CONTEXT('2D SPACE',''
  ) );
#1988 = ORIENTED_EDGE('',*,*,#1989,.T.);
#1989 = EDGE_CURVE('',#1962,#1990,#1992,.T.);
#1990 = VERTEX_POINT('',#1991);
#1991 = CARTESIAN_POINT('',(118.9,2.4,1.6));
#1992 = SURFACE_CURVE('',#1993,(#1997,#2004),.PCURVE_S1.);
#1993 = LINE('',#1994,#1995);
#1994 = CARTESIAN_POINT('',(126.7,2.4,1.6));
#1995 = VECTOR('',#1996,1.);
#1996 = DIRECTION('',(-1.,-0.,0.));
#1997 = PCURVE('',#1091,#1998);
#1998 = DEFINITIONAL_REPRESENTATION('',(#1999),#2003);
#1999 = LINE('',#2000,#2001);
#2000 = CARTESIAN_POINT('',(0.,-0.));
#2001 = VECTOR('',#2002,1.);
#2002 = DIRECTION('',(-1.,0.));
#2003 = ( GEOMETRIC_REPRESENTATION_CONTEXT(2) 
PARAMETRIC_REPRESENTATION_CONTEXT() REPRESENTATION_CONTEXT('2D SPACE',''
  ) );
#2004 = PCURVE('',#1921,#2005);
#2005 = DEFINITIONAL_REPRESENTATION('',(#2006),#2010);
#2006 = LINE('',#2007,#2008);
#2007 = CARTESIAN_POINT('',(-0.,-0.));
#2008 = VECTOR('',#2009,1.);
#2009 = DIRECTION('',(-0.,1.));
#2010 = ( GEOMETRIC_REPRESENTATION_CONTEXT(2) 
PARAMETRIC_REPRESENTATION_CONTEXT() REPRESENTATION_CONTEXT('2D SPACE',''
  ) );
#2011 = ORIENTED_EDGE('',*,*,#2012,.T.);
#2012 = EDGE_CURVE('',#1990,#2013,#2015,.T.);
#2013 = VERTEX_POINT('',#2014);
#2014 = CARTESIAN_POINT('',(118.9,16.4,1.6));
#2015 = SURFACE_CURVE('',#2016,(#2020,#2027),.PCURVE_S1.);
#2016 = LINE('',#2017,#2018);
#2017 = CARTESIAN_POINT('',(118.9,2.4,1.6));
#2018 = VECTOR('',#2019,1.);
#2019 = DIRECTION('',(-0.,1.,0.));
#2020 = PCURVE('',#1091,#2021);
#2021 = DEFINITIONAL_REPRESENTATION('',(#2022),#2026);
#2022 = LINE('',#2023,#2024);
#2023 = CARTESIAN_POINT('',(-7.8,0.));
#2024 = VECTOR('',#2025,1.);
#2025 = DIRECTION('',(0.,1.));
#2026 = ( GEOMETRIC_REPRESENTATION_CONTEXT(2) 
PARAMETRIC_REPRESENTATION_CONTEXT() REPRESENTATION_CONTEXT('2D SPACE',''
  ) );
#2027 = PCURVE('',#1895,#2028);
#2028 = DEFINITIONAL_REPRESENTATION('',(#2029),#2033);
#2029 = LINE('',#2030,#2031);
#2030 = CARTESIAN_POINT('',(-0.,-0.));
#2031 = VECTOR('',#2032,1.);
#2032 = DIRECTION('',(-0.,-1.));
#2033 = ( GEOMETRIC_REPRESENTATION_CONTEXT(2) 
PARAMETRIC_REPRESENTATION_CONTEXT() REPRESENTATION_CONTEXT('2D SPACE',''
  ) );
#2034 = ORIENTED_EDGE('',*,*,#2035,.T.);
#2035 = EDGE_CURVE('',#2013,#2036,#2038,.T.);
#2036 = VERTEX_POINT('',#2037);
#2037 = CARTESIAN_POINT('',(117.7,16.4,1.6));
#2038 = SURFACE_CURVE('',#2039,(#2043,#2050),.PCURVE_S1.);
#2039 = LINE('',#2040,#2041);
#2040 = CARTESIAN_POINT('',(118.9,16.4,1.6));
#2041 = VECTOR('',#2042,1.);
#2042 = DIRECTION('',(-1.,-0.,0.));
#2043 = PCURVE('',#1091,#2044);
#2044 = DEFINITIONAL_REPRESENTATION('',(#2045),#2049);
#2045 = LINE('',#2046,#2047);
#2046 = CARTESIAN_POINT('',(-7.8,14.));
#2047 = VECTOR('',#2048,1.);
#2048 = DIRECTION('',(-1.,0.));
#2049 = ( GEOMETRIC_REPRESENTATION_CONTEXT(2) 
PARAMETRIC_REPRESENTATION_CONTEXT() REPRESENTATION_CONTEXT('2D SPACE',''
  ) );
#2050 = PCURVE('',#1867,#2051);
#2051 = DEFINITIONAL_REPRESENTATION('',(#2052),#2056);
#2052 = LINE('',#2053,#2054);
#2053 = CARTESIAN_POINT('',(-0.,-0.));
#2054 = VECTOR('',#2055,1.);
#2055 = DIRECTION('',(-0.,1.));
#2056 = ( GEOMETRIC_REPRESENTATION_CONTEXT(2) 
PARAMETRIC_REPRESENTATION_CONTEXT() REPRESENTATION_CONTEXT('2D SPACE',''
  ) );
#2057 = ORIENTED_EDGE('',*,*,#2058,.F.);
#2058 = EDGE_CURVE('',#2059,#2036,#2061,.T.);
#2059 = VERTEX_POINT('',#2060);
#2060 = CARTESIAN_POINT('',(117.7,2.4,1.6));
#2061 = SURFACE_CURVE('',#2062,(#2066,#2073),.PCURVE_S1.);
#2062 = LINE('',#2063,#2064);
#2063 = CARTESIAN_POINT('',(117.7,2.4,1.6));
#2064 = VECTOR('',#2065,1.);
#2065 = DIRECTION('',(-0.,1.,0.));
#2066 = PCURVE('',#1091,#2067);
#2067 = DEFINITIONAL_REPRESENTATION('',(#2068),#2072);
#2068 = LINE('',#2069,#2070);
#2069 = CARTESIAN_POINT('',(-9.,0.));
#2070 = VECTOR('',#2071,1.);
#2071 = DIRECTION('',(0.,1.));
#2072 = ( GEOMETRIC_REPRESENTATION_CONTEXT(2) 
PARAMETRIC_REPRESENTATION_CONTEXT() REPRESENTATION_CONTEXT('2D SPACE',''
  ) );
#2073 = PCURVE('',#1839,#2074);
#2074 = DEFINITIONAL_REPRESENTATION('',(#2075),#2079);
#2075 = LINE('',#2076,#2077);
#2076 = CARTESIAN_POINT('',(-0.,-0.));
#2077 = VECTOR('',#2078,1.);
#2078 = DIRECTION('',(-0.,-1.));
#2079 = ( GEOMETRIC_REPRESENTATION_CONTEXT(2) 
PARAMETRIC_REPRESENTATION_CONTEXT() REPRESENTATION_CONTEXT('2D SPACE',''
  ) );
#2080 = ORIENTED_EDGE('',*,*,#2081,.T.);
#2081 = EDGE_CURVE('',#2059,#2082,#2084,.T.);
#2082 = VERTEX_POINT('',#2083);
#2083 = CARTESIAN_POINT('',(16.4,2.4,1.6));
#2084 = SURFACE_CURVE('',#2085,(#2089,#2096),.PCURVE_S1.);
#2085 = LINE('',#2086,#2087);
#2086 = CARTESIAN_POINT('',(126.7,2.4,1.6));
#2087 = VECTOR('',#2088,1.);
#2088 = DIRECTION('',(-1.,-0.,0.));
#2089 = PCURVE('',#1091,#2090);
#2090 = DEFINITIONAL_REPRESENTATION('',(#2091),#2095);
#2091 = LINE('',#2092,#2093);
#2092 = CARTESIAN_POINT('',(0.,-0.));
#2093 = VECTOR('',#2094,1.);
#2094 = DIRECTION('',(-1.,0.));
#2095 = ( GEOMETRIC_REPRESENTATION_CONTEXT(2) 
PARAMETRIC_REPRESENTATION_CONTEXT() REPRESENTATION_CONTEXT('2D SPACE',''
  ) );
#2096 = PCURVE('',#1811,#2097);
#2097 = DEFINITIONAL_REPRESENTATION('',(#2098),#2102);
#2098 = LINE('',#2099,#2100);
#2099 = CARTESIAN_POINT('',(-0.,-0.));
#2100 = VECTOR('',#2101,1.);
#2101 = DIRECTION('',(-0.,1.));
#2102 = ( GEOMETRIC_REPRESENTATION_CONTEXT(2) 
PARAMETRIC_REPRESENTATION_CONTEXT() REPRESENTATION_CONTEXT('2D SPACE',''
  ) );
#2103 = ORIENTED_EDGE('',*,*,#2104,.T.);
#2104 = EDGE_CURVE('',#2082,#2105,#2107,.T.);
#2105 = VERTEX_POINT('',#2106);
#2106 = CARTESIAN_POINT('',(16.4,16.4,1.6));
#2107 = SURFACE_CURVE('',#2108,(#2112,#2119),.PCURVE_S1.);
#2108 = LINE('',#2109,#2110);
#2109 = CARTESIAN_POINT('',(16.4,2.4,1.6));
#2110 = VECTOR('',#2111,1.);
#2111 = DIRECTION('',(-0.,1.,0.));
#2112 = PCURVE('',#1091,#2113);
#2113 = DEFINITIONAL_REPRESENTATION('',(#2114),#2118);
#2114 = LINE('',#2115,#2116);
#2115 = CARTESIAN_POINT('',(-110.3,0.));
#2116 = VECTOR('',#2117,1.);
#2117 = DIRECTION('',(0.,1.));
#2118 = ( GEOMETRIC_REPRESENTATION_CONTEXT(2) 
PARAMETRIC_REPRESENTATION_CONTEXT() REPRESENTATION_CONTEXT('2D SPACE',''
  ) );
#2119 = PCURVE('',#1783,#2120);
#2120 = DEFINITIONAL_REPRESENTATION('',(#2121),#2125);
#2121 = LINE('',#2122,#2123);
#2122 = CARTESIAN_POINT('',(-0.,-0.));
#2123 = VECTOR('',#2124,1.);
#2124 = DIRECTION('',(-0.,-1.));
#2125 = ( GEOMETRIC_REPRESENTATION_CONTEXT(2) 
PARAMETRIC_REPRESENTATION_CONTEXT() REPRESENTATION_CONTEXT('2D SPACE',''
  ) );
#2126 = ORIENTED_EDGE('',*,*,#2127,.T.);
#2127 = EDGE_CURVE('',#2105,#2128,#2130,.T.);
#2128 = VERTEX_POINT('',#2129);
#2129 = CARTESIAN_POINT('',(15.2,16.4,1.6));
#2130 = SURFACE_CURVE('',#2131,(#2135,#2142),.PCURVE_S1.);
#2131 = LINE('',#2132,#2133);
#2132 = CARTESIAN_POINT('',(16.4,16.4,1.6));
#2133 = VECTOR('',#2134,1.);
#2134 = DIRECTION('',(-1.,-0.,0.));
#2135 = PCURVE('',#1091,#2136);
#2136 = DEFINITIONAL_REPRESENTATION('',(#2137),#2141);
#2137 = LINE('',#2138,#2139);
#2138 = CARTESIAN_POINT('',(-110.3,14.));
#2139 = VECTOR('',#2140,1.);
#2140 = DIRECTION('',(-1.,0.));
#2141 = ( GEOMETRIC_REPRESENTATION_CONTEXT(2) 
PARAMETRIC_REPRESENTATION_CONTEXT() REPRESENTATION_CONTEXT('2D SPACE',''
  ) );
#2142 = PCURVE('',#1755,#2143);
#2143 = DEFINITIONAL_REPRESENTATION('',(#2144),#2148);
#2144 = LINE('',#2145,#2146);
#2145 = CARTESIAN_POINT('',(-0.,-0.));
#2146 = VECTOR('',#2147,1.);
#2147 = DIRECTION('',(-0.,1.));
#2148 = ( GEOMETRIC_REPRESENTATION_CONTEXT(2) 
PARAMETRIC_REPRESENTATION_CONTEXT() REPRESENTATION_CONTEXT('2D SPACE',''
  ) );
#2149 = ORIENTED_EDGE('',*,*,#2150,.F.);
#2150 = EDGE_CURVE('',#2151,#2128,#2153,.T.);
#2151 = VERTEX_POINT('',#2152);
#2152 = CARTESIAN_POINT('',(15.2,2.4,1.6));
#2153 = SURFACE_CURVE('',#2154,(#2158,#2165),.PCURVE_S1.);
#2154 = LINE('',#2155,#2156);
#2155 = CARTESIAN_POINT('',(15.2,2.4,1.6));
#2156 = VECTOR('',#2157,1.);
#2157 = DIRECTION('',(-0.,1.,0.));
#2158 = PCURVE('',#1091,#2159);
#2159 = DEFINITIONAL_REPRESENTATION('',(#2160),#2164);
#2160 = LINE('',#2161,#2162);
#2161 = CARTESIAN_POINT('',(-111.5,0.));
#2162 = VECTOR('',#2163,1.);
#2163 = DIRECTION('',(0.,1.));
#2164 = ( GEOMETRIC_REPRESENTATION_CONTEXT(2) 
PARAMETRIC_REPRESENTATION_CONTEXT() REPRESENTATION_CONTEXT('2D SPACE',''
  ) );
#2165 = PCURVE('',#1727,#2166);
#2166 = DEFINITIONAL_REPRESENTATION('',(#2167),#2171);
#2167 = LINE('',#2168,#2169);
#2168 = CARTESIAN_POINT('',(-0.,-0.));
#2169 = VECTOR('',#2170,1.);
#2170 = DIRECTION('',(-0.,-1.));
#2171 = ( GEOMETRIC_REPRESENTATION_CONTEXT(2) 
PARAMETRIC_REPRESENTATION_CONTEXT() REPRESENTATION_CONTEXT('2D SPACE',''
  ) );
#2172 = ORIENTED_EDGE('',*,*,#2173,.T.);
#2173 = EDGE_CURVE('',#2151,#2174,#2176,.T.);
#2174 = VERTEX_POINT('',#2175);
#2175 = CARTESIAN_POINT('',(5.,2.4,1.6));
#2176 = SURFACE_CURVE('',#2177,(#2181,#2188),.PCURVE_S1.);
#2177 = LINE('',#2178,#2179);
#2178 = CARTESIAN_POINT('',(126.7,2.4,1.6));
#2179 = VECTOR('',#2180,1.);
#2180 = DIRECTION('',(-1.,-0.,0.));
#2181 = PCURVE('',#1091,#2182);
#2182 = DEFINITIONAL_REPRESENTATION('',(#2183),#2187);
#2183 = LINE('',#2184,#2185);
#2184 = CARTESIAN_POINT('',(0.,-0.));
#2185 = VECTOR('',#2186,1.);
#2186 = DIRECTION('',(-1.,0.));
#2187 = ( GEOMETRIC_REPRESENTATION_CONTEXT(2) 
PARAMETRIC_REPRESENTATION_CONTEXT() REPRESENTATION_CONTEXT('2D SPACE',''
  ) );
#2188 = PCURVE('',#1699,#2189);
#2189 = DEFINITIONAL_REPRESENTATION('',(#2190),#2194);
#2190 = LINE('',#2191,#2192);
#2191 = CARTESIAN_POINT('',(-0.,-0.));
#2192 = VECTOR('',#2193,1.);
#2193 = DIRECTION('',(-0.,1.));
#2194 = ( GEOMETRIC_REPRESENTATION_CONTEXT(2) 
PARAMETRIC_REPRESENTATION_CONTEXT() REPRESENTATION_CONTEXT('2D SPACE',''
  ) );
#2195 = ORIENTED_EDGE('',*,*,#2196,.F.);
#2196 = EDGE_CURVE('',#2197,#2174,#2199,.T.);
#2197 = VERTEX_POINT('',#2198);
#2198 = CARTESIAN_POINT('',(2.4,5.,1.6));
#2199 = SURFACE_CURVE('',#2200,(#2205,#2212),.PCURVE_S1.);
#2200 = CIRCLE('',#2201,2.6);
#2201 = AXIS2_PLACEMENT_3D('',#2202,#2203,#2204);
#2202 = CARTESIAN_POINT('',(5.,5.,1.6));
#2203 = DIRECTION('',(0.,-0.,1.));
#2204 = DIRECTION('',(-0.,-1.,-0.));
#2205 = PCURVE('',#1091,#2206);
#2206 = DEFINITIONAL_REPRESENTATION('',(#2207),#2211);
#2207 = CIRCLE('',#2208,2.6);
#2208 = AXIS2_PLACEMENT_2D('',#2209,#2210);
#2209 = CARTESIAN_POINT('',(-121.7,2.6));
#2210 = DIRECTION('',(-0.,-1.));
#2211 = ( GEOMETRIC_REPRESENTATION_CONTEXT(2) 
PARAMETRIC_REPRESENTATION_CONTEXT() REPRESENTATION_CONTEXT('2D SPACE',''
  ) );
#2212 = PCURVE('',#1671,#2213);
#2213 = DEFINITIONAL_REPRESENTATION('',(#2214),#2218);
#2214 = LINE('',#2215,#2216);
#2215 = CARTESIAN_POINT('',(-4.712388980385,0.));
#2216 = VECTOR('',#2217,1.);
#2217 = DIRECTION('',(1.,0.));
#2218 = ( GEOMETRIC_REPRESENTATION_CONTEXT(2) 
PARAMETRIC_REPRESENTATION_CONTEXT() REPRESENTATION_CONTEXT('2D SPACE',''
  ) );
#2219 = ORIENTED_EDGE('',*,*,#2220,.T.);
#2220 = EDGE_CURVE('',#2197,#2221,#2223,.T.);
#2221 = VERTEX_POINT('',#2222);
#2222 = CARTESIAN_POINT('',(2.4,55.54,1.6));
#2223 = SURFACE_CURVE('',#2224,(#2228,#2235),.PCURVE_S1.);
#2224 = LINE('',#2225,#2226);
#2225 = CARTESIAN_POINT('',(2.4,2.4,1.6));
#2226 = VECTOR('',#2227,1.);
#2227 = DIRECTION('',(-0.,1.,0.));
#2228 = PCURVE('',#1091,#2229);
#2229 = DEFINITIONAL_REPRESENTATION('',(#2230),#2234);
#2230 = LINE('',#2231,#2232);
#2231 = CARTESIAN_POINT('',(-124.3,0.));
#2232 = VECTOR('',#2233,1.);
#2233 = DIRECTION('',(-0.,1.));
#2234 = ( GEOMETRIC_REPRESENTATION_CONTEXT(2) 
PARAMETRIC_REPRESENTATION_CONTEXT() REPRESENTATION_CONTEXT('2D SPACE',''
  ) );
#2235 = PCURVE('',#1638,#2236);
#2236 = DEFINITIONAL_REPRESENTATION('',(#2237),#2241);
#2237 = LINE('',#2238,#2239);
#2238 = CARTESIAN_POINT('',(-0.,-0.));
#2239 = VECTOR('',#2240,1.);
#2240 = DIRECTION('',(-0.,-1.));
#2241 = ( GEOMETRIC_REPRESENTATION_CONTEXT(2) 
PARAMETRIC_REPRESENTATION_CONTEXT() REPRESENTATION_CONTEXT('2D SPACE',''
  ) );
#2242 = ORIENTED_EDGE('',*,*,#2243,.T.);
#2243 = EDGE_CURVE('',#2221,#2244,#2246,.T.);
#2244 = VERTEX_POINT('',#2245);
#2245 = CARTESIAN_POINT('',(5.,58.14,1.6));
#2246 = SURFACE_CURVE('',#2247,(#2252,#2263),.PCURVE_S1.);
#2247 = CIRCLE('',#2248,2.6);
#2248 = AXIS2_PLACEMENT_3D('',#2249,#2250,#2251);
#2249 = CARTESIAN_POINT('',(5.,55.54,1.6));
#2250 = DIRECTION('',(0.,0.,-1.));
#2251 = DIRECTION('',(-0.,-1.,-0.));
#2252 = PCURVE('',#1091,#2253);
#2253 = DEFINITIONAL_REPRESENTATION('',(#2254),#2262);
#2254 = ( BOUNDED_CURVE() B_SPLINE_CURVE(2,(#2255,#2256,#2257,#2258,
#2259,#2260,#2261),.UNSPECIFIED.,.T.,.F.) B_SPLINE_CURVE_WITH_KNOTS((1,2
    ,2,2,2,1),(-2.094395102393,0.,2.094395102393,4.188790204786,
6.28318530718,8.377580409573),.UNSPECIFIED.) CURVE() 
GEOMETRIC_REPRESENTATION_ITEM() RATIONAL_B_SPLINE_CURVE((1.,0.5,1.,0.5,
1.,0.5,1.)) REPRESENTATION_ITEM('') );
#2255 = CARTESIAN_POINT('',(-121.7,50.54));
#2256 = CARTESIAN_POINT('',(-126.2033320996,50.54));
#2257 = CARTESIAN_POINT('',(-123.9516660498,54.44));
#2258 = CARTESIAN_POINT('',(-121.7,58.34));
#2259 = CARTESIAN_POINT('',(-119.4483339501,54.44));
#2260 = CARTESIAN_POINT('',(-117.1966679003,50.54));
#2261 = CARTESIAN_POINT('',(-121.7,50.54));
#2262 = ( GEOMETRIC_REPRESENTATION_CONTEXT(2) 
PARAMETRIC_REPRESENTATION_CONTEXT() REPRESENTATION_CONTEXT('2D SPACE',''
  ) );
#2263 = PCURVE('',#1610,#2264);
#2264 = DEFINITIONAL_REPRESENTATION('',(#2265),#2269);
#2265 = LINE('',#2266,#2267);
#2266 = CARTESIAN_POINT('',(1.570796326795,-0.));
#2267 = VECTOR('',#2268,1.);
#2268 = DIRECTION('',(-1.,0.));
#2269 = ( GEOMETRIC_REPRESENTATION_CONTEXT(2) 
PARAMETRIC_REPRESENTATION_CONTEXT() REPRESENTATION_CONTEXT('2D SPACE',''
  ) );
#2270 = ORIENTED_EDGE('',*,*,#2271,.F.);
#2271 = EDGE_CURVE('',#2272,#2244,#2274,.T.);
#2272 = VERTEX_POINT('',#2273);
#2273 = CARTESIAN_POINT('',(15.2,58.14,1.6));
#2274 = SURFACE_CURVE('',#2275,(#2279,#2286),.PCURVE_S1.);
#2275 = LINE('',#2276,#2277);
#2276 = CARTESIAN_POINT('',(126.7,58.14,1.6));
#2277 = VECTOR('',#2278,1.);
#2278 = DIRECTION('',(-1.,-0.,0.));
#2279 = PCURVE('',#1091,#2280);
#2280 = DEFINITIONAL_REPRESENTATION('',(#2281),#2285);
#2281 = LINE('',#2282,#2283);
#2282 = CARTESIAN_POINT('',(0.,55.74));
#2283 = VECTOR('',#2284,1.);
#2284 = DIRECTION('',(-1.,0.));
#2285 = ( GEOMETRIC_REPRESENTATION_CONTEXT(2) 
PARAMETRIC_REPRESENTATION_CONTEXT() REPRESENTATION_CONTEXT('2D SPACE',''
  ) );
#2286 = PCURVE('',#1577,#2287);
#2287 = DEFINITIONAL_REPRESENTATION('',(#2288),#2292);
#2288 = LINE('',#2289,#2290);
#2289 = CARTESIAN_POINT('',(-0.,-0.));
#2290 = VECTOR('',#2291,1.);
#2291 = DIRECTION('',(-0.,1.));
#2292 = ( GEOMETRIC_REPRESENTATION_CONTEXT(2) 
PARAMETRIC_REPRESENTATION_CONTEXT() REPRESENTATION_CONTEXT('2D SPACE',''
  ) );
#2293 = ORIENTED_EDGE('',*,*,#2294,.F.);
#2294 = EDGE_CURVE('',#2295,#2272,#2297,.T.);
#2295 = VERTEX_POINT('',#2296);
#2296 = CARTESIAN_POINT('',(15.2,44.14,1.6));
#2297 = SURFACE_CURVE('',#2298,(#2302,#2309),.PCURVE_S1.);
#2298 = LINE('',#2299,#2300);
#2299 = CARTESIAN_POINT('',(15.2,44.14,1.6));
#2300 = VECTOR('',#2301,1.);
#2301 = DIRECTION('',(-0.,1.,0.));
#2302 = PCURVE('',#1091,#2303);
#2303 = DEFINITIONAL_REPRESENTATION('',(#2304),#2308);
#2304 = LINE('',#2305,#2306);
#2305 = CARTESIAN_POINT('',(-111.5,41.74));
#2306 = VECTOR('',#2307,1.);
#2307 = DIRECTION('',(0.,1.));
#2308 = ( GEOMETRIC_REPRESENTATION_CONTEXT(2) 
PARAMETRIC_REPRESENTATION_CONTEXT() REPRESENTATION_CONTEXT('2D SPACE',''
  ) );
#2309 = PCURVE('',#1549,#2310);
#2310 = DEFINITIONAL_REPRESENTATION('',(#2311),#2315);
#2311 = LINE('',#2312,#2313);
#2312 = CARTESIAN_POINT('',(-0.,-0.));
#2313 = VECTOR('',#2314,1.);
#2314 = DIRECTION('',(-0.,-1.));
#2315 = ( GEOMETRIC_REPRESENTATION_CONTEXT(2) 
PARAMETRIC_REPRESENTATION_CONTEXT() REPRESENTATION_CONTEXT('2D SPACE',''
  ) );
#2316 = ORIENTED_EDGE('',*,*,#2317,.F.);
#2317 = EDGE_CURVE('',#2318,#2295,#2320,.T.);
#2318 = VERTEX_POINT('',#2319);
#2319 = CARTESIAN_POINT('',(16.4,44.14,1.6));
#2320 = SURFACE_CURVE('',#2321,(#2325,#2332),.PCURVE_S1.);
#2321 = LINE('',#2322,#2323);
#2322 = CARTESIAN_POINT('',(16.4,44.14,1.6));
#2323 = VECTOR('',#2324,1.);
#2324 = DIRECTION('',(-1.,-0.,0.));
#2325 = PCURVE('',#1091,#2326);
#2326 = DEFINITIONAL_REPRESENTATION('',(#2327),#2331);
#2327 = LINE('',#2328,#2329);
#2328 = CARTESIAN_POINT('',(-110.3,41.74));
#2329 = VECTOR('',#2330,1.);
#2330 = DIRECTION('',(-1.,0.));
#2331 = ( GEOMETRIC_REPRESENTATION_CONTEXT(2) 
PARAMETRIC_REPRESENTATION_CONTEXT() REPRESENTATION_CONTEXT('2D SPACE',''
  ) );
#2332 = PCURVE('',#1521,#2333);
#2333 = DEFINITIONAL_REPRESENTATION('',(#2334),#2338);
#2334 = LINE('',#2335,#2336);
#2335 = CARTESIAN_POINT('',(-0.,-0.));
#2336 = VECTOR('',#2337,1.);
#2337 = DIRECTION('',(-0.,1.));
#2338 = ( GEOMETRIC_REPRESENTATION_CONTEXT(2) 
PARAMETRIC_REPRESENTATION_CONTEXT() REPRESENTATION_CONTEXT('2D SPACE',''
  ) );
#2339 = ORIENTED_EDGE('',*,*,#2340,.T.);
#2340 = EDGE_CURVE('',#2318,#2341,#2343,.T.);
#2341 = VERTEX_POINT('',#2342);
#2342 = CARTESIAN_POINT('',(16.4,58.14,1.6));
#2343 = SURFACE_CURVE('',#2344,(#2348,#2355),.PCURVE_S1.);
#2344 = LINE('',#2345,#2346);
#2345 = CARTESIAN_POINT('',(16.4,44.14,1.6));
#2346 = VECTOR('',#2347,1.);
#2347 = DIRECTION('',(-0.,1.,0.));
#2348 = PCURVE('',#1091,#2349);
#2349 = DEFINITIONAL_REPRESENTATION('',(#2350),#2354);
#2350 = LINE('',#2351,#2352);
#2351 = CARTESIAN_POINT('',(-110.3,41.74));
#2352 = VECTOR('',#2353,1.);
#2353 = DIRECTION('',(0.,1.));
#2354 = ( GEOMETRIC_REPRESENTATION_CONTEXT(2) 
PARAMETRIC_REPRESENTATION_CONTEXT() REPRESENTATION_CONTEXT('2D SPACE',''
  ) );
#2355 = PCURVE('',#1493,#2356);
#2356 = DEFINITIONAL_REPRESENTATION('',(#2357),#2361);
#2357 = LINE('',#2358,#2359);
#2358 = CARTESIAN_POINT('',(-0.,-0.));
#2359 = VECTOR('',#2360,1.);
#2360 = DIRECTION('',(-0.,-1.));
#2361 = ( GEOMETRIC_REPRESENTATION_CONTEXT(2) 
PARAMETRIC_REPRESENTATION_CONTEXT() REPRESENTATION_CONTEXT('2D SPACE',''
  ) );
#2362 = ORIENTED_EDGE('',*,*,#2363,.F.);
#2363 = EDGE_CURVE('',#2364,#2341,#2366,.T.);
#2364 = VERTEX_POINT('',#2365);
#2365 = CARTESIAN_POINT('',(117.7,58.14,1.6));
#2366 = SURFACE_CURVE('',#2367,(#2371,#2378),.PCURVE_S1.);
#2367 = LINE('',#2368,#2369);
#2368 = CARTESIAN_POINT('',(126.7,58.14,1.6));
#2369 = VECTOR('',#2370,1.);
#2370 = DIRECTION('',(-1.,-0.,0.));
#2371 = PCURVE('',#1091,#2372);
#2372 = DEFINITIONAL_REPRESENTATION('',(#2373),#2377);
#2373 = LINE('',#2374,#2375);
#2374 = CARTESIAN_POINT('',(0.,55.74));
#2375 = VECTOR('',#2376,1.);
#2376 = DIRECTION('',(-1.,0.));
#2377 = ( GEOMETRIC_REPRESENTATION_CONTEXT(2) 
PARAMETRIC_REPRESENTATION_CONTEXT() REPRESENTATION_CONTEXT('2D SPACE',''
  ) );
#2378 = PCURVE('',#1465,#2379);
#2379 = DEFINITIONAL_REPRESENTATION('',(#2380),#2384);
#2380 = LINE('',#2381,#2382);
#2381 = CARTESIAN_POINT('',(-0.,-0.));
#2382 = VECTOR('',#2383,1.);
#2383 = DIRECTION('',(-0.,1.));
#2384 = ( GEOMETRIC_REPRESENTATION_CONTEXT(2) 
PARAMETRIC_REPRESENTATION_CONTEXT() REPRESENTATION_CONTEXT('2D SPACE',''
  ) );
#2385 = ORIENTED_EDGE('',*,*,#2386,.F.);
#2386 = EDGE_CURVE('',#2387,#2364,#2389,.T.);
#2387 = VERTEX_POINT('',#2388);
#2388 = CARTESIAN_POINT('',(117.7,44.14,1.6));
#2389 = SURFACE_CURVE('',#2390,(#2394,#2401),.PCURVE_S1.);
#2390 = LINE('',#2391,#2392);
#2391 = CARTESIAN_POINT('',(117.7,44.14,1.6));
#2392 = VECTOR('',#2393,1.);
#2393 = DIRECTION('',(-0.,1.,0.));
#2394 = PCURVE('',#1091,#2395);
#2395 = DEFINITIONAL_REPRESENTATION('',(#2396),#2400);
#2396 = LINE('',#2397,#2398);
#2397 = CARTESIAN_POINT('',(-9.,41.74));
#2398 = VECTOR('',#2399,1.);
#2399 = DIRECTION('',(0.,1.));
#2400 = ( GEOMETRIC_REPRESENTATION_CONTEXT(2) 
PARAMETRIC_REPRESENTATION_CONTEXT() REPRESENTATION_CONTEXT('2D SPACE',''
  ) );
#2401 = PCURVE('',#1437,#2402);
#2402 = DEFINITIONAL_REPRESENTATION('',(#2403),#2407);
#2403 = LINE('',#2404,#2405);
#2404 = CARTESIAN_POINT('',(-0.,-0.));
#2405 = VECTOR('',#2406,1.);
#2406 = DIRECTION('',(-0.,-1.));
#2407 = ( GEOMETRIC_REPRESENTATION_CONTEXT(2) 
PARAMETRIC_REPRESENTATION_CONTEXT() REPRESENTATION_CONTEXT('2D SPACE',''
  ) );
#2408 = ORIENTED_EDGE('',*,*,#2409,.F.);
#2409 = EDGE_CURVE('',#2410,#2387,#2412,.T.);
#2410 = VERTEX_POINT('',#2411);
#2411 = CARTESIAN_POINT('',(118.9,44.14,1.6));
#2412 = SURFACE_CURVE('',#2413,(#2417,#2424),.PCURVE_S1.);
#2413 = LINE('',#2414,#2415);
#2414 = CARTESIAN_POINT('',(118.9,44.14,1.6));
#2415 = VECTOR('',#2416,1.);
#2416 = DIRECTION('',(-1.,-0.,0.));
#2417 = PCURVE('',#1091,#2418);
#2418 = DEFINITIONAL_REPRESENTATION('',(#2419),#2423);
#2419 = LINE('',#2420,#2421);
#2420 = CARTESIAN_POINT('',(-7.8,41.74));
#2421 = VECTOR('',#2422,1.);
#2422 = DIRECTION('',(-1.,0.));
#2423 = ( GEOMETRIC_REPRESENTATION_CONTEXT(2) 
PARAMETRIC_REPRESENTATION_CONTEXT() REPRESENTATION_CONTEXT('2D SPACE',''
  ) );
#2424 = PCURVE('',#1409,#2425);
#2425 = DEFINITIONAL_REPRESENTATION('',(#2426),#2430);
#2426 = LINE('',#2427,#2428);
#2427 = CARTESIAN_POINT('',(-0.,-0.));
#2428 = VECTOR('',#2429,1.);
#2429 = DIRECTION('',(-0.,1.));
#2430 = ( GEOMETRIC_REPRESENTATION_CONTEXT(2) 
PARAMETRIC_REPRESENTATION_CONTEXT() REPRESENTATION_CONTEXT('2D SPACE',''
  ) );
#2431 = ORIENTED_EDGE('',*,*,#2432,.T.);
#2432 = EDGE_CURVE('',#2410,#2433,#2435,.T.);
#2433 = VERTEX_POINT('',#2434);
#2434 = CARTESIAN_POINT('',(118.9,58.14,1.6));
#2435 = SURFACE_CURVE('',#2436,(#2440,#2447),.PCURVE_S1.);
#2436 = LINE('',#2437,#2438);
#2437 = CARTESIAN_POINT('',(118.9,44.14,1.6));
#2438 = VECTOR('',#2439,1.);
#2439 = DIRECTION('',(-0.,1.,0.));
#2440 = PCURVE('',#1091,#2441);
#2441 = DEFINITIONAL_REPRESENTATION('',(#2442),#2446);
#2442 = LINE('',#2443,#2444);
#2443 = CARTESIAN_POINT('',(-7.8,41.74));
#2444 = VECTOR('',#2445,1.);
#2445 = DIRECTION('',(0.,1.));
#2446 = ( GEOMETRIC_REPRESENTATION_CONTEXT(2) 
PARAMETRIC_REPRESENTATION_CONTEXT() REPRESENTATION_CONTEXT('2D SPACE',''
  ) );
#2447 = PCURVE('',#1381,#2448);
#2448 = DEFINITIONAL_REPRESENTATION('',(#2449),#2453);
#2449 = LINE('',#2450,#2451);
#2450 = CARTESIAN_POINT('',(-0.,-0.));
#2451 = VECTOR('',#2452,1.);
#2452 = DIRECTION('',(-0.,-1.));
#2453 = ( GEOMETRIC_REPRESENTATION_CONTEXT(2) 
PARAMETRIC_REPRESENTATION_CONTEXT() REPRESENTATION_CONTEXT('2D SPACE',''
  ) );
#2454 = ORIENTED_EDGE('',*,*,#2455,.F.);
#2455 = EDGE_CURVE('',#2456,#2433,#2458,.T.);
#2456 = VERTEX_POINT('',#2457);
#2457 = CARTESIAN_POINT('',(124.1,58.14,1.6));
#2458 = SURFACE_CURVE('',#2459,(#2463,#2470),.PCURVE_S1.);
#2459 = LINE('',#2460,#2461);
#2460 = CARTESIAN_POINT('',(126.7,58.14,1.6));
#2461 = VECTOR('',#2462,1.);
#2462 = DIRECTION('',(-1.,-0.,0.));
#2463 = PCURVE('',#1091,#2464);
#2464 = DEFINITIONAL_REPRESENTATION('',(#2465),#2469);
#2465 = LINE('',#2466,#2467);
#2466 = CARTESIAN_POINT('',(0.,55.74));
#2467 = VECTOR('',#2468,1.);
#2468 = DIRECTION('',(-1.,0.));
#2469 = ( GEOMETRIC_REPRESENTATION_CONTEXT(2) 
PARAMETRIC_REPRESENTATION_CONTEXT() REPRESENTATION_CONTEXT('2D SPACE',''
  ) );
#2470 = PCURVE('',#1353,#2471);
#2471 = DEFINITIONAL_REPRESENTATION('',(#2472),#2476);
#2472 = LINE('',#2473,#2474);
#2473 = CARTESIAN_POINT('',(-0.,-0.));
#2474 = VECTOR('',#2475,1.);
#2475 = DIRECTION('',(-0.,1.));
#2476 = ( GEOMETRIC_REPRESENTATION_CONTEXT(2) 
PARAMETRIC_REPRESENTATION_CONTEXT() REPRESENTATION_CONTEXT('2D SPACE',''
  ) );
#2477 = ORIENTED_EDGE('',*,*,#2478,.F.);
#2478 = EDGE_CURVE('',#1939,#2456,#2479,.T.);
#2479 = SURFACE_CURVE('',#2480,(#2485,#2492),.PCURVE_S1.);
#2480 = CIRCLE('',#2481,2.6);
#2481 = AXIS2_PLACEMENT_3D('',#2482,#2483,#2484);
#2482 = CARTESIAN_POINT('',(124.1,55.54,1.6));
#2483 = DIRECTION('',(0.,-0.,1.));
#2484 = DIRECTION('',(-0.,-1.,-0.));
#2485 = PCURVE('',#1091,#2486);
#2486 = DEFINITIONAL_REPRESENTATION('',(#2487),#2491);
#2487 = CIRCLE('',#2488,2.6);
#2488 = AXIS2_PLACEMENT_2D('',#2489,#2490);
#2489 = CARTESIAN_POINT('',(-2.6,53.14));
#2490 = DIRECTION('',(-0.,-1.));
#2491 = ( GEOMETRIC_REPRESENTATION_CONTEXT(2) 
PARAMETRIC_REPRESENTATION_CONTEXT() REPRESENTATION_CONTEXT('2D SPACE',''
  ) );
#2492 = PCURVE('',#1325,#2493);
#2493 = DEFINITIONAL_REPRESENTATION('',(#2494),#2498);
#2494 = LINE('',#2495,#2496);
#2495 = CARTESIAN_POINT('',(-1.570796326795,0.));
#2496 = VECTOR('',#2497,1.);
#2497 = DIRECTION('',(1.,0.));
#2498 = ( GEOMETRIC_REPRESENTATION_CONTEXT(2) 
PARAMETRIC_REPRESENTATION_CONTEXT() REPRESENTATION_CONTEXT('2D SPACE',''
  ) );
#2499 = FACE_BOUND('',#2500,.F.);
#2500 = EDGE_LOOP('',(#2501));
#2501 = ORIENTED_EDGE('',*,*,#2502,.F.);
#2502 = EDGE_CURVE('',#2503,#2503,#2505,.T.);
#2503 = VERTEX_POINT('',#2504);
#2504 = CARTESIAN_POINT('',(118.95,7.4,1.6));
#2505 = SURFACE_CURVE('',#2506,(#2511,#2522),.PCURVE_S1.);
#2506 = CIRCLE('',#2507,3.25);
#2507 = AXIS2_PLACEMENT_3D('',#2508,#2509,#2510);
#2508 = CARTESIAN_POINT('',(122.2,7.4,1.6));
#2509 = DIRECTION('',(0.,0.,-1.));
#2510 = DIRECTION('',(-1.,-0.,-0.));
#2511 = PCURVE('',#1091,#2512);
#2512 = DEFINITIONAL_REPRESENTATION('',(#2513),#2521);
#2513 = ( BOUNDED_CURVE() B_SPLINE_CURVE(2,(#2514,#2515,#2516,#2517,
#2518,#2519,#2520),.UNSPECIFIED.,.T.,.F.) B_SPLINE_CURVE_WITH_KNOTS((1,2
    ,2,2,2,1),(-2.094395102393,0.,2.094395102393,4.188790204786,
6.28318530718,8.377580409573),.UNSPECIFIED.) CURVE() 
GEOMETRIC_REPRESENTATION_ITEM() RATIONAL_B_SPLINE_CURVE((1.,0.5,1.,0.5,
1.,0.5,1.)) REPRESENTATION_ITEM('') );
#2514 = CARTESIAN_POINT('',(-7.75,5.));
#2515 = CARTESIAN_POINT('',(-7.75,10.629165124599));
#2516 = CARTESIAN_POINT('',(-2.875,7.814582562299));
#2517 = CARTESIAN_POINT('',(2.,5.));
#2518 = CARTESIAN_POINT('',(-2.875,2.185417437701));
#2519 = CARTESIAN_POINT('',(-7.75,-0.629165124599));
#2520 = CARTESIAN_POINT('',(-7.75,5.));
#2521 = ( GEOMETRIC_REPRESENTATION_CONTEXT(2) 
PARAMETRIC_REPRESENTATION_CONTEXT() REPRESENTATION_CONTEXT('2D SPACE',''
  ) );
#2522 = PCURVE('',#2523,#2528);
#2523 = CYLINDRICAL_SURFACE('',#2524,3.25);
#2524 = AXIS2_PLACEMENT_3D('',#2525,#2526,#2527);
#2525 = CARTESIAN_POINT('',(122.2,7.4,1.6));
#2526 = DIRECTION('',(0.,-0.,-1.));
#2527 = DIRECTION('',(-1.,-0.,-0.));
#2528 = DEFINITIONAL_REPRESENTATION('',(#2529),#2533);
#2529 = LINE('',#2530,#2531);
#2530 = CARTESIAN_POINT('',(0.,0.));
#2531 = VECTOR('',#2532,1.);
#2532 = DIRECTION('',(1.,0.));
#2533 = ( GEOMETRIC_REPRESENTATION_CONTEXT(2) 
PARAMETRIC_REPRESENTATION_CONTEXT() REPRESENTATION_CONTEXT('2D SPACE',''
  ) );
#2534 = FACE_BOUND('',#2535,.F.);
#2535 = EDGE_LOOP('',(#2536));
#2536 = ORIENTED_EDGE('',*,*,#2537,.F.);
#2537 = EDGE_CURVE('',#2538,#2538,#2540,.T.);
#2538 = VERTEX_POINT('',#2539);
#2539 = CARTESIAN_POINT('',(6.15,7.4,1.6));
#2540 = SURFACE_CURVE('',#2541,(#2546,#2557),.PCURVE_S1.);
#2541 = CIRCLE('',#2542,3.25);
#2542 = AXIS2_PLACEMENT_3D('',#2543,#2544,#2545);
#2543 = CARTESIAN_POINT('',(9.4,7.4,1.6));
#2544 = DIRECTION('',(0.,0.,-1.));
#2545 = DIRECTION('',(-1.,-0.,-0.));
#2546 = PCURVE('',#1091,#2547);
#2547 = DEFINITIONAL_REPRESENTATION('',(#2548),#2556);
#2548 = ( BOUNDED_CURVE() B_SPLINE_CURVE(2,(#2549,#2550,#2551,#2552,
#2553,#2554,#2555),.UNSPECIFIED.,.T.,.F.) B_SPLINE_CURVE_WITH_KNOTS((1,2
    ,2,2,2,1),(-2.094395102393,0.,2.094395102393,4.188790204786,
6.28318530718,8.377580409573),.UNSPECIFIED.) CURVE() 
GEOMETRIC_REPRESENTATION_ITEM() RATIONAL_B_SPLINE_CURVE((1.,0.5,1.,0.5,
1.,0.5,1.)) REPRESENTATION_ITEM('') );
#2549 = CARTESIAN_POINT('',(-120.55,5.));
#2550 = CARTESIAN_POINT('',(-120.55,10.629165124599));
#2551 = CARTESIAN_POINT('',(-115.675,7.814582562299));
#2552 = CARTESIAN_POINT('',(-110.8,5.));
#2553 = CARTESIAN_POINT('',(-115.675,2.185417437701));
#2554 = CARTESIAN_POINT('',(-120.55,-0.629165124599));
#2555 = CARTESIAN_POINT('',(-120.55,5.));
#2556 = ( GEOMETRIC_REPRESENTATION_CONTEXT(2) 
PARAMETRIC_REPRESENTATION_CONTEXT() REPRESENTATION_CONTEXT('2D SPACE',''
  ) );
#2557 = PCURVE('',#2558,#2563);
#2558 = CYLINDRICAL_SURFACE('',#2559,3.25);
#2559 = AXIS2_PLACEMENT_3D('',#2560,#2561,#2562);
#2560 = CARTESIAN_POINT('',(9.4,7.4,1.6));
#2561 = DIRECTION('',(0.,-0.,-1.));
#2562 = DIRECTION('',(-1.,-0.,-0.));
#2563 = DEFINITIONAL_REPRESENTATION('',(#2564),#2568);
#2564 = LINE('',#2565,#2566);
#2565 = CARTESIAN_POINT('',(0.,0.));
#2566 = VECTOR('',#2567,1.);
#2567 = DIRECTION('',(1.,0.));
#2568 = ( GEOMETRIC_REPRESENTATION_CONTEXT(2) 
PARAMETRIC_REPRESENTATION_CONTEXT() REPRESENTATION_CONTEXT('2D SPACE',''
  ) );
#2569 = FACE_BOUND('',#2570,.F.);
#2570 = EDGE_LOOP('',(#2571));
#2571 = ORIENTED_EDGE('',*,*,#2572,.F.);
#2572 = EDGE_CURVE('',#2573,#2573,#2575,.T.);
#2573 = VERTEX_POINT('',#2574);
#2574 = CARTESIAN_POINT('',(118.95,53.14,1.6));
#2575 = SURFACE_CURVE('',#2576,(#2581,#2592),.PCURVE_S1.);
#2576 = CIRCLE('',#2577,3.25);
#2577 = AXIS2_PLACEMENT_3D('',#2578,#2579,#2580);
#2578 = CARTESIAN_POINT('',(122.2,53.14,1.6));
#2579 = DIRECTION('',(0.,0.,-1.));
#2580 = DIRECTION('',(-1.,-0.,-0.));
#2581 = PCURVE('',#1091,#2582);
#2582 = DEFINITIONAL_REPRESENTATION('',(#2583),#2591);
#2583 = ( BOUNDED_CURVE() B_SPLINE_CURVE(2,(#2584,#2585,#2586,#2587,
#2588,#2589,#2590),.UNSPECIFIED.,.T.,.F.) B_SPLINE_CURVE_WITH_KNOTS((1,2
    ,2,2,2,1),(-2.094395102393,0.,2.094395102393,4.188790204786,
6.28318530718,8.377580409573),.UNSPECIFIED.) CURVE() 
GEOMETRIC_REPRESENTATION_ITEM() RATIONAL_B_SPLINE_CURVE((1.,0.5,1.,0.5,
1.,0.5,1.)) REPRESENTATION_ITEM('') );
#2584 = CARTESIAN_POINT('',(-7.75,50.74));
#2585 = CARTESIAN_POINT('',(-7.75,56.369165124599));
#2586 = CARTESIAN_POINT('',(-2.875,53.554582562299));
#2587 = CARTESIAN_POINT('',(2.,50.74));
#2588 = CARTESIAN_POINT('',(-2.875,47.925417437701));
#2589 = CARTESIAN_POINT('',(-7.75,45.110834875401));
#2590 = CARTESIAN_POINT('',(-7.75,50.74));
#2591 = ( GEOMETRIC_REPRESENTATION_CONTEXT(2) 
PARAMETRIC_REPRESENTATION_CONTEXT() REPRESENTATION_CONTEXT('2D SPACE',''
  ) );
#2592 = PCURVE('',#2593,#2598);
#2593 = CYLINDRICAL_SURFACE('',#2594,3.25);
#2594 = AXIS2_PLACEMENT_3D('',#2595,#2596,#2597);
#2595 = CARTESIAN_POINT('',(122.2,53.14,1.6));
#2596 = DIRECTION('',(0.,-0.,-1.));
#2597 = DIRECTION('',(-1.,-0.,-0.));
#2598 = DEFINITIONAL_REPRESENTATION('',(#2599),#2603);
#2599 = LINE('',#2600,#2601);
#2600 = CARTESIAN_POINT('',(0.,0.));
#2601 = VECTOR('',#2602,1.);
#2602 = DIRECTION('',(1.,0.));
#2603 = ( GEOMETRIC_REPRESENTATION_CONTEXT(2) 
PARAMETRIC_REPRESENTATION_CONTEXT() REPRESENTATION_CONTEXT('2D SPACE',''
  ) );
#2604 = FACE_BOUND('',#2605,.F.);
#2605 = EDGE_LOOP('',(#2606,#2607,#2608,#2609));
#2606 = ORIENTED_EDGE('',*,*,#1077,.T.);
#2607 = ORIENTED_EDGE('',*,*,#1180,.T.);
#2608 = ORIENTED_EDGE('',*,*,#1207,.F.);
#2609 = ORIENTED_EDGE('',*,*,#1131,.F.);
#2610 = FACE_BOUND('',#2611,.F.);
#2611 = EDGE_LOOP('',(#2612));
#2612 = ORIENTED_EDGE('',*,*,#2613,.F.);
#2613 = EDGE_CURVE('',#2614,#2614,#2616,.T.);
#2614 = VERTEX_POINT('',#2615);
#2615 = CARTESIAN_POINT('',(6.15,53.14,1.6));
#2616 = SURFACE_CURVE('',#2617,(#2622,#2633),.PCURVE_S1.);
#2617 = CIRCLE('',#2618,3.25);
#2618 = AXIS2_PLACEMENT_3D('',#2619,#2620,#2621);
#2619 = CARTESIAN_POINT('',(9.4,53.14,1.6));
#2620 = DIRECTION('',(0.,0.,-1.));
#2621 = DIRECTION('',(-1.,-0.,-0.));
#2622 = PCURVE('',#1091,#2623);
#2623 = DEFINITIONAL_REPRESENTATION('',(#2624),#2632);
#2624 = ( BOUNDED_CURVE() B_SPLINE_CURVE(2,(#2625,#2626,#2627,#2628,
#2629,#2630,#2631),.UNSPECIFIED.,.T.,.F.) B_SPLINE_CURVE_WITH_KNOTS((1,2
    ,2,2,2,1),(-2.094395102393,0.,2.094395102393,4.188790204786,
6.28318530718,8.377580409573),.UNSPECIFIED.) CURVE() 
GEOMETRIC_REPRESENTATION_ITEM() RATIONAL_B_SPLINE_CURVE((1.,0.5,1.,0.5,
1.,0.5,1.)) REPRESENTATION_ITEM('') );
#2625 = CARTESIAN_POINT('',(-120.55,50.74));
#2626 = CARTESIAN_POINT('',(-120.55,56.369165124599));
#2627 = CARTESIAN_POINT('',(-115.675,53.554582562299));
#2628 = CARTESIAN_POINT('',(-110.8,50.74));
#2629 = CARTESIAN_POINT('',(-115.675,47.925417437701));
#2630 = CARTESIAN_POINT('',(-120.55,45.110834875401));
#2631 = CARTESIAN_POINT('',(-120.55,50.74));
#2632 = ( GEOMETRIC_REPRESENTATION_CONTEXT(2) 
PARAMETRIC_REPRESENTATION_CONTEXT() REPRESENTATION_CONTEXT('2D SPACE',''
  ) );
#2633 = PCURVE('',#2634,#2639);
#2634 = CYLINDRICAL_SURFACE('',#2635,3.25);
#2635 = AXIS2_PLACEMENT_3D('',#2636,#2637,#2638);
#2636 = CARTESIAN_POINT('',(9.4,53.14,1.6));
#2637 = DIRECTION('',(0.,-0.,-1.));
#2638 = DIRECTION('',(-1.,-0.,-0.));
#2639 = DEFINITIONAL_REPRESENTATION('',(#2640),#2644);
#2640 = LINE('',#2641,#2642);
#2641 = CARTESIAN_POINT('',(0.,0.));
#2642 = VECTOR('',#2643,1.);
#2643 = DIRECTION('',(1.,0.));
#2644 = ( GEOMETRIC_REPRESENTATION_CONTEXT(2) 
PARAMETRIC_REPRESENTATION_CONTEXT() REPRESENTATION_CONTEXT('2D SPACE',''
  ) );
#2645 = ADVANCED_FACE('',(#2646),#1264,.F.);
#2646 = FACE_BOUND('',#2647,.T.);
#2647 = EDGE_LOOP('',(#2648,#2669,#2670,#2691));
#2648 = ORIENTED_EDGE('',*,*,#2649,.F.);
#2649 = EDGE_CURVE('',#1937,#1242,#2650,.T.);
#2650 = SURFACE_CURVE('',#2651,(#2655,#2662),.PCURVE_S1.);
#2651 = LINE('',#2652,#2653);
#2652 = CARTESIAN_POINT('',(126.7,5.,1.6));
#2653 = VECTOR('',#2654,1.);
#2654 = DIRECTION('',(-0.,-0.,1.));
#2655 = PCURVE('',#1264,#2656);
#2656 = DEFINITIONAL_REPRESENTATION('',(#2657),#2661);
#2657 = LINE('',#2658,#2659);
#2658 = CARTESIAN_POINT('',(-0.,0.));
#2659 = VECTOR('',#2660,1.);
#2660 = DIRECTION('',(-0.,1.));
#2661 = ( GEOMETRIC_REPRESENTATION_CONTEXT(2) 
PARAMETRIC_REPRESENTATION_CONTEXT() REPRESENTATION_CONTEXT('2D SPACE',''
  ) );
#2662 = PCURVE('',#1292,#2663);
#2663 = DEFINITIONAL_REPRESENTATION('',(#2664),#2668);
#2664 = LINE('',#2665,#2666);
#2665 = CARTESIAN_POINT('',(-0.,-2.6));
#2666 = VECTOR('',#2667,1.);
#2667 = DIRECTION('',(-1.,-0.));
#2668 = ( GEOMETRIC_REPRESENTATION_CONTEXT(2) 
PARAMETRIC_REPRESENTATION_CONTEXT() REPRESENTATION_CONTEXT('2D SPACE',''
  ) );
#2669 = ORIENTED_EDGE('',*,*,#1961,.T.);
#2670 = ORIENTED_EDGE('',*,*,#2671,.T.);
#2671 = EDGE_CURVE('',#1962,#1244,#2672,.T.);
#2672 = SURFACE_CURVE('',#2673,(#2677,#2684),.PCURVE_S1.);
#2673 = LINE('',#2674,#2675);
#2674 = CARTESIAN_POINT('',(124.1,2.4,1.6));
#2675 = VECTOR('',#2676,1.);
#2676 = DIRECTION('',(-0.,-0.,1.));
#2677 = PCURVE('',#1264,#2678);
#2678 = DEFINITIONAL_REPRESENTATION('',(#2679),#2683);
#2679 = LINE('',#2680,#2681);
#2680 = CARTESIAN_POINT('',(-1.570796326795,0.));
#2681 = VECTOR('',#2682,1.);
#2682 = DIRECTION('',(-0.,1.));
#2683 = ( GEOMETRIC_REPRESENTATION_CONTEXT(2) 
PARAMETRIC_REPRESENTATION_CONTEXT() REPRESENTATION_CONTEXT('2D SPACE',''
  ) );
#2684 = PCURVE('',#1921,#2685);
#2685 = DEFINITIONAL_REPRESENTATION('',(#2686),#2690);
#2686 = LINE('',#2687,#2688);
#2687 = CARTESIAN_POINT('',(-0.,2.6));
#2688 = VECTOR('',#2689,1.);
#2689 = DIRECTION('',(-1.,-0.));
#2690 = ( GEOMETRIC_REPRESENTATION_CONTEXT(2) 
PARAMETRIC_REPRESENTATION_CONTEXT() REPRESENTATION_CONTEXT('2D SPACE',''
  ) );
#2691 = ORIENTED_EDGE('',*,*,#1241,.F.);
#2692 = ADVANCED_FACE('',(#2693),#1292,.T.);
#2693 = FACE_BOUND('',#2694,.F.);
#2694 = EDGE_LOOP('',(#2695,#2696,#2697,#2698));
#2695 = ORIENTED_EDGE('',*,*,#1276,.F.);
#2696 = ORIENTED_EDGE('',*,*,#2649,.F.);
#2697 = ORIENTED_EDGE('',*,*,#1936,.T.);
#2698 = ORIENTED_EDGE('',*,*,#2699,.T.);
#2699 = EDGE_CURVE('',#1939,#1277,#2700,.T.);
#2700 = SURFACE_CURVE('',#2701,(#2705,#2712),.PCURVE_S1.);
#2701 = LINE('',#2702,#2703);
#2702 = CARTESIAN_POINT('',(126.7,55.54,1.6));
#2703 = VECTOR('',#2704,1.);
#2704 = DIRECTION('',(-0.,-0.,1.));
#2705 = PCURVE('',#1292,#2706);
#2706 = DEFINITIONAL_REPRESENTATION('',(#2707),#2711);
#2707 = LINE('',#2708,#2709);
#2708 = CARTESIAN_POINT('',(-0.,-53.14));
#2709 = VECTOR('',#2710,1.);
#2710 = DIRECTION('',(-1.,-0.));
#2711 = ( GEOMETRIC_REPRESENTATION_CONTEXT(2) 
PARAMETRIC_REPRESENTATION_CONTEXT() REPRESENTATION_CONTEXT('2D SPACE',''
  ) );
#2712 = PCURVE('',#1325,#2713);
#2713 = DEFINITIONAL_REPRESENTATION('',(#2714),#2718);
#2714 = LINE('',#2715,#2716);
#2715 = CARTESIAN_POINT('',(0.,0.));
#2716 = VECTOR('',#2717,1.);
#2717 = DIRECTION('',(0.,1.));
#2718 = ( GEOMETRIC_REPRESENTATION_CONTEXT(2) 
PARAMETRIC_REPRESENTATION_CONTEXT() REPRESENTATION_CONTEXT('2D SPACE',''
  ) );
#2719 = ADVANCED_FACE('',(#2720),#1325,.F.);
#2720 = FACE_BOUND('',#2721,.F.);
#2721 = EDGE_LOOP('',(#2722,#2723,#2724,#2745));
#2722 = ORIENTED_EDGE('',*,*,#2699,.F.);
#2723 = ORIENTED_EDGE('',*,*,#2478,.T.);
#2724 = ORIENTED_EDGE('',*,*,#2725,.T.);
#2725 = EDGE_CURVE('',#2456,#1305,#2726,.T.);
#2726 = SURFACE_CURVE('',#2727,(#2731,#2738),.PCURVE_S1.);
#2727 = LINE('',#2728,#2729);
#2728 = CARTESIAN_POINT('',(124.1,58.14,1.6));
#2729 = VECTOR('',#2730,1.);
#2730 = DIRECTION('',(-0.,-0.,1.));
#2731 = PCURVE('',#1325,#2732);
#2732 = DEFINITIONAL_REPRESENTATION('',(#2733),#2737);
#2733 = LINE('',#2734,#2735);
#2734 = CARTESIAN_POINT('',(1.570796326795,0.));
#2735 = VECTOR('',#2736,1.);
#2736 = DIRECTION('',(0.,1.));
#2737 = ( GEOMETRIC_REPRESENTATION_CONTEXT(2) 
PARAMETRIC_REPRESENTATION_CONTEXT() REPRESENTATION_CONTEXT('2D SPACE',''
  ) );
#2738 = PCURVE('',#1353,#2739);
#2739 = DEFINITIONAL_REPRESENTATION('',(#2740),#2744);
#2740 = LINE('',#2741,#2742);
#2741 = CARTESIAN_POINT('',(-0.,2.6));
#2742 = VECTOR('',#2743,1.);
#2743 = DIRECTION('',(-1.,-0.));
#2744 = ( GEOMETRIC_REPRESENTATION_CONTEXT(2) 
PARAMETRIC_REPRESENTATION_CONTEXT() REPRESENTATION_CONTEXT('2D SPACE',''
  ) );
#2745 = ORIENTED_EDGE('',*,*,#1304,.T.);
#2746 = ADVANCED_FACE('',(#2747),#1353,.F.);
#2747 = FACE_BOUND('',#2748,.T.);
#2748 = EDGE_LOOP('',(#2749,#2750,#2751,#2752));
#2749 = ORIENTED_EDGE('',*,*,#2455,.F.);
#2750 = ORIENTED_EDGE('',*,*,#2725,.T.);
#2751 = ORIENTED_EDGE('',*,*,#1337,.F.);
#2752 = ORIENTED_EDGE('',*,*,#2753,.F.);
#2753 = EDGE_CURVE('',#2433,#1338,#2754,.T.);
#2754 = SURFACE_CURVE('',#2755,(#2759,#2766),.PCURVE_S1.);
#2755 = LINE('',#2756,#2757);
#2756 = CARTESIAN_POINT('',(118.9,58.14,1.6));
#2757 = VECTOR('',#2758,1.);
#2758 = DIRECTION('',(0.,0.,1.));
#2759 = PCURVE('',#1353,#2760);
#2760 = DEFINITIONAL_REPRESENTATION('',(#2761),#2765);
#2761 = LINE('',#2762,#2763);
#2762 = CARTESIAN_POINT('',(-0.,7.8));
#2763 = VECTOR('',#2764,1.);
#2764 = DIRECTION('',(-1.,-0.));
#2765 = ( GEOMETRIC_REPRESENTATION_CONTEXT(2) 
PARAMETRIC_REPRESENTATION_CONTEXT() REPRESENTATION_CONTEXT('2D SPACE',''
  ) );
#2766 = PCURVE('',#1381,#2767);
#2767 = DEFINITIONAL_REPRESENTATION('',(#2768),#2772);
#2768 = LINE('',#2769,#2770);
#2769 = CARTESIAN_POINT('',(-0.,-14.));
#2770 = VECTOR('',#2771,1.);
#2771 = DIRECTION('',(-1.,-0.));
#2772 = ( GEOMETRIC_REPRESENTATION_CONTEXT(2) 
PARAMETRIC_REPRESENTATION_CONTEXT() REPRESENTATION_CONTEXT('2D SPACE',''
  ) );
#2773 = ADVANCED_FACE('',(#2774),#1381,.F.);
#2774 = FACE_BOUND('',#2775,.T.);
#2775 = EDGE_LOOP('',(#2776,#2797,#2798,#2799));
#2776 = ORIENTED_EDGE('',*,*,#2777,.F.);
#2777 = EDGE_CURVE('',#2410,#1366,#2778,.T.);
#2778 = SURFACE_CURVE('',#2779,(#2783,#2790),.PCURVE_S1.);
#2779 = LINE('',#2780,#2781);
#2780 = CARTESIAN_POINT('',(118.9,44.14,1.6));
#2781 = VECTOR('',#2782,1.);
#2782 = DIRECTION('',(0.,0.,1.));
#2783 = PCURVE('',#1381,#2784);
#2784 = DEFINITIONAL_REPRESENTATION('',(#2785),#2789);
#2785 = LINE('',#2786,#2787);
#2786 = CARTESIAN_POINT('',(-0.,-0.));
#2787 = VECTOR('',#2788,1.);
#2788 = DIRECTION('',(-1.,-0.));
#2789 = ( GEOMETRIC_REPRESENTATION_CONTEXT(2) 
PARAMETRIC_REPRESENTATION_CONTEXT() REPRESENTATION_CONTEXT('2D SPACE',''
  ) );
#2790 = PCURVE('',#1409,#2791);
#2791 = DEFINITIONAL_REPRESENTATION('',(#2792),#2796);
#2792 = LINE('',#2793,#2794);
#2793 = CARTESIAN_POINT('',(-0.,-0.));
#2794 = VECTOR('',#2795,1.);
#2795 = DIRECTION('',(-1.,0.));
#2796 = ( GEOMETRIC_REPRESENTATION_CONTEXT(2) 
PARAMETRIC_REPRESENTATION_CONTEXT() REPRESENTATION_CONTEXT('2D SPACE',''
  ) );
#2797 = ORIENTED_EDGE('',*,*,#2432,.T.);
#2798 = ORIENTED_EDGE('',*,*,#2753,.T.);
#2799 = ORIENTED_EDGE('',*,*,#1365,.F.);
#2800 = ADVANCED_FACE('',(#2801),#1409,.F.);
#2801 = FACE_BOUND('',#2802,.T.);
#2802 = EDGE_LOOP('',(#2803,#2804,#2805,#2806));
#2803 = ORIENTED_EDGE('',*,*,#2409,.F.);
#2804 = ORIENTED_EDGE('',*,*,#2777,.T.);
#2805 = ORIENTED_EDGE('',*,*,#1393,.T.);
#2806 = ORIENTED_EDGE('',*,*,#2807,.F.);
#2807 = EDGE_CURVE('',#2387,#1394,#2808,.T.);
#2808 = SURFACE_CURVE('',#2809,(#2813,#2820),.PCURVE_S1.);
#2809 = LINE('',#2810,#2811);
#2810 = CARTESIAN_POINT('',(117.7,44.14,1.6));
#2811 = VECTOR('',#2812,1.);
#2812 = DIRECTION('',(0.,0.,1.));
#2813 = PCURVE('',#1409,#2814);
#2814 = DEFINITIONAL_REPRESENTATION('',(#2815),#2819);
#2815 = LINE('',#2816,#2817);
#2816 = CARTESIAN_POINT('',(-0.,1.2));
#2817 = VECTOR('',#2818,1.);
#2818 = DIRECTION('',(-1.,0.));
#2819 = ( GEOMETRIC_REPRESENTATION_CONTEXT(2) 
PARAMETRIC_REPRESENTATION_CONTEXT() REPRESENTATION_CONTEXT('2D SPACE',''
  ) );
#2820 = PCURVE('',#1437,#2821);
#2821 = DEFINITIONAL_REPRESENTATION('',(#2822),#2826);
#2822 = LINE('',#2823,#2824);
#2823 = CARTESIAN_POINT('',(-0.,-0.));
#2824 = VECTOR('',#2825,1.);
#2825 = DIRECTION('',(-1.,-0.));
#2826 = ( GEOMETRIC_REPRESENTATION_CONTEXT(2) 
PARAMETRIC_REPRESENTATION_CONTEXT() REPRESENTATION_CONTEXT('2D SPACE',''
  ) );
#2827 = ADVANCED_FACE('',(#2828),#1437,.T.);
#2828 = FACE_BOUND('',#2829,.F.);
#2829 = EDGE_LOOP('',(#2830,#2831,#2832,#2853));
#2830 = ORIENTED_EDGE('',*,*,#2807,.F.);
#2831 = ORIENTED_EDGE('',*,*,#2386,.T.);
#2832 = ORIENTED_EDGE('',*,*,#2833,.T.);
#2833 = EDGE_CURVE('',#2364,#1422,#2834,.T.);
#2834 = SURFACE_CURVE('',#2835,(#2839,#2846),.PCURVE_S1.);
#2835 = LINE('',#2836,#2837);
#2836 = CARTESIAN_POINT('',(117.7,58.14,1.6));
#2837 = VECTOR('',#2838,1.);
#2838 = DIRECTION('',(0.,0.,1.));
#2839 = PCURVE('',#1437,#2840);
#2840 = DEFINITIONAL_REPRESENTATION('',(#2841),#2845);
#2841 = LINE('',#2842,#2843);
#2842 = CARTESIAN_POINT('',(-0.,-14.));
#2843 = VECTOR('',#2844,1.);
#2844 = DIRECTION('',(-1.,-0.));
#2845 = ( GEOMETRIC_REPRESENTATION_CONTEXT(2) 
PARAMETRIC_REPRESENTATION_CONTEXT() REPRESENTATION_CONTEXT('2D SPACE',''
  ) );
#2846 = PCURVE('',#1465,#2847);
#2847 = DEFINITIONAL_REPRESENTATION('',(#2848),#2852);
#2848 = LINE('',#2849,#2850);
#2849 = CARTESIAN_POINT('',(-0.,9.));
#2850 = VECTOR('',#2851,1.);
#2851 = DIRECTION('',(-1.,-0.));
#2852 = ( GEOMETRIC_REPRESENTATION_CONTEXT(2) 
PARAMETRIC_REPRESENTATION_CONTEXT() REPRESENTATION_CONTEXT('2D SPACE',''
  ) );
#2853 = ORIENTED_EDGE('',*,*,#1421,.F.);
#2854 = ADVANCED_FACE('',(#2855),#1465,.F.);
#2855 = FACE_BOUND('',#2856,.T.);
#2856 = EDGE_LOOP('',(#2857,#2858,#2859,#2860));
#2857 = ORIENTED_EDGE('',*,*,#2363,.F.);
#2858 = ORIENTED_EDGE('',*,*,#2833,.T.);
#2859 = ORIENTED_EDGE('',*,*,#1449,.F.);
#2860 = ORIENTED_EDGE('',*,*,#2861,.F.);
#2861 = EDGE_CURVE('',#2341,#1450,#2862,.T.);
#2862 = SURFACE_CURVE('',#2863,(#2867,#2874),.PCURVE_S1.);
#2863 = LINE('',#2864,#2865);
#2864 = CARTESIAN_POINT('',(16.4,58.14,1.6));
#2865 = VECTOR('',#2866,1.);
#2866 = DIRECTION('',(0.,0.,1.));
#2867 = PCURVE('',#1465,#2868);
#2868 = DEFINITIONAL_REPRESENTATION('',(#2869),#2873);
#2869 = LINE('',#2870,#2871);
#2870 = CARTESIAN_POINT('',(-0.,110.3));
#2871 = VECTOR('',#2872,1.);
#2872 = DIRECTION('',(-1.,-0.));
#2873 = ( GEOMETRIC_REPRESENTATION_CONTEXT(2) 
PARAMETRIC_REPRESENTATION_CONTEXT() REPRESENTATION_CONTEXT('2D SPACE',''
  ) );
#2874 = PCURVE('',#1493,#2875);
#2875 = DEFINITIONAL_REPRESENTATION('',(#2876),#2880);
#2876 = LINE('',#2877,#2878);
#2877 = CARTESIAN_POINT('',(-0.,-14.));
#2878 = VECTOR('',#2879,1.);
#2879 = DIRECTION('',(-1.,-0.));
#2880 = ( GEOMETRIC_REPRESENTATION_CONTEXT(2) 
PARAMETRIC_REPRESENTATION_CONTEXT() REPRESENTATION_CONTEXT('2D SPACE',''
  ) );
#2881 = ADVANCED_FACE('',(#2882),#1493,.F.);
#2882 = FACE_BOUND('',#2883,.T.);
#2883 = EDGE_LOOP('',(#2884,#2905,#2906,#2907));
#2884 = ORIENTED_EDGE('',*,*,#2885,.F.);
#2885 = EDGE_CURVE('',#2318,#1478,#2886,.T.);
#2886 = SURFACE_CURVE('',#2887,(#2891,#2898),.PCURVE_S1.);
#2887 = LINE('',#2888,#2889);
#2888 = CARTESIAN_POINT('',(16.4,44.14,1.6));
#2889 = VECTOR('',#2890,1.);
#2890 = DIRECTION('',(0.,0.,1.));
#2891 = PCURVE('',#1493,#2892);
#2892 = DEFINITIONAL_REPRESENTATION('',(#2893),#2897);
#2893 = LINE('',#2894,#2895);
#2894 = CARTESIAN_POINT('',(-0.,-0.));
#2895 = VECTOR('',#2896,1.);
#2896 = DIRECTION('',(-1.,-0.));
#2897 = ( GEOMETRIC_REPRESENTATION_CONTEXT(2) 
PARAMETRIC_REPRESENTATION_CONTEXT() REPRESENTATION_CONTEXT('2D SPACE',''
  ) );
#2898 = PCURVE('',#1521,#2899);
#2899 = DEFINITIONAL_REPRESENTATION('',(#2900),#2904);
#2900 = LINE('',#2901,#2902);
#2901 = CARTESIAN_POINT('',(-0.,-0.));
#2902 = VECTOR('',#2903,1.);
#2903 = DIRECTION('',(-1.,0.));
#2904 = ( GEOMETRIC_REPRESENTATION_CONTEXT(2) 
PARAMETRIC_REPRESENTATION_CONTEXT() REPRESENTATION_CONTEXT('2D SPACE',''
  ) );
#2905 = ORIENTED_EDGE('',*,*,#2340,.T.);
#2906 = ORIENTED_EDGE('',*,*,#2861,.T.);
#2907 = ORIENTED_EDGE('',*,*,#1477,.F.);
#2908 = ADVANCED_FACE('',(#2909),#1521,.F.);
#2909 = FACE_BOUND('',#2910,.T.);
#2910 = EDGE_LOOP('',(#2911,#2912,#2913,#2914));
#2911 = ORIENTED_EDGE('',*,*,#2317,.F.);
#2912 = ORIENTED_EDGE('',*,*,#2885,.T.);
#2913 = ORIENTED_EDGE('',*,*,#1505,.T.);
#2914 = ORIENTED_EDGE('',*,*,#2915,.F.);
#2915 = EDGE_CURVE('',#2295,#1506,#2916,.T.);
#2916 = SURFACE_CURVE('',#2917,(#2921,#2928),.PCURVE_S1.);
#2917 = LINE('',#2918,#2919);
#2918 = CARTESIAN_POINT('',(15.2,44.14,1.6));
#2919 = VECTOR('',#2920,1.);
#2920 = DIRECTION('',(0.,0.,1.));
#2921 = PCURVE('',#1521,#2922);
#2922 = DEFINITIONAL_REPRESENTATION('',(#2923),#2927);
#2923 = LINE('',#2924,#2925);
#2924 = CARTESIAN_POINT('',(-0.,1.2));
#2925 = VECTOR('',#2926,1.);
#2926 = DIRECTION('',(-1.,0.));
#2927 = ( GEOMETRIC_REPRESENTATION_CONTEXT(2) 
PARAMETRIC_REPRESENTATION_CONTEXT() REPRESENTATION_CONTEXT('2D SPACE',''
  ) );
#2928 = PCURVE('',#1549,#2929);
#2929 = DEFINITIONAL_REPRESENTATION('',(#2930),#2934);
#2930 = LINE('',#2931,#2932);
#2931 = CARTESIAN_POINT('',(-0.,-0.));
#2932 = VECTOR('',#2933,1.);
#2933 = DIRECTION('',(-1.,-0.));
#2934 = ( GEOMETRIC_REPRESENTATION_CONTEXT(2) 
PARAMETRIC_REPRESENTATION_CONTEXT() REPRESENTATION_CONTEXT('2D SPACE',''
  ) );
#2935 = ADVANCED_FACE('',(#2936),#1549,.T.);
#2936 = FACE_BOUND('',#2937,.F.);
#2937 = EDGE_LOOP('',(#2938,#2939,#2940,#2961));
#2938 = ORIENTED_EDGE('',*,*,#2915,.F.);
#2939 = ORIENTED_EDGE('',*,*,#2294,.T.);
#2940 = ORIENTED_EDGE('',*,*,#2941,.T.);
#2941 = EDGE_CURVE('',#2272,#1534,#2942,.T.);
#2942 = SURFACE_CURVE('',#2943,(#2947,#2954),.PCURVE_S1.);
#2943 = LINE('',#2944,#2945);
#2944 = CARTESIAN_POINT('',(15.2,58.14,1.6));
#2945 = VECTOR('',#2946,1.);
#2946 = DIRECTION('',(0.,0.,1.));
#2947 = PCURVE('',#1549,#2948);
#2948 = DEFINITIONAL_REPRESENTATION('',(#2949),#2953);
#2949 = LINE('',#2950,#2951);
#2950 = CARTESIAN_POINT('',(-0.,-14.));
#2951 = VECTOR('',#2952,1.);
#2952 = DIRECTION('',(-1.,-0.));
#2953 = ( GEOMETRIC_REPRESENTATION_CONTEXT(2) 
PARAMETRIC_REPRESENTATION_CONTEXT() REPRESENTATION_CONTEXT('2D SPACE',''
  ) );
#2954 = PCURVE('',#1577,#2955);
#2955 = DEFINITIONAL_REPRESENTATION('',(#2956),#2960);
#2956 = LINE('',#2957,#2958);
#2957 = CARTESIAN_POINT('',(-0.,111.5));
#2958 = VECTOR('',#2959,1.);
#2959 = DIRECTION('',(-1.,-0.));
#2960 = ( GEOMETRIC_REPRESENTATION_CONTEXT(2) 
PARAMETRIC_REPRESENTATION_CONTEXT() REPRESENTATION_CONTEXT('2D SPACE',''
  ) );
#2961 = ORIENTED_EDGE('',*,*,#1533,.F.);
#2962 = ADVANCED_FACE('',(#2963),#1577,.F.);
#2963 = FACE_BOUND('',#2964,.T.);
#2964 = EDGE_LOOP('',(#2965,#2966,#2967,#2968));
#2965 = ORIENTED_EDGE('',*,*,#2271,.F.);
#2966 = ORIENTED_EDGE('',*,*,#2941,.T.);
#2967 = ORIENTED_EDGE('',*,*,#1561,.F.);
#2968 = ORIENTED_EDGE('',*,*,#2969,.F.);
#2969 = EDGE_CURVE('',#2244,#1562,#2970,.T.);
#2970 = SURFACE_CURVE('',#2971,(#2975,#2982),.PCURVE_S1.);
#2971 = LINE('',#2972,#2973);
#2972 = CARTESIAN_POINT('',(5.,58.14,1.6));
#2973 = VECTOR('',#2974,1.);
#2974 = DIRECTION('',(-0.,-0.,1.));
#2975 = PCURVE('',#1577,#2976);
#2976 = DEFINITIONAL_REPRESENTATION('',(#2977),#2981);
#2977 = LINE('',#2978,#2979);
#2978 = CARTESIAN_POINT('',(-0.,121.7));
#2979 = VECTOR('',#2980,1.);
#2980 = DIRECTION('',(-1.,-0.));
#2981 = ( GEOMETRIC_REPRESENTATION_CONTEXT(2) 
PARAMETRIC_REPRESENTATION_CONTEXT() REPRESENTATION_CONTEXT('2D SPACE',''
  ) );
#2982 = PCURVE('',#1610,#2983);
#2983 = DEFINITIONAL_REPRESENTATION('',(#2984),#2988);
#2984 = LINE('',#2985,#2986);
#2985 = CARTESIAN_POINT('',(-1.570796326795,0.));
#2986 = VECTOR('',#2987,1.);
#2987 = DIRECTION('',(-0.,1.));
#2988 = ( GEOMETRIC_REPRESENTATION_CONTEXT(2) 
PARAMETRIC_REPRESENTATION_CONTEXT() REPRESENTATION_CONTEXT('2D SPACE',''
  ) );
#2989 = ADVANCED_FACE('',(#2990),#1610,.F.);
#2990 = FACE_BOUND('',#2991,.T.);
#2991 = EDGE_LOOP('',(#2992,#3013,#3014,#3015));
#2992 = ORIENTED_EDGE('',*,*,#2993,.F.);
#2993 = EDGE_CURVE('',#2221,#1590,#2994,.T.);
#2994 = SURFACE_CURVE('',#2995,(#2999,#3006),.PCURVE_S1.);
#2995 = LINE('',#2996,#2997);
#2996 = CARTESIAN_POINT('',(2.4,55.54,1.6));
#2997 = VECTOR('',#2998,1.);
#2998 = DIRECTION('',(-0.,-0.,1.));
#2999 = PCURVE('',#1610,#3000);
#3000 = DEFINITIONAL_REPRESENTATION('',(#3001),#3005);
#3001 = LINE('',#3002,#3003);
#3002 = CARTESIAN_POINT('',(-0.,0.));
#3003 = VECTOR('',#3004,1.);
#3004 = DIRECTION('',(-0.,1.));
#3005 = ( GEOMETRIC_REPRESENTATION_CONTEXT(2) 
PARAMETRIC_REPRESENTATION_CONTEXT() REPRESENTATION_CONTEXT('2D SPACE',''
  ) );
#3006 = PCURVE('',#1638,#3007);
#3007 = DEFINITIONAL_REPRESENTATION('',(#3008),#3012);
#3008 = LINE('',#3009,#3010);
#3009 = CARTESIAN_POINT('',(-0.,-53.14));
#3010 = VECTOR('',#3011,1.);
#3011 = DIRECTION('',(-1.,-0.));
#3012 = ( GEOMETRIC_REPRESENTATION_CONTEXT(2) 
PARAMETRIC_REPRESENTATION_CONTEXT() REPRESENTATION_CONTEXT('2D SPACE',''
  ) );
#3013 = ORIENTED_EDGE('',*,*,#2243,.T.);
#3014 = ORIENTED_EDGE('',*,*,#2969,.T.);
#3015 = ORIENTED_EDGE('',*,*,#1589,.F.);
#3016 = ADVANCED_FACE('',(#3017),#1638,.F.);
#3017 = FACE_BOUND('',#3018,.T.);
#3018 = EDGE_LOOP('',(#3019,#3020,#3041,#3042));
#3019 = ORIENTED_EDGE('',*,*,#1622,.F.);
#3020 = ORIENTED_EDGE('',*,*,#3021,.F.);
#3021 = EDGE_CURVE('',#2197,#1623,#3022,.T.);
#3022 = SURFACE_CURVE('',#3023,(#3027,#3034),.PCURVE_S1.);
#3023 = LINE('',#3024,#3025);
#3024 = CARTESIAN_POINT('',(2.4,5.,1.6));
#3025 = VECTOR('',#3026,1.);
#3026 = DIRECTION('',(-0.,-0.,1.));
#3027 = PCURVE('',#1638,#3028);
#3028 = DEFINITIONAL_REPRESENTATION('',(#3029),#3033);
#3029 = LINE('',#3030,#3031);
#3030 = CARTESIAN_POINT('',(-0.,-2.6));
#3031 = VECTOR('',#3032,1.);
#3032 = DIRECTION('',(-1.,-0.));
#3033 = ( GEOMETRIC_REPRESENTATION_CONTEXT(2) 
PARAMETRIC_REPRESENTATION_CONTEXT() REPRESENTATION_CONTEXT('2D SPACE',''
  ) );
#3034 = PCURVE('',#1671,#3035);
#3035 = DEFINITIONAL_REPRESENTATION('',(#3036),#3040);
#3036 = LINE('',#3037,#3038);
#3037 = CARTESIAN_POINT('',(0.,0.));
#3038 = VECTOR('',#3039,1.);
#3039 = DIRECTION('',(0.,1.));
#3040 = ( GEOMETRIC_REPRESENTATION_CONTEXT(2) 
PARAMETRIC_REPRESENTATION_CONTEXT() REPRESENTATION_CONTEXT('2D SPACE',''
  ) );
#3041 = ORIENTED_EDGE('',*,*,#2220,.T.);
#3042 = ORIENTED_EDGE('',*,*,#2993,.T.);
#3043 = ADVANCED_FACE('',(#3044),#1671,.F.);
#3044 = FACE_BOUND('',#3045,.F.);
#3045 = EDGE_LOOP('',(#3046,#3047,#3048,#3069));
#3046 = ORIENTED_EDGE('',*,*,#3021,.F.);
#3047 = ORIENTED_EDGE('',*,*,#2196,.T.);
#3048 = ORIENTED_EDGE('',*,*,#3049,.T.);
#3049 = EDGE_CURVE('',#2174,#1651,#3050,.T.);
#3050 = SURFACE_CURVE('',#3051,(#3055,#3062),.PCURVE_S1.);
#3051 = LINE('',#3052,#3053);
#3052 = CARTESIAN_POINT('',(5.,2.4,1.6));
#3053 = VECTOR('',#3054,1.);
#3054 = DIRECTION('',(-0.,-0.,1.));
#3055 = PCURVE('',#1671,#3056);
#3056 = DEFINITIONAL_REPRESENTATION('',(#3057),#3061);
#3057 = LINE('',#3058,#3059);
#3058 = CARTESIAN_POINT('',(1.570796326795,0.));
#3059 = VECTOR('',#3060,1.);
#3060 = DIRECTION('',(0.,1.));
#3061 = ( GEOMETRIC_REPRESENTATION_CONTEXT(2) 
PARAMETRIC_REPRESENTATION_CONTEXT() REPRESENTATION_CONTEXT('2D SPACE',''
  ) );
#3062 = PCURVE('',#1699,#3063);
#3063 = DEFINITIONAL_REPRESENTATION('',(#3064),#3068);
#3064 = LINE('',#3065,#3066);
#3065 = CARTESIAN_POINT('',(-0.,121.7));
#3066 = VECTOR('',#3067,1.);
#3067 = DIRECTION('',(-1.,-0.));
#3068 = ( GEOMETRIC_REPRESENTATION_CONTEXT(2) 
PARAMETRIC_REPRESENTATION_CONTEXT() REPRESENTATION_CONTEXT('2D SPACE',''
  ) );
#3069 = ORIENTED_EDGE('',*,*,#1650,.T.);
#3070 = ADVANCED_FACE('',(#3071),#1699,.T.);
#3071 = FACE_BOUND('',#3072,.F.);
#3072 = EDGE_LOOP('',(#3073,#3074,#3095,#3096));
#3073 = ORIENTED_EDGE('',*,*,#2173,.F.);
#3074 = ORIENTED_EDGE('',*,*,#3075,.T.);
#3075 = EDGE_CURVE('',#2151,#1684,#3076,.T.);
#3076 = SURFACE_CURVE('',#3077,(#3081,#3088),.PCURVE_S1.);
#3077 = LINE('',#3078,#3079);
#3078 = CARTESIAN_POINT('',(15.2,2.4,1.6));
#3079 = VECTOR('',#3080,1.);
#3080 = DIRECTION('',(0.,0.,1.));
#3081 = PCURVE('',#1699,#3082);
#3082 = DEFINITIONAL_REPRESENTATION('',(#3083),#3087);
#3083 = LINE('',#3084,#3085);
#3084 = CARTESIAN_POINT('',(-0.,111.5));
#3085 = VECTOR('',#3086,1.);
#3086 = DIRECTION('',(-1.,-0.));
#3087 = ( GEOMETRIC_REPRESENTATION_CONTEXT(2) 
PARAMETRIC_REPRESENTATION_CONTEXT() REPRESENTATION_CONTEXT('2D SPACE',''
  ) );
#3088 = PCURVE('',#1727,#3089);
#3089 = DEFINITIONAL_REPRESENTATION('',(#3090),#3094);
#3090 = LINE('',#3091,#3092);
#3091 = CARTESIAN_POINT('',(-0.,-0.));
#3092 = VECTOR('',#3093,1.);
#3093 = DIRECTION('',(-1.,-0.));
#3094 = ( GEOMETRIC_REPRESENTATION_CONTEXT(2) 
PARAMETRIC_REPRESENTATION_CONTEXT() REPRESENTATION_CONTEXT('2D SPACE',''
  ) );
#3095 = ORIENTED_EDGE('',*,*,#1683,.F.);
#3096 = ORIENTED_EDGE('',*,*,#3049,.F.);
#3097 = ADVANCED_FACE('',(#3098),#1727,.T.);
#3098 = FACE_BOUND('',#3099,.F.);
#3099 = EDGE_LOOP('',(#3100,#3101,#3102,#3123));
#3100 = ORIENTED_EDGE('',*,*,#3075,.F.);
#3101 = ORIENTED_EDGE('',*,*,#2150,.T.);
#3102 = ORIENTED_EDGE('',*,*,#3103,.T.);
#3103 = EDGE_CURVE('',#2128,#1712,#3104,.T.);
#3104 = SURFACE_CURVE('',#3105,(#3109,#3116),.PCURVE_S1.);
#3105 = LINE('',#3106,#3107);
#3106 = CARTESIAN_POINT('',(15.2,16.4,1.6));
#3107 = VECTOR('',#3108,1.);
#3108 = DIRECTION('',(0.,0.,1.));
#3109 = PCURVE('',#1727,#3110);
#3110 = DEFINITIONAL_REPRESENTATION('',(#3111),#3115);
#3111 = LINE('',#3112,#3113);
#3112 = CARTESIAN_POINT('',(-0.,-14.));
#3113 = VECTOR('',#3114,1.);
#3114 = DIRECTION('',(-1.,-0.));
#3115 = ( GEOMETRIC_REPRESENTATION_CONTEXT(2) 
PARAMETRIC_REPRESENTATION_CONTEXT() REPRESENTATION_CONTEXT('2D SPACE',''
  ) );
#3116 = PCURVE('',#1755,#3117);
#3117 = DEFINITIONAL_REPRESENTATION('',(#3118),#3122);
#3118 = LINE('',#3119,#3120);
#3119 = CARTESIAN_POINT('',(-0.,1.2));
#3120 = VECTOR('',#3121,1.);
#3121 = DIRECTION('',(-1.,0.));
#3122 = ( GEOMETRIC_REPRESENTATION_CONTEXT(2) 
PARAMETRIC_REPRESENTATION_CONTEXT() REPRESENTATION_CONTEXT('2D SPACE',''
  ) );
#3123 = ORIENTED_EDGE('',*,*,#1711,.F.);
#3124 = ADVANCED_FACE('',(#3125),#1755,.T.);
#3125 = FACE_BOUND('',#3126,.F.);
#3126 = EDGE_LOOP('',(#3127,#3128,#3149,#3150));
#3127 = ORIENTED_EDGE('',*,*,#2127,.F.);
#3128 = ORIENTED_EDGE('',*,*,#3129,.T.);
#3129 = EDGE_CURVE('',#2105,#1740,#3130,.T.);
#3130 = SURFACE_CURVE('',#3131,(#3135,#3142),.PCURVE_S1.);
#3131 = LINE('',#3132,#3133);
#3132 = CARTESIAN_POINT('',(16.4,16.4,1.6));
#3133 = VECTOR('',#3134,1.);
#3134 = DIRECTION('',(0.,0.,1.));
#3135 = PCURVE('',#1755,#3136);
#3136 = DEFINITIONAL_REPRESENTATION('',(#3137),#3141);
#3137 = LINE('',#3138,#3139);
#3138 = CARTESIAN_POINT('',(-0.,-0.));
#3139 = VECTOR('',#3140,1.);
#3140 = DIRECTION('',(-1.,0.));
#3141 = ( GEOMETRIC_REPRESENTATION_CONTEXT(2) 
PARAMETRIC_REPRESENTATION_CONTEXT() REPRESENTATION_CONTEXT('2D SPACE',''
  ) );
#3142 = PCURVE('',#1783,#3143);
#3143 = DEFINITIONAL_REPRESENTATION('',(#3144),#3148);
#3144 = LINE('',#3145,#3146);
#3145 = CARTESIAN_POINT('',(-0.,-14.));
#3146 = VECTOR('',#3147,1.);
#3147 = DIRECTION('',(-1.,-0.));
#3148 = ( GEOMETRIC_REPRESENTATION_CONTEXT(2) 
PARAMETRIC_REPRESENTATION_CONTEXT() REPRESENTATION_CONTEXT('2D SPACE',''
  ) );
#3149 = ORIENTED_EDGE('',*,*,#1739,.T.);
#3150 = ORIENTED_EDGE('',*,*,#3103,.F.);
#3151 = ADVANCED_FACE('',(#3152),#1783,.F.);
#3152 = FACE_BOUND('',#3153,.T.);
#3153 = EDGE_LOOP('',(#3154,#3175,#3176,#3177));
#3154 = ORIENTED_EDGE('',*,*,#3155,.F.);
#3155 = EDGE_CURVE('',#2082,#1768,#3156,.T.);
#3156 = SURFACE_CURVE('',#3157,(#3161,#3168),.PCURVE_S1.);
#3157 = LINE('',#3158,#3159);
#3158 = CARTESIAN_POINT('',(16.4,2.4,1.6));
#3159 = VECTOR('',#3160,1.);
#3160 = DIRECTION('',(0.,0.,1.));
#3161 = PCURVE('',#1783,#3162);
#3162 = DEFINITIONAL_REPRESENTATION('',(#3163),#3167);
#3163 = LINE('',#3164,#3165);
#3164 = CARTESIAN_POINT('',(-0.,-0.));
#3165 = VECTOR('',#3166,1.);
#3166 = DIRECTION('',(-1.,-0.));
#3167 = ( GEOMETRIC_REPRESENTATION_CONTEXT(2) 
PARAMETRIC_REPRESENTATION_CONTEXT() REPRESENTATION_CONTEXT('2D SPACE',''
  ) );
#3168 = PCURVE('',#1811,#3169);
#3169 = DEFINITIONAL_REPRESENTATION('',(#3170),#3174);
#3170 = LINE('',#3171,#3172);
#3171 = CARTESIAN_POINT('',(-0.,110.3));
#3172 = VECTOR('',#3173,1.);
#3173 = DIRECTION('',(-1.,-0.));
#3174 = ( GEOMETRIC_REPRESENTATION_CONTEXT(2) 
PARAMETRIC_REPRESENTATION_CONTEXT() REPRESENTATION_CONTEXT('2D SPACE',''
  ) );
#3175 = ORIENTED_EDGE('',*,*,#2104,.T.);
#3176 = ORIENTED_EDGE('',*,*,#3129,.T.);
#3177 = ORIENTED_EDGE('',*,*,#1767,.F.);
#3178 = ADVANCED_FACE('',(#3179),#1811,.T.);
#3179 = FACE_BOUND('',#3180,.F.);
#3180 = EDGE_LOOP('',(#3181,#3182,#3203,#3204));
#3181 = ORIENTED_EDGE('',*,*,#2081,.F.);
#3182 = ORIENTED_EDGE('',*,*,#3183,.T.);
#3183 = EDGE_CURVE('',#2059,#1796,#3184,.T.);
#3184 = SURFACE_CURVE('',#3185,(#3189,#3196),.PCURVE_S1.);
#3185 = LINE('',#3186,#3187);
#3186 = CARTESIAN_POINT('',(117.7,2.4,1.6));
#3187 = VECTOR('',#3188,1.);
#3188 = DIRECTION('',(0.,0.,1.));
#3189 = PCURVE('',#1811,#3190);
#3190 = DEFINITIONAL_REPRESENTATION('',(#3191),#3195);
#3191 = LINE('',#3192,#3193);
#3192 = CARTESIAN_POINT('',(-0.,9.));
#3193 = VECTOR('',#3194,1.);
#3194 = DIRECTION('',(-1.,-0.));
#3195 = ( GEOMETRIC_REPRESENTATION_CONTEXT(2) 
PARAMETRIC_REPRESENTATION_CONTEXT() REPRESENTATION_CONTEXT('2D SPACE',''
  ) );
#3196 = PCURVE('',#1839,#3197);
#3197 = DEFINITIONAL_REPRESENTATION('',(#3198),#3202);
#3198 = LINE('',#3199,#3200);
#3199 = CARTESIAN_POINT('',(-0.,-0.));
#3200 = VECTOR('',#3201,1.);
#3201 = DIRECTION('',(-1.,-0.));
#3202 = ( GEOMETRIC_REPRESENTATION_CONTEXT(2) 
PARAMETRIC_REPRESENTATION_CONTEXT() REPRESENTATION_CONTEXT('2D SPACE',''
  ) );
#3203 = ORIENTED_EDGE('',*,*,#1795,.F.);
#3204 = ORIENTED_EDGE('',*,*,#3155,.F.);
#3205 = ADVANCED_FACE('',(#3206),#1839,.T.);
#3206 = FACE_BOUND('',#3207,.F.);
#3207 = EDGE_LOOP('',(#3208,#3209,#3210,#3231));
#3208 = ORIENTED_EDGE('',*,*,#3183,.F.);
#3209 = ORIENTED_EDGE('',*,*,#2058,.T.);
#3210 = ORIENTED_EDGE('',*,*,#3211,.T.);
#3211 = EDGE_CURVE('',#2036,#1824,#3212,.T.);
#3212 = SURFACE_CURVE('',#3213,(#3217,#3224),.PCURVE_S1.);
#3213 = LINE('',#3214,#3215);
#3214 = CARTESIAN_POINT('',(117.7,16.4,1.6));
#3215 = VECTOR('',#3216,1.);
#3216 = DIRECTION('',(0.,0.,1.));
#3217 = PCURVE('',#1839,#3218);
#3218 = DEFINITIONAL_REPRESENTATION('',(#3219),#3223);
#3219 = LINE('',#3220,#3221);
#3220 = CARTESIAN_POINT('',(-0.,-14.));
#3221 = VECTOR('',#3222,1.);
#3222 = DIRECTION('',(-1.,-0.));
#3223 = ( GEOMETRIC_REPRESENTATION_CONTEXT(2) 
PARAMETRIC_REPRESENTATION_CONTEXT() REPRESENTATION_CONTEXT('2D SPACE',''
  ) );
#3224 = PCURVE('',#1867,#3225);
#3225 = DEFINITIONAL_REPRESENTATION('',(#3226),#3230);
#3226 = LINE('',#3227,#3228);
#3227 = CARTESIAN_POINT('',(-0.,1.2));
#3228 = VECTOR('',#3229,1.);
#3229 = DIRECTION('',(-1.,0.));
#3230 = ( GEOMETRIC_REPRESENTATION_CONTEXT(2) 
PARAMETRIC_REPRESENTATION_CONTEXT() REPRESENTATION_CONTEXT('2D SPACE',''
  ) );
#3231 = ORIENTED_EDGE('',*,*,#1823,.F.);
#3232 = ADVANCED_FACE('',(#3233),#1867,.T.);
#3233 = FACE_BOUND('',#3234,.F.);
#3234 = EDGE_LOOP('',(#3235,#3236,#3257,#3258));
#3235 = ORIENTED_EDGE('',*,*,#2035,.F.);
#3236 = ORIENTED_EDGE('',*,*,#3237,.T.);
#3237 = EDGE_CURVE('',#2013,#1852,#3238,.T.);
#3238 = SURFACE_CURVE('',#3239,(#3243,#3250),.PCURVE_S1.);
#3239 = LINE('',#3240,#3241);
#3240 = CARTESIAN_POINT('',(118.9,16.4,1.6));
#3241 = VECTOR('',#3242,1.);
#3242 = DIRECTION('',(0.,0.,1.));
#3243 = PCURVE('',#1867,#3244);
#3244 = DEFINITIONAL_REPRESENTATION('',(#3245),#3249);
#3245 = LINE('',#3246,#3247);
#3246 = CARTESIAN_POINT('',(-0.,-0.));
#3247 = VECTOR('',#3248,1.);
#3248 = DIRECTION('',(-1.,0.));
#3249 = ( GEOMETRIC_REPRESENTATION_CONTEXT(2) 
PARAMETRIC_REPRESENTATION_CONTEXT() REPRESENTATION_CONTEXT('2D SPACE',''
  ) );
#3250 = PCURVE('',#1895,#3251);
#3251 = DEFINITIONAL_REPRESENTATION('',(#3252),#3256);
#3252 = LINE('',#3253,#3254);
#3253 = CARTESIAN_POINT('',(-0.,-14.));
#3254 = VECTOR('',#3255,1.);
#3255 = DIRECTION('',(-1.,-0.));
#3256 = ( GEOMETRIC_REPRESENTATION_CONTEXT(2) 
PARAMETRIC_REPRESENTATION_CONTEXT() REPRESENTATION_CONTEXT('2D SPACE',''
  ) );
#3257 = ORIENTED_EDGE('',*,*,#1851,.T.);
#3258 = ORIENTED_EDGE('',*,*,#3211,.F.);
#3259 = ADVANCED_FACE('',(#3260),#1895,.F.);
#3260 = FACE_BOUND('',#3261,.T.);
#3261 = EDGE_LOOP('',(#3262,#3283,#3284,#3285));
#3262 = ORIENTED_EDGE('',*,*,#3263,.F.);
#3263 = EDGE_CURVE('',#1990,#1880,#3264,.T.);
#3264 = SURFACE_CURVE('',#3265,(#3269,#3276),.PCURVE_S1.);
#3265 = LINE('',#3266,#3267);
#3266 = CARTESIAN_POINT('',(118.9,2.4,1.6));
#3267 = VECTOR('',#3268,1.);
#3268 = DIRECTION('',(0.,0.,1.));
#3269 = PCURVE('',#1895,#3270);
#3270 = DEFINITIONAL_REPRESENTATION('',(#3271),#3275);
#3271 = LINE('',#3272,#3273);
#3272 = CARTESIAN_POINT('',(-0.,-0.));
#3273 = VECTOR('',#3274,1.);
#3274 = DIRECTION('',(-1.,-0.));
#3275 = ( GEOMETRIC_REPRESENTATION_CONTEXT(2) 
PARAMETRIC_REPRESENTATION_CONTEXT() REPRESENTATION_CONTEXT('2D SPACE',''
  ) );
#3276 = PCURVE('',#1921,#3277);
#3277 = DEFINITIONAL_REPRESENTATION('',(#3278),#3282);
#3278 = LINE('',#3279,#3280);
#3279 = CARTESIAN_POINT('',(-0.,7.8));
#3280 = VECTOR('',#3281,1.);
#3281 = DIRECTION('',(-1.,-0.));
#3282 = ( GEOMETRIC_REPRESENTATION_CONTEXT(2) 
PARAMETRIC_REPRESENTATION_CONTEXT() REPRESENTATION_CONTEXT('2D SPACE',''
  ) );
#3283 = ORIENTED_EDGE('',*,*,#2012,.T.);
#3284 = ORIENTED_EDGE('',*,*,#3237,.T.);
#3285 = ORIENTED_EDGE('',*,*,#1879,.F.);
#3286 = ADVANCED_FACE('',(#3287),#1921,.T.);
#3287 = FACE_BOUND('',#3288,.F.);
#3288 = EDGE_LOOP('',(#3289,#3290,#3291,#3292));
#3289 = ORIENTED_EDGE('',*,*,#1989,.F.);
#3290 = ORIENTED_EDGE('',*,*,#2671,.T.);
#3291 = ORIENTED_EDGE('',*,*,#1907,.F.);
#3292 = ORIENTED_EDGE('',*,*,#3263,.F.);
#3293 = ADVANCED_FACE('',(#3294),#2523,.T.);
#3294 = FACE_BOUND('',#3295,.T.);
#3295 = EDGE_LOOP('',(#3296,#3319,#3350,#3351));
#3296 = ORIENTED_EDGE('',*,*,#3297,.T.);
#3297 = EDGE_CURVE('',#2503,#3298,#3300,.T.);
#3298 = VERTEX_POINT('',#3299);
#3299 = CARTESIAN_POINT('',(118.95,7.4,7.05));
#3300 = SEAM_CURVE('',#3301,(#3305,#3312),.PCURVE_S1.);
#3301 = LINE('',#3302,#3303);
#3302 = CARTESIAN_POINT('',(118.95,7.4,1.6));
#3303 = VECTOR('',#3304,1.);
#3304 = DIRECTION('',(-0.,-0.,1.));
#3305 = PCURVE('',#2523,#3306);
#3306 = DEFINITIONAL_REPRESENTATION('',(#3307),#3311);
#3307 = LINE('',#3308,#3309);
#3308 = CARTESIAN_POINT('',(0.,0.));
#3309 = VECTOR('',#3310,1.);
#3310 = DIRECTION('',(0.,-1.));
#3311 = ( GEOMETRIC_REPRESENTATION_CONTEXT(2) 
PARAMETRIC_REPRESENTATION_CONTEXT() REPRESENTATION_CONTEXT('2D SPACE',''
  ) );
#3312 = PCURVE('',#2523,#3313);
#3313 = DEFINITIONAL_REPRESENTATION('',(#3314),#3318);
#3314 = LINE('',#3315,#3316);
#3315 = CARTESIAN_POINT('',(6.28318530718,0.));
#3316 = VECTOR('',#3317,1.);
#3317 = DIRECTION('',(0.,-1.));
#3318 = ( GEOMETRIC_REPRESENTATION_CONTEXT(2) 
PARAMETRIC_REPRESENTATION_CONTEXT() REPRESENTATION_CONTEXT('2D SPACE',''
  ) );
#3319 = ORIENTED_EDGE('',*,*,#3320,.T.);
#3320 = EDGE_CURVE('',#3298,#3298,#3321,.T.);
#3321 = SURFACE_CURVE('',#3322,(#3327,#3334),.PCURVE_S1.);
#3322 = CIRCLE('',#3323,3.25);
#3323 = AXIS2_PLACEMENT_3D('',#3324,#3325,#3326);
#3324 = CARTESIAN_POINT('',(122.2,7.4,7.05));
#3325 = DIRECTION('',(0.,0.,-1.));
#3326 = DIRECTION('',(-1.,-0.,-0.));
#3327 = PCURVE('',#2523,#3328);
#3328 = DEFINITIONAL_REPRESENTATION('',(#3329),#3333);
#3329 = LINE('',#3330,#3331);
#3330 = CARTESIAN_POINT('',(0.,-5.45));
#3331 = VECTOR('',#3332,1.);
#3332 = DIRECTION('',(1.,0.));
#3333 = ( GEOMETRIC_REPRESENTATION_CONTEXT(2) 
PARAMETRIC_REPRESENTATION_CONTEXT() REPRESENTATION_CONTEXT('2D SPACE',''
  ) );
#3334 = PCURVE('',#3335,#3340);
#3335 = PLANE('',#3336);
#3336 = AXIS2_PLACEMENT_3D('',#3337,#3338,#3339);
#3337 = CARTESIAN_POINT('',(122.2,7.4,7.05));
#3338 = DIRECTION('',(-0.,-0.,1.));
#3339 = DIRECTION('',(1.,0.,0.));
#3340 = DEFINITIONAL_REPRESENTATION('',(#3341),#3349);
#3341 = ( BOUNDED_CURVE() B_SPLINE_CURVE(2,(#3342,#3343,#3344,#3345,
#3346,#3347,#3348),.UNSPECIFIED.,.T.,.F.) B_SPLINE_CURVE_WITH_KNOTS((1,2
    ,2,2,2,1),(-2.094395102393,0.,2.094395102393,4.188790204786,
6.28318530718,8.377580409573),.UNSPECIFIED.) CURVE() 
GEOMETRIC_REPRESENTATION_ITEM() RATIONAL_B_SPLINE_CURVE((1.,0.5,1.,0.5,
1.,0.5,1.)) REPRESENTATION_ITEM('') );
#3342 = CARTESIAN_POINT('',(-3.25,0.));
#3343 = CARTESIAN_POINT('',(-3.25,5.629165124599));
#3344 = CARTESIAN_POINT('',(1.625,2.814582562299));
#3345 = CARTESIAN_POINT('',(6.5,7.960204194458E-16));
#3346 = CARTESIAN_POINT('',(1.625,-2.814582562299));
#3347 = CARTESIAN_POINT('',(-3.25,-5.629165124599));
#3348 = CARTESIAN_POINT('',(-3.25,0.));
#3349 = ( GEOMETRIC_REPRESENTATION_CONTEXT(2) 
PARAMETRIC_REPRESENTATION_CONTEXT() REPRESENTATION_CONTEXT('2D SPACE',''
  ) );
#3350 = ORIENTED_EDGE('',*,*,#3297,.F.);
#3351 = ORIENTED_EDGE('',*,*,#2502,.F.);
#3352 = ADVANCED_FACE('',(#3353),#2558,.T.);
#3353 = FACE_BOUND('',#3354,.T.);
#3354 = EDGE_LOOP('',(#3355,#3378,#3409,#3410));
#3355 = ORIENTED_EDGE('',*,*,#3356,.T.);
#3356 = EDGE_CURVE('',#2538,#3357,#3359,.T.);
#3357 = VERTEX_POINT('',#3358);
#3358 = CARTESIAN_POINT('',(6.15,7.4,7.05));
#3359 = SEAM_CURVE('',#3360,(#3364,#3371),.PCURVE_S1.);
#3360 = LINE('',#3361,#3362);
#3361 = CARTESIAN_POINT('',(6.15,7.4,1.6));
#3362 = VECTOR('',#3363,1.);
#3363 = DIRECTION('',(-0.,-0.,1.));
#3364 = PCURVE('',#2558,#3365);
#3365 = DEFINITIONAL_REPRESENTATION('',(#3366),#3370);
#3366 = LINE('',#3367,#3368);
#3367 = CARTESIAN_POINT('',(0.,0.));
#3368 = VECTOR('',#3369,1.);
#3369 = DIRECTION('',(0.,-1.));
#3370 = ( GEOMETRIC_REPRESENTATION_CONTEXT(2) 
PARAMETRIC_REPRESENTATION_CONTEXT() REPRESENTATION_CONTEXT('2D SPACE',''
  ) );
#3371 = PCURVE('',#2558,#3372);
#3372 = DEFINITIONAL_REPRESENTATION('',(#3373),#3377);
#3373 = LINE('',#3374,#3375);
#3374 = CARTESIAN_POINT('',(6.28318530718,0.));
#3375 = VECTOR('',#3376,1.);
#3376 = DIRECTION('',(0.,-1.));
#3377 = ( GEOMETRIC_REPRESENTATION_CONTEXT(2) 
PARAMETRIC_REPRESENTATION_CONTEXT() REPRESENTATION_CONTEXT('2D SPACE',''
  ) );
#3378 = ORIENTED_EDGE('',*,*,#3379,.T.);
#3379 = EDGE_CURVE('',#3357,#3357,#3380,.T.);
#3380 = SURFACE_CURVE('',#3381,(#3386,#3393),.PCURVE_S1.);
#3381 = CIRCLE('',#3382,3.25);
#3382 = AXIS2_PLACEMENT_3D('',#3383,#3384,#3385);
#3383 = CARTESIAN_POINT('',(9.4,7.4,7.05));
#3384 = DIRECTION('',(0.,0.,-1.));
#3385 = DIRECTION('',(-1.,-0.,-0.));
#3386 = PCURVE('',#2558,#3387);
#3387 = DEFINITIONAL_REPRESENTATION('',(#3388),#3392);
#3388 = LINE('',#3389,#3390);
#3389 = CARTESIAN_POINT('',(0.,-5.45));
#3390 = VECTOR('',#3391,1.);
#3391 = DIRECTION('',(1.,0.));
#3392 = ( GEOMETRIC_REPRESENTATION_CONTEXT(2) 
PARAMETRIC_REPRESENTATION_CONTEXT() REPRESENTATION_CONTEXT('2D SPACE',''
  ) );
#3393 = PCURVE('',#3394,#3399);
#3394 = PLANE('',#3395);
#3395 = AXIS2_PLACEMENT_3D('',#3396,#3397,#3398);
#3396 = CARTESIAN_POINT('',(9.4,7.4,7.05));
#3397 = DIRECTION('',(-0.,-0.,1.));
#3398 = DIRECTION('',(1.,0.,0.));
#3399 = DEFINITIONAL_REPRESENTATION('',(#3400),#3408);
#3400 = ( BOUNDED_CURVE() B_SPLINE_CURVE(2,(#3401,#3402,#3403,#3404,
#3405,#3406,#3407),.UNSPECIFIED.,.T.,.F.) B_SPLINE_CURVE_WITH_KNOTS((1,2
    ,2,2,2,1),(-2.094395102393,0.,2.094395102393,4.188790204786,
6.28318530718,8.377580409573),.UNSPECIFIED.) CURVE() 
GEOMETRIC_REPRESENTATION_ITEM() RATIONAL_B_SPLINE_CURVE((1.,0.5,1.,0.5,
1.,0.5,1.)) REPRESENTATION_ITEM('') );
#3401 = CARTESIAN_POINT('',(-3.25,0.));
#3402 = CARTESIAN_POINT('',(-3.25,5.629165124599));
#3403 = CARTESIAN_POINT('',(1.625,2.814582562299));
#3404 = CARTESIAN_POINT('',(6.5,7.960204194458E-16));
#3405 = CARTESIAN_POINT('',(1.625,-2.814582562299));
#3406 = CARTESIAN_POINT('',(-3.25,-5.629165124599));
#3407 = CARTESIAN_POINT('',(-3.25,0.));
#3408 = ( GEOMETRIC_REPRESENTATION_CONTEXT(2) 
PARAMETRIC_REPRESENTATION_CONTEXT() REPRESENTATION_CONTEXT('2D SPACE',''
  ) );
#3409 = ORIENTED_EDGE('',*,*,#3356,.F.);
#3410 = ORIENTED_EDGE('',*,*,#2537,.F.);
#3411 = ADVANCED_FACE('',(#3412),#2593,.T.);
#3412 = FACE_BOUND('',#3413,.T.);
#3413 = EDGE_LOOP('',(#3414,#3437,#3468,#3469));
#3414 = ORIENTED_EDGE('',*,*,#3415,.T.);
#3415 = EDGE_CURVE('',#2573,#3416,#3418,.T.);
#3416 = VERTEX_POINT('',#3417);
#3417 = CARTESIAN_POINT('',(118.95,53.14,7.05));
#3418 = SEAM_CURVE('',#3419,(#3423,#3430),.PCURVE_S1.);
#3419 = LINE('',#3420,#3421);
#3420 = CARTESIAN_POINT('',(118.95,53.14,1.6));
#3421 = VECTOR('',#3422,1.);
#3422 = DIRECTION('',(-0.,-0.,1.));
#3423 = PCURVE('',#2593,#3424);
#3424 = DEFINITIONAL_REPRESENTATION('',(#3425),#3429);
#3425 = LINE('',#3426,#3427);
#3426 = CARTESIAN_POINT('',(0.,0.));
#3427 = VECTOR('',#3428,1.);
#3428 = DIRECTION('',(0.,-1.));
#3429 = ( GEOMETRIC_REPRESENTATION_CONTEXT(2) 
PARAMETRIC_REPRESENTATION_CONTEXT() REPRESENTATION_CONTEXT('2D SPACE',''
  ) );
#3430 = PCURVE('',#2593,#3431);
#3431 = DEFINITIONAL_REPRESENTATION('',(#3432),#3436);
#3432 = LINE('',#3433,#3434);
#3433 = CARTESIAN_POINT('',(6.28318530718,0.));
#3434 = VECTOR('',#3435,1.);
#3435 = DIRECTION('',(0.,-1.));
#3436 = ( GEOMETRIC_REPRESENTATION_CONTEXT(2) 
PARAMETRIC_REPRESENTATION_CONTEXT() REPRESENTATION_CONTEXT('2D SPACE',''
  ) );
#3437 = ORIENTED_EDGE('',*,*,#3438,.T.);
#3438 = EDGE_CURVE('',#3416,#3416,#3439,.T.);
#3439 = SURFACE_CURVE('',#3440,(#3445,#3452),.PCURVE_S1.);
#3440 = CIRCLE('',#3441,3.25);
#3441 = AXIS2_PLACEMENT_3D('',#3442,#3443,#3444);
#3442 = CARTESIAN_POINT('',(122.2,53.14,7.05));
#3443 = DIRECTION('',(0.,0.,-1.));
#3444 = DIRECTION('',(-1.,-0.,-0.));
#3445 = PCURVE('',#2593,#3446);
#3446 = DEFINITIONAL_REPRESENTATION('',(#3447),#3451);
#3447 = LINE('',#3448,#3449);
#3448 = CARTESIAN_POINT('',(0.,-5.45));
#3449 = VECTOR('',#3450,1.);
#3450 = DIRECTION('',(1.,0.));
#3451 = ( GEOMETRIC_REPRESENTATION_CONTEXT(2) 
PARAMETRIC_REPRESENTATION_CONTEXT() REPRESENTATION_CONTEXT('2D SPACE',''
  ) );
#3452 = PCURVE('',#3453,#3458);
#3453 = PLANE('',#3454);
#3454 = AXIS2_PLACEMENT_3D('',#3455,#3456,#3457);
#3455 = CARTESIAN_POINT('',(122.2,53.14,7.05));
#3456 = DIRECTION('',(-0.,-0.,1.));
#3457 = DIRECTION('',(1.,0.,0.));
#3458 = DEFINITIONAL_REPRESENTATION('',(#3459),#3467);
#3459 = ( BOUNDED_CURVE() B_SPLINE_CURVE(2,(#3460,#3461,#3462,#3463,
#3464,#3465,#3466),.UNSPECIFIED.,.T.,.F.) B_SPLINE_CURVE_WITH_KNOTS((1,2
    ,2,2,2,1),(-2.094395102393,0.,2.094395102393,4.188790204786,
6.28318530718,8.377580409573),.UNSPECIFIED.) CURVE() 
GEOMETRIC_REPRESENTATION_ITEM() RATIONAL_B_SPLINE_CURVE((1.,0.5,1.,0.5,
1.,0.5,1.)) REPRESENTATION_ITEM('') );
#3460 = CARTESIAN_POINT('',(-3.25,0.));
#3461 = CARTESIAN_POINT('',(-3.25,5.629165124599));
#3462 = CARTESIAN_POINT('',(1.625,2.814582562299));
#3463 = CARTESIAN_POINT('',(6.5,7.960204194458E-16));
#3464 = CARTESIAN_POINT('',(1.625,-2.814582562299));
#3465 = CARTESIAN_POINT('',(-3.25,-5.629165124599));
#3466 = CARTESIAN_POINT('',(-3.25,0.));
#3467 = ( GEOMETRIC_REPRESENTATION_CONTEXT(2) 
PARAMETRIC_REPRESENTATION_CONTEXT() REPRESENTATION_CONTEXT('2D SPACE',''
  ) );
#3468 = ORIENTED_EDGE('',*,*,#3415,.F.);
#3469 = ORIENTED_EDGE('',*,*,#2572,.F.);
#3470 = ADVANCED_FACE('',(#3471),#2634,.T.);
#3471 = FACE_BOUND('',#3472,.T.);
#3472 = EDGE_LOOP('',(#3473,#3496,#3527,#3528));
#3473 = ORIENTED_EDGE('',*,*,#3474,.T.);
#3474 = EDGE_CURVE('',#2614,#3475,#3477,.T.);
#3475 = VERTEX_POINT('',#3476);
#3476 = CARTESIAN_POINT('',(6.15,53.14,7.05));
#3477 = SEAM_CURVE('',#3478,(#3482,#3489),.PCURVE_S1.);
#3478 = LINE('',#3479,#3480);
#3479 = CARTESIAN_POINT('',(6.15,53.14,1.6));
#3480 = VECTOR('',#3481,1.);
#3481 = DIRECTION('',(-0.,-0.,1.));
#3482 = PCURVE('',#2634,#3483);
#3483 = DEFINITIONAL_REPRESENTATION('',(#3484),#3488);
#3484 = LINE('',#3485,#3486);
#3485 = CARTESIAN_POINT('',(0.,0.));
#3486 = VECTOR('',#3487,1.);
#3487 = DIRECTION('',(0.,-1.));
#3488 = ( GEOMETRIC_REPRESENTATION_CONTEXT(2) 
PARAMETRIC_REPRESENTATION_CONTEXT() REPRESENTATION_CONTEXT('2D SPACE',''
  ) );
#3489 = PCURVE('',#2634,#3490);
#3490 = DEFINITIONAL_REPRESENTATION('',(#3491),#3495);
#3491 = LINE('',#3492,#3493);
#3492 = CARTESIAN_POINT('',(6.28318530718,0.));
#3493 = VECTOR('',#3494,1.);
#3494 = DIRECTION('',(0.,-1.));
#3495 = ( GEOMETRIC_REPRESENTATION_CONTEXT(2) 
PARAMETRIC_REPRESENTATION_CONTEXT() REPRESENTATION_CONTEXT('2D SPACE',''
  ) );
#3496 = ORIENTED_EDGE('',*,*,#3497,.T.);
#3497 = EDGE_CURVE('',#3475,#3475,#3498,.T.);
#3498 = SURFACE_CURVE('',#3499,(#3504,#3511),.PCURVE_S1.);
#3499 = CIRCLE('',#3500,3.25);
#3500 = AXIS2_PLACEMENT_3D('',#3501,#3502,#3503);
#3501 = CARTESIAN_POINT('',(9.4,53.14,7.05));
#3502 = DIRECTION('',(0.,0.,-1.));
#3503 = DIRECTION('',(-1.,-0.,-0.));
#3504 = PCURVE('',#2634,#3505);
#3505 = DEFINITIONAL_REPRESENTATION('',(#3506),#3510);
#3506 = LINE('',#3507,#3508);
#3507 = CARTESIAN_POINT('',(0.,-5.45));
#3508 = VECTOR('',#3509,1.);
#3509 = DIRECTION('',(1.,0.));
#3510 = ( GEOMETRIC_REPRESENTATION_CONTEXT(2) 
PARAMETRIC_REPRESENTATION_CONTEXT() REPRESENTATION_CONTEXT('2D SPACE',''
  ) );
#3511 = PCURVE('',#3512,#3517);
#3512 = PLANE('',#3513);
#3513 = AXIS2_PLACEMENT_3D('',#3514,#3515,#3516);
#3514 = CARTESIAN_POINT('',(9.4,53.14,7.05));
#3515 = DIRECTION('',(-0.,-0.,1.));
#3516 = DIRECTION('',(1.,0.,0.));
#3517 = DEFINITIONAL_REPRESENTATION('',(#3518),#3526);
#3518 = ( BOUNDED_CURVE() B_SPLINE_CURVE(2,(#3519,#3520,#3521,#3522,
#3523,#3524,#3525),.UNSPECIFIED.,.T.,.F.) B_SPLINE_CURVE_WITH_KNOTS((1,2
    ,2,2,2,1),(-2.094395102393,0.,2.094395102393,4.188790204786,
6.28318530718,8.377580409573),.UNSPECIFIED.) CURVE() 
GEOMETRIC_REPRESENTATION_ITEM() RATIONAL_B_SPLINE_CURVE((1.,0.5,1.,0.5,
1.,0.5,1.)) REPRESENTATION_ITEM('') );
#3519 = CARTESIAN_POINT('',(-3.25,0.));
#3520 = CARTESIAN_POINT('',(-3.25,5.629165124599));
#3521 = CARTESIAN_POINT('',(1.625,2.814582562299));
#3522 = CARTESIAN_POINT('',(6.5,7.960204194458E-16));
#3523 = CARTESIAN_POINT('',(1.625,-2.814582562299));
#3524 = CARTESIAN_POINT('',(-3.25,-5.629165124599));
#3525 = CARTESIAN_POINT('',(-3.25,0.));
#3526 = ( GEOMETRIC_REPRESENTATION_CONTEXT(2) 
PARAMETRIC_REPRESENTATION_CONTEXT() REPRESENTATION_CONTEXT('2D SPACE',''
  ) );
#3527 = ORIENTED_EDGE('',*,*,#3474,.F.);
#3528 = ORIENTED_EDGE('',*,*,#2613,.F.);
#3529 = ADVANCED_FACE('',(#3530,#3533),#3335,.T.);
#3530 = FACE_BOUND('',#3531,.F.);
#3531 = EDGE_LOOP('',(#3532));
#3532 = ORIENTED_EDGE('',*,*,#3320,.T.);
#3533 = FACE_BOUND('',#3534,.F.);
#3534 = EDGE_LOOP('',(#3535));
#3535 = ORIENTED_EDGE('',*,*,#3536,.F.);
#3536 = EDGE_CURVE('',#3537,#3537,#3539,.T.);
#3537 = VERTEX_POINT('',#3538);
#3538 = CARTESIAN_POINT('',(120.95,7.4,7.05));
#3539 = SURFACE_CURVE('',#3540,(#3545,#3556),.PCURVE_S1.);
#3540 = CIRCLE('',#3541,1.25);
#3541 = AXIS2_PLACEMENT_3D('',#3542,#3543,#3544);
#3542 = CARTESIAN_POINT('',(122.2,7.4,7.05));
#3543 = DIRECTION('',(0.,0.,-1.));
#3544 = DIRECTION('',(-1.,-0.,-0.));
#3545 = PCURVE('',#3335,#3546);
#3546 = DEFINITIONAL_REPRESENTATION('',(#3547),#3555);
#3547 = ( BOUNDED_CURVE() B_SPLINE_CURVE(2,(#3548,#3549,#3550,#3551,
#3552,#3553,#3554),.UNSPECIFIED.,.T.,.F.) B_SPLINE_CURVE_WITH_KNOTS((1,2
    ,2,2,2,1),(-2.094395102393,0.,2.094395102393,4.188790204786,
6.28318530718,8.377580409573),.UNSPECIFIED.) CURVE() 
GEOMETRIC_REPRESENTATION_ITEM() RATIONAL_B_SPLINE_CURVE((1.,0.5,1.,0.5,
1.,0.5,1.)) REPRESENTATION_ITEM('') );
#3548 = CARTESIAN_POINT('',(-1.25,0.));
#3549 = CARTESIAN_POINT('',(-1.25,2.165063509461));
#3550 = CARTESIAN_POINT('',(0.625,1.082531754731));
#3551 = CARTESIAN_POINT('',(2.5,3.061616997868E-16));
#3552 = CARTESIAN_POINT('',(0.625,-1.082531754731));
#3553 = CARTESIAN_POINT('',(-1.25,-2.165063509461));
#3554 = CARTESIAN_POINT('',(-1.25,0.));
#3555 = ( GEOMETRIC_REPRESENTATION_CONTEXT(2) 
PARAMETRIC_REPRESENTATION_CONTEXT() REPRESENTATION_CONTEXT('2D SPACE',''
  ) );
#3556 = PCURVE('',#3557,#3562);
#3557 = CYLINDRICAL_SURFACE('',#3558,1.25);
#3558 = AXIS2_PLACEMENT_3D('',#3559,#3560,#3561);
#3559 = CARTESIAN_POINT('',(122.2,7.4,1.6));
#3560 = DIRECTION('',(0.,-0.,-1.));
#3561 = DIRECTION('',(-1.,-0.,-0.));
#3562 = DEFINITIONAL_REPRESENTATION('',(#3563),#3567);
#3563 = LINE('',#3564,#3565);
#3564 = CARTESIAN_POINT('',(0.,-5.45));
#3565 = VECTOR('',#3566,1.);
#3566 = DIRECTION('',(1.,0.));
#3567 = ( GEOMETRIC_REPRESENTATION_CONTEXT(2) 
PARAMETRIC_REPRESENTATION_CONTEXT() REPRESENTATION_CONTEXT('2D SPACE',''
  ) );
#3568 = ADVANCED_FACE('',(#3569,#3572),#3394,.T.);
#3569 = FACE_BOUND('',#3570,.F.);
#3570 = EDGE_LOOP('',(#3571));
#3571 = ORIENTED_EDGE('',*,*,#3379,.T.);
#3572 = FACE_BOUND('',#3573,.F.);
#3573 = EDGE_LOOP('',(#3574));
#3574 = ORIENTED_EDGE('',*,*,#3575,.F.);
#3575 = EDGE_CURVE('',#3576,#3576,#3578,.T.);
#3576 = VERTEX_POINT('',#3577);
#3577 = CARTESIAN_POINT('',(8.15,7.4,7.05));
#3578 = SURFACE_CURVE('',#3579,(#3584,#3595),.PCURVE_S1.);
#3579 = CIRCLE('',#3580,1.25);
#3580 = AXIS2_PLACEMENT_3D('',#3581,#3582,#3583);
#3581 = CARTESIAN_POINT('',(9.4,7.4,7.05));
#3582 = DIRECTION('',(0.,0.,-1.));
#3583 = DIRECTION('',(-1.,-0.,-0.));
#3584 = PCURVE('',#3394,#3585);
#3585 = DEFINITIONAL_REPRESENTATION('',(#3586),#3594);
#3586 = ( BOUNDED_CURVE() B_SPLINE_CURVE(2,(#3587,#3588,#3589,#3590,
#3591,#3592,#3593),.UNSPECIFIED.,.T.,.F.) B_SPLINE_CURVE_WITH_KNOTS((1,2
    ,2,2,2,1),(-2.094395102393,0.,2.094395102393,4.188790204786,
6.28318530718,8.377580409573),.UNSPECIFIED.) CURVE() 
GEOMETRIC_REPRESENTATION_ITEM() RATIONAL_B_SPLINE_CURVE((1.,0.5,1.,0.5,
1.,0.5,1.)) REPRESENTATION_ITEM('') );
#3587 = CARTESIAN_POINT('',(-1.25,0.));
#3588 = CARTESIAN_POINT('',(-1.25,2.165063509461));
#3589 = CARTESIAN_POINT('',(0.625,1.082531754731));
#3590 = CARTESIAN_POINT('',(2.5,3.061616997868E-16));
#3591 = CARTESIAN_POINT('',(0.625,-1.082531754731));
#3592 = CARTESIAN_POINT('',(-1.25,-2.165063509461));
#3593 = CARTESIAN_POINT('',(-1.25,0.));
#3594 = ( GEOMETRIC_REPRESENTATION_CONTEXT(2) 
PARAMETRIC_REPRESENTATION_CONTEXT() REPRESENTATION_CONTEXT('2D SPACE',''
  ) );
#3595 = PCURVE('',#3596,#3601);
#3596 = CYLINDRICAL_SURFACE('',#3597,1.25);
#3597 = AXIS2_PLACEMENT_3D('',#3598,#3599,#3600);
#3598 = CARTESIAN_POINT('',(9.4,7.4,1.6));
#3599 = DIRECTION('',(0.,-0.,-1.));
#3600 = DIRECTION('',(-1.,-0.,-0.));
#3601 = DEFINITIONAL_REPRESENTATION('',(#3602),#3606);
#3602 = LINE('',#3603,#3604);
#3603 = CARTESIAN_POINT('',(0.,-5.45));
#3604 = VECTOR('',#3605,1.);
#3605 = DIRECTION('',(1.,0.));
#3606 = ( GEOMETRIC_REPRESENTATION_CONTEXT(2) 
PARAMETRIC_REPRESENTATION_CONTEXT() REPRESENTATION_CONTEXT('2D SPACE',''
  ) );
#3607 = ADVANCED_FACE('',(#3608,#3611),#3453,.T.);
#3608 = FACE_BOUND('',#3609,.F.);
#3609 = EDGE_LOOP('',(#3610));
#3610 = ORIENTED_EDGE('',*,*,#3438,.T.);
#3611 = FACE_BOUND('',#3612,.F.);
#3612 = EDGE_LOOP('',(#3613));
#3613 = ORIENTED_EDGE('',*,*,#3614,.F.);
#3614 = EDGE_CURVE('',#3615,#3615,#3617,.T.);
#3615 = VERTEX_POINT('',#3616);
#3616 = CARTESIAN_POINT('',(120.95,53.14,7.05));
#3617 = SURFACE_CURVE('',#3618,(#3623,#3634),.PCURVE_S1.);
#3618 = CIRCLE('',#3619,1.25);
#3619 = AXIS2_PLACEMENT_3D('',#3620,#3621,#3622);
#3620 = CARTESIAN_POINT('',(122.2,53.14,7.05));
#3621 = DIRECTION('',(0.,0.,-1.));
#3622 = DIRECTION('',(-1.,-0.,-0.));
#3623 = PCURVE('',#3453,#3624);
#3624 = DEFINITIONAL_REPRESENTATION('',(#3625),#3633);
#3625 = ( BOUNDED_CURVE() B_SPLINE_CURVE(2,(#3626,#3627,#3628,#3629,
#3630,#3631,#3632),.UNSPECIFIED.,.T.,.F.) B_SPLINE_CURVE_WITH_KNOTS((1,2
    ,2,2,2,1),(-2.094395102393,0.,2.094395102393,4.188790204786,
6.28318530718,8.377580409573),.UNSPECIFIED.) CURVE() 
GEOMETRIC_REPRESENTATION_ITEM() RATIONAL_B_SPLINE_CURVE((1.,0.5,1.,0.5,
1.,0.5,1.)) REPRESENTATION_ITEM('') );
#3626 = CARTESIAN_POINT('',(-1.25,0.));
#3627 = CARTESIAN_POINT('',(-1.25,2.165063509461));
#3628 = CARTESIAN_POINT('',(0.625,1.082531754731));
#3629 = CARTESIAN_POINT('',(2.5,3.061616997868E-16));
#3630 = CARTESIAN_POINT('',(0.625,-1.082531754731));
#3631 = CARTESIAN_POINT('',(-1.25,-2.165063509461));
#3632 = CARTESIAN_POINT('',(-1.25,0.));
#3633 = ( GEOMETRIC_REPRESENTATION_CONTEXT(2) 
PARAMETRIC_REPRESENTATION_CONTEXT() REPRESENTATION_CONTEXT('2D SPACE',''
  ) );
#3634 = PCURVE('',#3635,#3640);
#3635 = CYLINDRICAL_SURFACE('',#3636,1.25);
#3636 = AXIS2_PLACEMENT_3D('',#3637,#3638,#3639);
#3637 = CARTESIAN_POINT('',(122.2,53.14,1.6));
#3638 = DIRECTION('',(0.,-0.,-1.));
#3639 = DIRECTION('',(-1.,-0.,-0.));
#3640 = DEFINITIONAL_REPRESENTATION('',(#3641),#3645);
#3641 = LINE('',#3642,#3643);
#3642 = CARTESIAN_POINT('',(0.,-5.45));
#3643 = VECTOR('',#3644,1.);
#3644 = DIRECTION('',(1.,0.));
#3645 = ( GEOMETRIC_REPRESENTATION_CONTEXT(2) 
PARAMETRIC_REPRESENTATION_CONTEXT() REPRESENTATION_CONTEXT('2D SPACE',''
  ) );
#3646 = ADVANCED_FACE('',(#3647,#3650),#3512,.T.);
#3647 = FACE_BOUND('',#3648,.F.);
#3648 = EDGE_LOOP('',(#3649));
#3649 = ORIENTED_EDGE('',*,*,#3497,.T.);
#3650 = FACE_BOUND('',#3651,.F.);
#3651 = EDGE_LOOP('',(#3652));
#3652 = ORIENTED_EDGE('',*,*,#3653,.F.);
#3653 = EDGE_CURVE('',#3654,#3654,#3656,.T.);
#3654 = VERTEX_POINT('',#3655);
#3655 = CARTESIAN_POINT('',(8.15,53.14,7.05));
#3656 = SURFACE_CURVE('',#3657,(#3662,#3673),.PCURVE_S1.);
#3657 = CIRCLE('',#3658,1.25);
#3658 = AXIS2_PLACEMENT_3D('',#3659,#3660,#3661);
#3659 = CARTESIAN_POINT('',(9.4,53.14,7.05));
#3660 = DIRECTION('',(0.,0.,-1.));
#3661 = DIRECTION('',(-1.,-0.,-0.));
#3662 = PCURVE('',#3512,#3663);
#3663 = DEFINITIONAL_REPRESENTATION('',(#3664),#3672);
#3664 = ( BOUNDED_CURVE() B_SPLINE_CURVE(2,(#3665,#3666,#3667,#3668,
#3669,#3670,#3671),.UNSPECIFIED.,.T.,.F.) B_SPLINE_CURVE_WITH_KNOTS((1,2
    ,2,2,2,1),(-2.094395102393,0.,2.094395102393,4.188790204786,
6.28318530718,8.377580409573),.UNSPECIFIED.) CURVE() 
GEOMETRIC_REPRESENTATION_ITEM() RATIONAL_B_SPLINE_CURVE((1.,0.5,1.,0.5,
1.,0.5,1.)) REPRESENTATION_ITEM('') );
#3665 = CARTESIAN_POINT('',(-1.25,0.));
#3666 = CARTESIAN_POINT('',(-1.25,2.165063509461));
#3667 = CARTESIAN_POINT('',(0.625,1.082531754731));
#3668 = CARTESIAN_POINT('',(2.5,3.061616997868E-16));
#3669 = CARTESIAN_POINT('',(0.625,-1.082531754731));
#3670 = CARTESIAN_POINT('',(-1.25,-2.165063509461));
#3671 = CARTESIAN_POINT('',(-1.25,0.));
#3672 = ( GEOMETRIC_REPRESENTATION_CONTEXT(2) 
PARAMETRIC_REPRESENTATION_CONTEXT() REPRESENTATION_CONTEXT('2D SPACE',''
  ) );
#3673 = PCURVE('',#3674,#3679);
#3674 = CYLINDRICAL_SURFACE('',#3675,1.25);
#3675 = AXIS2_PLACEMENT_3D('',#3676,#3677,#3678);
#3676 = CARTESIAN_POINT('',(9.4,53.14,1.6));
#3677 = DIRECTION('',(0.,-0.,-1.));
#3678 = DIRECTION('',(-1.,-0.,-0.));
#3679 = DEFINITIONAL_REPRESENTATION('',(#3680),#3684);
#3680 = LINE('',#3681,#3682);
#3681 = CARTESIAN_POINT('',(0.,-5.45));
#3682 = VECTOR('',#3683,1.);
#3683 = DIRECTION('',(1.,0.));
#3684 = ( GEOMETRIC_REPRESENTATION_CONTEXT(2) 
PARAMETRIC_REPRESENTATION_CONTEXT() REPRESENTATION_CONTEXT('2D SPACE',''
  ) );
#3685 = ADVANCED_FACE('',(#3686),#3557,.F.);
#3686 = FACE_BOUND('',#3687,.F.);
#3687 = EDGE_LOOP('',(#3688,#3711,#3712,#3713));
#3688 = ORIENTED_EDGE('',*,*,#3689,.T.);
#3689 = EDGE_CURVE('',#3690,#3537,#3692,.T.);
#3690 = VERTEX_POINT('',#3691);
#3691 = CARTESIAN_POINT('',(120.95,7.4,1.6));
#3692 = SEAM_CURVE('',#3693,(#3697,#3704),.PCURVE_S1.);
#3693 = LINE('',#3694,#3695);
#3694 = CARTESIAN_POINT('',(120.95,7.4,1.6));
#3695 = VECTOR('',#3696,1.);
#3696 = DIRECTION('',(-0.,-0.,1.));
#3697 = PCURVE('',#3557,#3698);
#3698 = DEFINITIONAL_REPRESENTATION('',(#3699),#3703);
#3699 = LINE('',#3700,#3701);
#3700 = CARTESIAN_POINT('',(0.,0.));
#3701 = VECTOR('',#3702,1.);
#3702 = DIRECTION('',(0.,-1.));
#3703 = ( GEOMETRIC_REPRESENTATION_CONTEXT(2) 
PARAMETRIC_REPRESENTATION_CONTEXT() REPRESENTATION_CONTEXT('2D SPACE',''
  ) );
#3704 = PCURVE('',#3557,#3705);
#3705 = DEFINITIONAL_REPRESENTATION('',(#3706),#3710);
#3706 = LINE('',#3707,#3708);
#3707 = CARTESIAN_POINT('',(6.28318530718,0.));
#3708 = VECTOR('',#3709,1.);
#3709 = DIRECTION('',(0.,-1.));
#3710 = ( GEOMETRIC_REPRESENTATION_CONTEXT(2) 
PARAMETRIC_REPRESENTATION_CONTEXT() REPRESENTATION_CONTEXT('2D SPACE',''
  ) );
#3711 = ORIENTED_EDGE('',*,*,#3536,.T.);
#3712 = ORIENTED_EDGE('',*,*,#3689,.F.);
#3713 = ORIENTED_EDGE('',*,*,#3714,.F.);
#3714 = EDGE_CURVE('',#3690,#3690,#3715,.T.);
#3715 = SURFACE_CURVE('',#3716,(#3721,#3728),.PCURVE_S1.);
#3716 = CIRCLE('',#3717,1.25);
#3717 = AXIS2_PLACEMENT_3D('',#3718,#3719,#3720);
#3718 = CARTESIAN_POINT('',(122.2,7.4,1.6));
#3719 = DIRECTION('',(0.,0.,-1.));
#3720 = DIRECTION('',(-1.,-0.,-0.));
#3721 = PCURVE('',#3557,#3722);
#3722 = DEFINITIONAL_REPRESENTATION('',(#3723),#3727);
#3723 = LINE('',#3724,#3725);
#3724 = CARTESIAN_POINT('',(0.,0.));
#3725 = VECTOR('',#3726,1.);
#3726 = DIRECTION('',(1.,0.));
#3727 = ( GEOMETRIC_REPRESENTATION_CONTEXT(2) 
PARAMETRIC_REPRESENTATION_CONTEXT() REPRESENTATION_CONTEXT('2D SPACE',''
  ) );
#3728 = PCURVE('',#3729,#3734);
#3729 = PLANE('',#3730);
#3730 = AXIS2_PLACEMENT_3D('',#3731,#3732,#3733);
#3731 = CARTESIAN_POINT('',(126.7,2.4,1.6));
#3732 = DIRECTION('',(0.,0.,1.));
#3733 = DIRECTION('',(1.,0.,0.));
#3734 = DEFINITIONAL_REPRESENTATION('',(#3735),#3743);
#3735 = ( BOUNDED_CURVE() B_SPLINE_CURVE(2,(#3736,#3737,#3738,#3739,
#3740,#3741,#3742),.UNSPECIFIED.,.T.,.F.) B_SPLINE_CURVE_WITH_KNOTS((1,2
    ,2,2,2,1),(-2.094395102393,0.,2.094395102393,4.188790204786,
6.28318530718,8.377580409573),.UNSPECIFIED.) CURVE() 
GEOMETRIC_REPRESENTATION_ITEM() RATIONAL_B_SPLINE_CURVE((1.,0.5,1.,0.5,
1.,0.5,1.)) REPRESENTATION_ITEM('') );
#3736 = CARTESIAN_POINT('',(-5.75,5.));
#3737 = CARTESIAN_POINT('',(-5.75,7.165063509461));
#3738 = CARTESIAN_POINT('',(-3.875,6.082531754731));
#3739 = CARTESIAN_POINT('',(-2.,5.));
#3740 = CARTESIAN_POINT('',(-3.875,3.917468245269));
#3741 = CARTESIAN_POINT('',(-5.75,2.834936490539));
#3742 = CARTESIAN_POINT('',(-5.75,5.));
#3743 = ( GEOMETRIC_REPRESENTATION_CONTEXT(2) 
PARAMETRIC_REPRESENTATION_CONTEXT() REPRESENTATION_CONTEXT('2D SPACE',''
  ) );
#3744 = ADVANCED_FACE('',(#3745),#3596,.F.);
#3745 = FACE_BOUND('',#3746,.F.);
#3746 = EDGE_LOOP('',(#3747,#3770,#3771,#3772));
#3747 = ORIENTED_EDGE('',*,*,#3748,.T.);
#3748 = EDGE_CURVE('',#3749,#3576,#3751,.T.);
#3749 = VERTEX_POINT('',#3750);
#3750 = CARTESIAN_POINT('',(8.15,7.4,1.6));
#3751 = SEAM_CURVE('',#3752,(#3756,#3763),.PCURVE_S1.);
#3752 = LINE('',#3753,#3754);
#3753 = CARTESIAN_POINT('',(8.15,7.4,1.6));
#3754 = VECTOR('',#3755,1.);
#3755 = DIRECTION('',(-0.,-0.,1.));
#3756 = PCURVE('',#3596,#3757);
#3757 = DEFINITIONAL_REPRESENTATION('',(#3758),#3762);
#3758 = LINE('',#3759,#3760);
#3759 = CARTESIAN_POINT('',(0.,0.));
#3760 = VECTOR('',#3761,1.);
#3761 = DIRECTION('',(0.,-1.));
#3762 = ( GEOMETRIC_REPRESENTATION_CONTEXT(2) 
PARAMETRIC_REPRESENTATION_CONTEXT() REPRESENTATION_CONTEXT('2D SPACE',''
  ) );
#3763 = PCURVE('',#3596,#3764);
#3764 = DEFINITIONAL_REPRESENTATION('',(#3765),#3769);
#3765 = LINE('',#3766,#3767);
#3766 = CARTESIAN_POINT('',(6.28318530718,0.));
#3767 = VECTOR('',#3768,1.);
#3768 = DIRECTION('',(0.,-1.));
#3769 = ( GEOMETRIC_REPRESENTATION_CONTEXT(2) 
PARAMETRIC_REPRESENTATION_CONTEXT() REPRESENTATION_CONTEXT('2D SPACE',''
  ) );
#3770 = ORIENTED_EDGE('',*,*,#3575,.T.);
#3771 = ORIENTED_EDGE('',*,*,#3748,.F.);
#3772 = ORIENTED_EDGE('',*,*,#3773,.F.);
#3773 = EDGE_CURVE('',#3749,#3749,#3774,.T.);
#3774 = SURFACE_CURVE('',#3775,(#3780,#3787),.PCURVE_S1.);
#3775 = CIRCLE('',#3776,1.25);
#3776 = AXIS2_PLACEMENT_3D('',#3777,#3778,#3779);
#3777 = CARTESIAN_POINT('',(9.4,7.4,1.6));
#3778 = DIRECTION('',(0.,0.,-1.));
#3779 = DIRECTION('',(-1.,-0.,-0.));
#3780 = PCURVE('',#3596,#3781);
#3781 = DEFINITIONAL_REPRESENTATION('',(#3782),#3786);
#3782 = LINE('',#3783,#3784);
#3783 = CARTESIAN_POINT('',(0.,0.));
#3784 = VECTOR('',#3785,1.);
#3785 = DIRECTION('',(1.,0.));
#3786 = ( GEOMETRIC_REPRESENTATION_CONTEXT(2) 
PARAMETRIC_REPRESENTATION_CONTEXT() REPRESENTATION_CONTEXT('2D SPACE',''
  ) );
#3787 = PCURVE('',#3788,#3793);
#3788 = PLANE('',#3789);
#3789 = AXIS2_PLACEMENT_3D('',#3790,#3791,#3792);
#3790 = CARTESIAN_POINT('',(126.7,2.4,1.6));
#3791 = DIRECTION('',(0.,0.,1.));
#3792 = DIRECTION('',(1.,0.,0.));
#3793 = DEFINITIONAL_REPRESENTATION('',(#3794),#3802);
#3794 = ( BOUNDED_CURVE() B_SPLINE_CURVE(2,(#3795,#3796,#3797,#3798,
#3799,#3800,#3801),.UNSPECIFIED.,.T.,.F.) B_SPLINE_CURVE_WITH_KNOTS((1,2
    ,2,2,2,1),(-2.094395102393,0.,2.094395102393,4.188790204786,
6.28318530718,8.377580409573),.UNSPECIFIED.) CURVE() 
GEOMETRIC_REPRESENTATION_ITEM() RATIONAL_B_SPLINE_CURVE((1.,0.5,1.,0.5,
1.,0.5,1.)) REPRESENTATION_ITEM('') );
#3795 = CARTESIAN_POINT('',(-118.55,5.));
#3796 = CARTESIAN_POINT('',(-118.55,7.165063509461));
#3797 = CARTESIAN_POINT('',(-116.675,6.082531754731));
#3798 = CARTESIAN_POINT('',(-114.8,5.));
#3799 = CARTESIAN_POINT('',(-116.675,3.917468245269));
#3800 = CARTESIAN_POINT('',(-118.55,2.834936490539));
#3801 = CARTESIAN_POINT('',(-118.55,5.));
#3802 = ( GEOMETRIC_REPRESENTATION_CONTEXT(2) 
PARAMETRIC_REPRESENTATION_CONTEXT() REPRESENTATION_CONTEXT('2D SPACE',''
  ) );
#3803 = ADVANCED_FACE('',(#3804),#3635,.F.);
#3804 = FACE_BOUND('',#3805,.F.);
#3805 = EDGE_LOOP('',(#3806,#3829,#3830,#3831));
#3806 = ORIENTED_EDGE('',*,*,#3807,.T.);
#3807 = EDGE_CURVE('',#3808,#3615,#3810,.T.);
#3808 = VERTEX_POINT('',#3809);
#3809 = CARTESIAN_POINT('',(120.95,53.14,1.6));
#3810 = SEAM_CURVE('',#3811,(#3815,#3822),.PCURVE_S1.);
#3811 = LINE('',#3812,#3813);
#3812 = CARTESIAN_POINT('',(120.95,53.14,1.6));
#3813 = VECTOR('',#3814,1.);
#3814 = DIRECTION('',(-0.,-0.,1.));
#3815 = PCURVE('',#3635,#3816);
#3816 = DEFINITIONAL_REPRESENTATION('',(#3817),#3821);
#3817 = LINE('',#3818,#3819);
#3818 = CARTESIAN_POINT('',(0.,0.));
#3819 = VECTOR('',#3820,1.);
#3820 = DIRECTION('',(0.,-1.));
#3821 = ( GEOMETRIC_REPRESENTATION_CONTEXT(2) 
PARAMETRIC_REPRESENTATION_CONTEXT() REPRESENTATION_CONTEXT('2D SPACE',''
  ) );
#3822 = PCURVE('',#3635,#3823);
#3823 = DEFINITIONAL_REPRESENTATION('',(#3824),#3828);
#3824 = LINE('',#3825,#3826);
#3825 = CARTESIAN_POINT('',(6.28318530718,0.));
#3826 = VECTOR('',#3827,1.);
#3827 = DIRECTION('',(0.,-1.));
#3828 = ( GEOMETRIC_REPRESENTATION_CONTEXT(2) 
PARAMETRIC_REPRESENTATION_CONTEXT() REPRESENTATION_CONTEXT('2D SPACE',''
  ) );
#3829 = ORIENTED_EDGE('',*,*,#3614,.T.);
#3830 = ORIENTED_EDGE('',*,*,#3807,.F.);
#3831 = ORIENTED_EDGE('',*,*,#3832,.F.);
#3832 = EDGE_CURVE('',#3808,#3808,#3833,.T.);
#3833 = SURFACE_CURVE('',#3834,(#3839,#3846),.PCURVE_S1.);
#3834 = CIRCLE('',#3835,1.25);
#3835 = AXIS2_PLACEMENT_3D('',#3836,#3837,#3838);
#3836 = CARTESIAN_POINT('',(122.2,53.14,1.6));
#3837 = DIRECTION('',(0.,0.,-1.));
#3838 = DIRECTION('',(-1.,-0.,-0.));
#3839 = PCURVE('',#3635,#3840);
#3840 = DEFINITIONAL_REPRESENTATION('',(#3841),#3845);
#3841 = LINE('',#3842,#3843);
#3842 = CARTESIAN_POINT('',(0.,0.));
#3843 = VECTOR('',#3844,1.);
#3844 = DIRECTION('',(1.,0.));
#3845 = ( GEOMETRIC_REPRESENTATION_CONTEXT(2) 
PARAMETRIC_REPRESENTATION_CONTEXT() REPRESENTATION_CONTEXT('2D SPACE',''
  ) );
#3846 = PCURVE('',#3847,#3852);
#3847 = PLANE('',#3848);
#3848 = AXIS2_PLACEMENT_3D('',#3849,#3850,#3851);
#3849 = CARTESIAN_POINT('',(126.7,2.4,1.6));
#3850 = DIRECTION('',(0.,0.,1.));
#3851 = DIRECTION('',(1.,0.,0.));
#3852 = DEFINITIONAL_REPRESENTATION('',(#3853),#3861);
#3853 = ( BOUNDED_CURVE() B_SPLINE_CURVE(2,(#3854,#3855,#3856,#3857,
#3858,#3859,#3860),.UNSPECIFIED.,.T.,.F.) B_SPLINE_CURVE_WITH_KNOTS((1,2
    ,2,2,2,1),(-2.094395102393,0.,2.094395102393,4.188790204786,
6.28318530718,8.377580409573),.UNSPECIFIED.) CURVE() 
GEOMETRIC_REPRESENTATION_ITEM() RATIONAL_B_SPLINE_CURVE((1.,0.5,1.,0.5,
1.,0.5,1.)) REPRESENTATION_ITEM('') );
#3854 = CARTESIAN_POINT('',(-5.75,50.74));
#3855 = CARTESIAN_POINT('',(-5.75,52.905063509461));
#3856 = CARTESIAN_POINT('',(-3.875,51.822531754731));
#3857 = CARTESIAN_POINT('',(-2.,50.74));
#3858 = CARTESIAN_POINT('',(-3.875,49.657468245269));
#3859 = CARTESIAN_POINT('',(-5.75,48.574936490539));
#3860 = CARTESIAN_POINT('',(-5.75,50.74));
#3861 = ( GEOMETRIC_REPRESENTATION_CONTEXT(2) 
PARAMETRIC_REPRESENTATION_CONTEXT() REPRESENTATION_CONTEXT('2D SPACE',''
  ) );
#3862 = ADVANCED_FACE('',(#3863),#3674,.F.);
#3863 = FACE_BOUND('',#3864,.F.);
#3864 = EDGE_LOOP('',(#3865,#3888,#3889,#3890));
#3865 = ORIENTED_EDGE('',*,*,#3866,.T.);
#3866 = EDGE_CURVE('',#3867,#3654,#3869,.T.);
#3867 = VERTEX_POINT('',#3868);
#3868 = CARTESIAN_POINT('',(8.15,53.14,1.6));
#3869 = SEAM_CURVE('',#3870,(#3874,#3881),.PCURVE_S1.);
#3870 = LINE('',#3871,#3872);
#3871 = CARTESIAN_POINT('',(8.15,53.14,1.6));
#3872 = VECTOR('',#3873,1.);
#3873 = DIRECTION('',(-0.,-0.,1.));
#3874 = PCURVE('',#3674,#3875);
#3875 = DEFINITIONAL_REPRESENTATION('',(#3876),#3880);
#3876 = LINE('',#3877,#3878);
#3877 = CARTESIAN_POINT('',(0.,0.));
#3878 = VECTOR('',#3879,1.);
#3879 = DIRECTION('',(0.,-1.));
#3880 = ( GEOMETRIC_REPRESENTATION_CONTEXT(2) 
PARAMETRIC_REPRESENTATION_CONTEXT() REPRESENTATION_CONTEXT('2D SPACE',''
  ) );
#3881 = PCURVE('',#3674,#3882);
#3882 = DEFINITIONAL_REPRESENTATION('',(#3883),#3887);
#3883 = LINE('',#3884,#3885);
#3884 = CARTESIAN_POINT('',(6.28318530718,0.));
#3885 = VECTOR('',#3886,1.);
#3886 = DIRECTION('',(0.,-1.));
#3887 = ( GEOMETRIC_REPRESENTATION_CONTEXT(2) 
PARAMETRIC_REPRESENTATION_CONTEXT() REPRESENTATION_CONTEXT('2D SPACE',''
  ) );
#3888 = ORIENTED_EDGE('',*,*,#3653,.T.);
#3889 = ORIENTED_EDGE('',*,*,#3866,.F.);
#3890 = ORIENTED_EDGE('',*,*,#3891,.F.);
#3891 = EDGE_CURVE('',#3867,#3867,#3892,.T.);
#3892 = SURFACE_CURVE('',#3893,(#3898,#3905),.PCURVE_S1.);
#3893 = CIRCLE('',#3894,1.25);
#3894 = AXIS2_PLACEMENT_3D('',#3895,#3896,#3897);
#3895 = CARTESIAN_POINT('',(9.4,53.14,1.6));
#3896 = DIRECTION('',(0.,0.,-1.));
#3897 = DIRECTION('',(-1.,-0.,-0.));
#3898 = PCURVE('',#3674,#3899);
#3899 = DEFINITIONAL_REPRESENTATION('',(#3900),#3904);
#3900 = LINE('',#3901,#3902);
#3901 = CARTESIAN_POINT('',(0.,0.));
#3902 = VECTOR('',#3903,1.);
#3903 = DIRECTION('',(1.,0.));
#3904 = ( GEOMETRIC_REPRESENTATION_CONTEXT(2) 
PARAMETRIC_REPRESENTATION_CONTEXT() REPRESENTATION_CONTEXT('2D SPACE',''
  ) );
#3905 = PCURVE('',#3906,#3911);
#3906 = PLANE('',#3907);
#3907 = AXIS2_PLACEMENT_3D('',#3908,#3909,#3910);
#3908 = CARTESIAN_POINT('',(126.7,2.4,1.6));
#3909 = DIRECTION('',(0.,0.,1.));
#3910 = DIRECTION('',(1.,0.,0.));
#3911 = DEFINITIONAL_REPRESENTATION('',(#3912),#3920);
#3912 = ( BOUNDED_CURVE() B_SPLINE_CURVE(2,(#3913,#3914,#3915,#3916,
#3917,#3918,#3919),.UNSPECIFIED.,.T.,.F.) B_SPLINE_CURVE_WITH_KNOTS((1,2
    ,2,2,2,1),(-2.094395102393,0.,2.094395102393,4.188790204786,
6.28318530718,8.377580409573),.UNSPECIFIED.) CURVE() 
GEOMETRIC_REPRESENTATION_ITEM() RATIONAL_B_SPLINE_CURVE((1.,0.5,1.,0.5,
1.,0.5,1.)) REPRESENTATION_ITEM('') );
#3913 = CARTESIAN_POINT('',(-118.55,50.74));
#3914 = CARTESIAN_POINT('',(-118.55,52.905063509461));
#3915 = CARTESIAN_POINT('',(-116.675,51.822531754731));
#3916 = CARTESIAN_POINT('',(-114.8,50.74));
#3917 = CARTESIAN_POINT('',(-116.675,49.657468245269));
#3918 = CARTESIAN_POINT('',(-118.55,48.574936490539));
#3919 = CARTESIAN_POINT('',(-118.55,50.74));
#3920 = ( GEOMETRIC_REPRESENTATION_CONTEXT(2) 
PARAMETRIC_REPRESENTATION_CONTEXT() REPRESENTATION_CONTEXT('2D SPACE',''
  ) );
#3921 = ADVANCED_FACE('',(#3922),#3729,.T.);
#3922 = FACE_BOUND('',#3923,.F.);
#3923 = EDGE_LOOP('',(#3924));
#3924 = ORIENTED_EDGE('',*,*,#3714,.T.);
#3925 = ADVANCED_FACE('',(#3926),#3788,.T.);
#3926 = FACE_BOUND('',#3927,.F.);
#3927 = EDGE_LOOP('',(#3928));
#3928 = ORIENTED_EDGE('',*,*,#3773,.T.);
#3929 = ADVANCED_FACE('',(#3930),#3847,.T.);
#3930 = FACE_BOUND('',#3931,.F.);
#3931 = EDGE_LOOP('',(#3932));
#3932 = ORIENTED_EDGE('',*,*,#3832,.T.);
#3933 = ADVANCED_FACE('',(#3934),#3906,.T.);
#3934 = FACE_BOUND('',#3935,.F.);
#3935 = EDGE_LOOP('',(#3936));
#3936 = ORIENTED_EDGE('',*,*,#3891,.T.);
#3937 = ( GEOMETRIC_REPRESENTATION_CONTEXT(3) 
GLOBAL_UNCERTAINTY_ASSIGNED_CONTEXT((#3941)) 
GLOBAL_UNIT_ASSIGNED_CONTEXT((#3938,#3939,#3940)) REPRESENTATION_CONTEXT
('Context #1','3D Context with UNIT and UNCERTAINTY') );
#3938 = ( LENGTH_UNIT() NAMED_UNIT(*) SI_UNIT(.MILLI.,.METRE.) );
#3939 = ( NAMED_UNIT(*) PLANE_ANGLE_UNIT() SI_UNIT($,.RADIAN.) );
#3940 = ( NAMED_UNIT(*) SI_UNIT($,.STERADIAN.) SOLID_ANGLE_UNIT() );
#3941 = UNCERTAINTY_MEASURE_WITH_UNIT(LENGTH_MEASURE(5.E-06),#3938,
  'distance_accuracy_value','confusion accuracy');
#3942 = CONTEXT_DEPENDENT_SHAPE_REPRESENTATION(#3943,#3945);
#3943 = ( REPRESENTATION_RELATIONSHIP('','',#40,#10) 
REPRESENTATION_RELATIONSHIP_WITH_TRANSFORMATION(#3944) 
SHAPE_REPRESENTATION_RELATIONSHIP() );
#3944 = ITEM_DEFINED_TRANSFORMATION('','',#11,#15);
#3945 = PRODUCT_DEFINITION_SHAPE('Placement','Placement of an item',
  #3946);
#3946 = NEXT_ASSEMBLY_USAGE_OCCURRENCE('1','voorkant','',#5,#35,$);
#3947 = PRODUCT_RELATED_PRODUCT_CATEGORY('part',$,(#37));
#3948 = SHAPE_DEFINITION_REPRESENTATION(#3949,#3955);
#3949 = PRODUCT_DEFINITION_SHAPE('','',#3950);
#3950 = PRODUCT_DEFINITION('design','',#3951,#3954);
#3951 = PRODUCT_DEFINITION_FORMATION('','',#3952);
#3952 = PRODUCT('achterkant','achterkant','',(#3953));
#3953 = PRODUCT_CONTEXT('',#2,'mechanical');
#3954 = PRODUCT_DEFINITION_CONTEXT('part definition',#2,'design');
#3955 = ADVANCED_BREP_SHAPE_REPRESENTATION('',(#11,#3956),#7722);
#3956 = MANIFOLD_SOLID_BREP('',#3957);
#3957 = CLOSED_SHELL('',(#3958,#4078,#4640,#4699,#4734,#4789,#4828,#4883
    ,#5556,#5615,#5619,#5678,#5682,#5741,#5776,#5831,#5865,#5924,#5959,
    #6014,#6048,#6107,#6111,#6170,#6174,#6233,#6268,#6323,#6357,#6433,
    #6482,#6536,#6692,#6763,#6812,#6861,#6915,#6964,#7018,#7045,#7092,
    #7119,#7146,#7153,#7180,#7227,#7254,#7281,#7288,#7315,#7342,#7413,
    #7467,#7540,#7590,#7639,#7667,#7699));
#3958 = ADVANCED_FACE('',(#3959),#3973,.F.);
#3959 = FACE_BOUND('',#3960,.T.);
#3960 = EDGE_LOOP('',(#3961,#3996,#4024,#4052));
#3961 = ORIENTED_EDGE('',*,*,#3962,.F.);
#3962 = EDGE_CURVE('',#3963,#3965,#3967,.T.);
#3963 = VERTEX_POINT('',#3964);
#3964 = CARTESIAN_POINT('',(129.1,55.54,7.05));
#3965 = VERTEX_POINT('',#3966);
#3966 = CARTESIAN_POINT('',(129.1,5.,7.05));
#3967 = SURFACE_CURVE('',#3968,(#3972,#3984),.PCURVE_S1.);
#3968 = LINE('',#3969,#3970);
#3969 = CARTESIAN_POINT('',(129.1,60.54,7.05));
#3970 = VECTOR('',#3971,1.);
#3971 = DIRECTION('',(0.,-1.,1.224646799147E-16));
#3972 = PCURVE('',#3973,#3978);
#3973 = PLANE('',#3974);
#3974 = AXIS2_PLACEMENT_3D('',#3975,#3976,#3977);
#3975 = CARTESIAN_POINT('',(129.1,60.54,19.05));
#3976 = DIRECTION('',(-1.,0.,0.));
#3977 = DIRECTION('',(0.,1.224646799147E-16,1.));
#3978 = DEFINITIONAL_REPRESENTATION('',(#3979),#3983);
#3979 = LINE('',#3980,#3981);
#3980 = CARTESIAN_POINT('',(-12.,1.469576158977E-15));
#3981 = VECTOR('',#3982,1.);
#3982 = DIRECTION('',(-0.,-1.));
#3983 = ( GEOMETRIC_REPRESENTATION_CONTEXT(2) 
PARAMETRIC_REPRESENTATION_CONTEXT() REPRESENTATION_CONTEXT('2D SPACE',''
  ) );
#3984 = PCURVE('',#3985,#3990);
#3985 = PLANE('',#3986);
#3986 = AXIS2_PLACEMENT_3D('',#3987,#3988,#3989);
#3987 = CARTESIAN_POINT('',(129.1,60.54,7.05));
#3988 = DIRECTION('',(0.,-1.224646799147E-16,-1.));
#3989 = DIRECTION('',(1.,0.,-0.));
#3990 = DEFINITIONAL_REPRESENTATION('',(#3991),#3995);
#3991 = LINE('',#3992,#3993);
#3992 = CARTESIAN_POINT('',(-0.,0.));
#3993 = VECTOR('',#3994,1.);
#3994 = DIRECTION('',(-0.,1.));
#3995 = ( GEOMETRIC_REPRESENTATION_CONTEXT(2) 
PARAMETRIC_REPRESENTATION_CONTEXT() REPRESENTATION_CONTEXT('2D SPACE',''
  ) );
#3996 = ORIENTED_EDGE('',*,*,#3997,.F.);
#3997 = EDGE_CURVE('',#3998,#3963,#4000,.T.);
#3998 = VERTEX_POINT('',#3999);
#3999 = CARTESIAN_POINT('',(129.1,55.54,19.05));
#4000 = SURFACE_CURVE('',#4001,(#4005,#4012),.PCURVE_S1.);
#4001 = LINE('',#4002,#4003);
#4002 = CARTESIAN_POINT('',(129.1,55.54,19.05));
#4003 = VECTOR('',#4004,1.);
#4004 = DIRECTION('',(0.,-1.224646799147E-16,-1.));
#4005 = PCURVE('',#3973,#4006);
#4006 = DEFINITIONAL_REPRESENTATION('',(#4007),#4011);
#4007 = LINE('',#4008,#4009);
#4008 = CARTESIAN_POINT('',(-6.123233995737E-16,-5.));
#4009 = VECTOR('',#4010,1.);
#4010 = DIRECTION('',(-1.,0.));
#4011 = ( GEOMETRIC_REPRESENTATION_CONTEXT(2) 
PARAMETRIC_REPRESENTATION_CONTEXT() REPRESENTATION_CONTEXT('2D SPACE',''
  ) );
#4012 = PCURVE('',#4013,#4018);
#4013 = CYLINDRICAL_SURFACE('',#4014,5.);
#4014 = AXIS2_PLACEMENT_3D('',#4015,#4016,#4017);
#4015 = CARTESIAN_POINT('',(124.1,55.54,19.05));
#4016 = DIRECTION('',(0.,-1.224646799147E-16,-1.));
#4017 = DIRECTION('',(1.,0.,0.));
#4018 = DEFINITIONAL_REPRESENTATION('',(#4019),#4023);
#4019 = LINE('',#4020,#4021);
#4020 = CARTESIAN_POINT('',(-0.,0.));
#4021 = VECTOR('',#4022,1.);
#4022 = DIRECTION('',(-0.,1.));
#4023 = ( GEOMETRIC_REPRESENTATION_CONTEXT(2) 
PARAMETRIC_REPRESENTATION_CONTEXT() REPRESENTATION_CONTEXT('2D SPACE',''
  ) );
#4024 = ORIENTED_EDGE('',*,*,#4025,.T.);
#4025 = EDGE_CURVE('',#3998,#4026,#4028,.T.);
#4026 = VERTEX_POINT('',#4027);
#4027 = CARTESIAN_POINT('',(129.1,5.,19.05));
#4028 = SURFACE_CURVE('',#4029,(#4033,#4040),.PCURVE_S1.);
#4029 = LINE('',#4030,#4031);
#4030 = CARTESIAN_POINT('',(129.1,60.54,19.05));
#4031 = VECTOR('',#4032,1.);
#4032 = DIRECTION('',(0.,-1.,1.224646799147E-16));
#4033 = PCURVE('',#3973,#4034);
#4034 = DEFINITIONAL_REPRESENTATION('',(#4035),#4039);
#4035 = LINE('',#4036,#4037);
#4036 = CARTESIAN_POINT('',(-0.,0.));
#4037 = VECTOR('',#4038,1.);
#4038 = DIRECTION('',(-0.,-1.));
#4039 = ( GEOMETRIC_REPRESENTATION_CONTEXT(2) 
PARAMETRIC_REPRESENTATION_CONTEXT() REPRESENTATION_CONTEXT('2D SPACE',''
  ) );
#4040 = PCURVE('',#4041,#4046);
#4041 = PLANE('',#4042);
#4042 = AXIS2_PLACEMENT_3D('',#4043,#4044,#4045);
#4043 = CARTESIAN_POINT('',(129.1,60.54,19.05));
#4044 = DIRECTION('',(0.,-1.224646799147E-16,-1.));
#4045 = DIRECTION('',(1.,-0.,-0.));
#4046 = DEFINITIONAL_REPRESENTATION('',(#4047),#4051);
#4047 = LINE('',#4048,#4049);
#4048 = CARTESIAN_POINT('',(-0.,0.));
#4049 = VECTOR('',#4050,1.);
#4050 = DIRECTION('',(-0.,1.));
#4051 = ( GEOMETRIC_REPRESENTATION_CONTEXT(2) 
PARAMETRIC_REPRESENTATION_CONTEXT() REPRESENTATION_CONTEXT('2D SPACE',''
  ) );
#4052 = ORIENTED_EDGE('',*,*,#4053,.T.);
#4053 = EDGE_CURVE('',#4026,#3965,#4054,.T.);
#4054 = SURFACE_CURVE('',#4055,(#4059,#4066),.PCURVE_S1.);
#4055 = LINE('',#4056,#4057);
#4056 = CARTESIAN_POINT('',(129.1,5.,19.05));
#4057 = VECTOR('',#4058,1.);
#4058 = DIRECTION('',(0.,-1.224646799147E-16,-1.));
#4059 = PCURVE('',#3973,#4060);
#4060 = DEFINITIONAL_REPRESENTATION('',(#4061),#4065);
#4061 = LINE('',#4062,#4063);
#4062 = CARTESIAN_POINT('',(3.037390351366E-16,-55.54));
#4063 = VECTOR('',#4064,1.);
#4064 = DIRECTION('',(-1.,0.));
#4065 = ( GEOMETRIC_REPRESENTATION_CONTEXT(2) 
PARAMETRIC_REPRESENTATION_CONTEXT() REPRESENTATION_CONTEXT('2D SPACE',''
  ) );
#4066 = PCURVE('',#4067,#4072);
#4067 = CYLINDRICAL_SURFACE('',#4068,5.);
#4068 = AXIS2_PLACEMENT_3D('',#4069,#4070,#4071);
#4069 = CARTESIAN_POINT('',(124.1,5.,19.05));
#4070 = DIRECTION('',(0.,-1.224646799147E-16,-1.));
#4071 = DIRECTION('',(1.,0.,0.));
#4072 = DEFINITIONAL_REPRESENTATION('',(#4073),#4077);
#4073 = LINE('',#4074,#4075);
#4074 = CARTESIAN_POINT('',(0.,0.));
#4075 = VECTOR('',#4076,1.);
#4076 = DIRECTION('',(0.,1.));
#4077 = ( GEOMETRIC_REPRESENTATION_CONTEXT(2) 
PARAMETRIC_REPRESENTATION_CONTEXT() REPRESENTATION_CONTEXT('2D SPACE',''
  ) );
#4078 = ADVANCED_FACE('',(#4079,#4278,#4309,#4340,#4459,#4490,#4609),
  #4041,.F.);
#4079 = FACE_BOUND('',#4080,.T.);
#4080 = EDGE_LOOP('',(#4081,#4082,#4110,#4138,#4167,#4195,#4228,#4256));
#4081 = ORIENTED_EDGE('',*,*,#4025,.F.);
#4082 = ORIENTED_EDGE('',*,*,#4083,.T.);
#4083 = EDGE_CURVE('',#3998,#4084,#4086,.T.);
#4084 = VERTEX_POINT('',#4085);
#4085 = CARTESIAN_POINT('',(124.1,60.54,19.05));
#4086 = SURFACE_CURVE('',#4087,(#4092,#4103),.PCURVE_S1.);
#4087 = CIRCLE('',#4088,5.);
#4088 = AXIS2_PLACEMENT_3D('',#4089,#4090,#4091);
#4089 = CARTESIAN_POINT('',(124.1,55.54,19.05));
#4090 = DIRECTION('',(0.,1.224646799147E-16,1.));
#4091 = DIRECTION('',(-0.,1.,-1.224646799147E-16));
#4092 = PCURVE('',#4041,#4093);
#4093 = DEFINITIONAL_REPRESENTATION('',(#4094),#4102);
#4094 = ( BOUNDED_CURVE() B_SPLINE_CURVE(2,(#4095,#4096,#4097,#4098,
#4099,#4100,#4101),.UNSPECIFIED.,.T.,.F.) B_SPLINE_CURVE_WITH_KNOTS((1,2
    ,2,2,2,1),(-2.094395102393,0.,2.094395102393,4.188790204786,
6.28318530718,8.377580409573),.UNSPECIFIED.) CURVE() 
GEOMETRIC_REPRESENTATION_ITEM() RATIONAL_B_SPLINE_CURVE((1.,0.5,1.,0.5,
1.,0.5,1.)) REPRESENTATION_ITEM('') );
#4095 = CARTESIAN_POINT('',(-5.,0.));
#4096 = CARTESIAN_POINT('',(-13.66025403784,0.));
#4097 = CARTESIAN_POINT('',(-9.330127018922,7.5));
#4098 = CARTESIAN_POINT('',(-5.,15.));
#4099 = CARTESIAN_POINT('',(-0.669872981078,7.5));
#4100 = CARTESIAN_POINT('',(3.660254037844,7.993605777301E-15));
#4101 = CARTESIAN_POINT('',(-5.,0.));
#4102 = ( GEOMETRIC_REPRESENTATION_CONTEXT(2) 
PARAMETRIC_REPRESENTATION_CONTEXT() REPRESENTATION_CONTEXT('2D SPACE',''
  ) );
#4103 = PCURVE('',#4013,#4104);
#4104 = DEFINITIONAL_REPRESENTATION('',(#4105),#4109);
#4105 = LINE('',#4106,#4107);
#4106 = CARTESIAN_POINT('',(4.712388980385,-0.));
#4107 = VECTOR('',#4108,1.);
#4108 = DIRECTION('',(-1.,0.));
#4109 = ( GEOMETRIC_REPRESENTATION_CONTEXT(2) 
PARAMETRIC_REPRESENTATION_CONTEXT() REPRESENTATION_CONTEXT('2D SPACE',''
  ) );
#4110 = ORIENTED_EDGE('',*,*,#4111,.T.);
#4111 = EDGE_CURVE('',#4084,#4112,#4114,.T.);
#4112 = VERTEX_POINT('',#4113);
#4113 = CARTESIAN_POINT('',(5.,60.54,19.05));
#4114 = SURFACE_CURVE('',#4115,(#4119,#4126),.PCURVE_S1.);
#4115 = LINE('',#4116,#4117);
#4116 = CARTESIAN_POINT('',(129.1,60.54,19.05));
#4117 = VECTOR('',#4118,1.);
#4118 = DIRECTION('',(-1.,0.,0.));
#4119 = PCURVE('',#4041,#4120);
#4120 = DEFINITIONAL_REPRESENTATION('',(#4121),#4125);
#4121 = LINE('',#4122,#4123);
#4122 = CARTESIAN_POINT('',(-0.,0.));
#4123 = VECTOR('',#4124,1.);
#4124 = DIRECTION('',(-1.,0.));
#4125 = ( GEOMETRIC_REPRESENTATION_CONTEXT(2) 
PARAMETRIC_REPRESENTATION_CONTEXT() REPRESENTATION_CONTEXT('2D SPACE',''
  ) );
#4126 = PCURVE('',#4127,#4132);
#4127 = PLANE('',#4128);
#4128 = AXIS2_PLACEMENT_3D('',#4129,#4130,#4131);
#4129 = CARTESIAN_POINT('',(129.1,60.54,19.05));
#4130 = DIRECTION('',(0.,-1.,1.224646799147E-16));
#4131 = DIRECTION('',(0.,1.224646799147E-16,1.));
#4132 = DEFINITIONAL_REPRESENTATION('',(#4133),#4137);
#4133 = LINE('',#4134,#4135);
#4134 = CARTESIAN_POINT('',(-0.,0.));
#4135 = VECTOR('',#4136,1.);
#4136 = DIRECTION('',(0.,1.));
#4137 = ( GEOMETRIC_REPRESENTATION_CONTEXT(2) 
PARAMETRIC_REPRESENTATION_CONTEXT() REPRESENTATION_CONTEXT('2D SPACE',''
  ) );
#4138 = ORIENTED_EDGE('',*,*,#4139,.F.);
#4139 = EDGE_CURVE('',#4140,#4112,#4142,.T.);
#4140 = VERTEX_POINT('',#4141);
#4141 = CARTESIAN_POINT('',(0.,55.54,19.05));
#4142 = SURFACE_CURVE('',#4143,(#4148,#4155),.PCURVE_S1.);
#4143 = CIRCLE('',#4144,5.);
#4144 = AXIS2_PLACEMENT_3D('',#4145,#4146,#4147);
#4145 = CARTESIAN_POINT('',(5.,55.54,19.05));
#4146 = DIRECTION('',(0.,-1.224646799147E-16,-1.));
#4147 = DIRECTION('',(-0.,1.,-1.224646799147E-16));
#4148 = PCURVE('',#4041,#4149);
#4149 = DEFINITIONAL_REPRESENTATION('',(#4150),#4154);
#4150 = CIRCLE('',#4151,5.);
#4151 = AXIS2_PLACEMENT_2D('',#4152,#4153);
#4152 = CARTESIAN_POINT('',(-124.1,5.));
#4153 = DIRECTION('',(-0.,-1.));
#4154 = ( GEOMETRIC_REPRESENTATION_CONTEXT(2) 
PARAMETRIC_REPRESENTATION_CONTEXT() REPRESENTATION_CONTEXT('2D SPACE',''
  ) );
#4155 = PCURVE('',#4156,#4161);
#4156 = CYLINDRICAL_SURFACE('',#4157,5.);
#4157 = AXIS2_PLACEMENT_3D('',#4158,#4159,#4160);
#4158 = CARTESIAN_POINT('',(5.,55.54,19.05));
#4159 = DIRECTION('',(0.,-1.224646799147E-16,-1.));
#4160 = DIRECTION('',(-1.,0.,0.));
#4161 = DEFINITIONAL_REPRESENTATION('',(#4162),#4166);
#4162 = LINE('',#4163,#4164);
#4163 = CARTESIAN_POINT('',(-4.712388980385,0.));
#4164 = VECTOR('',#4165,1.);
#4165 = DIRECTION('',(1.,0.));
#4166 = ( GEOMETRIC_REPRESENTATION_CONTEXT(2) 
PARAMETRIC_REPRESENTATION_CONTEXT() REPRESENTATION_CONTEXT('2D SPACE',''
  ) );
#4167 = ORIENTED_EDGE('',*,*,#4168,.T.);
#4168 = EDGE_CURVE('',#4140,#4169,#4171,.T.);
#4169 = VERTEX_POINT('',#4170);
#4170 = CARTESIAN_POINT('',(0.,5.,19.05));
#4171 = SURFACE_CURVE('',#4172,(#4176,#4183),.PCURVE_S1.);
#4172 = LINE('',#4173,#4174);
#4173 = CARTESIAN_POINT('',(0.,60.54,19.05));
#4174 = VECTOR('',#4175,1.);
#4175 = DIRECTION('',(0.,-1.,1.224646799147E-16));
#4176 = PCURVE('',#4041,#4177);
#4177 = DEFINITIONAL_REPRESENTATION('',(#4178),#4182);
#4178 = LINE('',#4179,#4180);
#4179 = CARTESIAN_POINT('',(-129.1,0.));
#4180 = VECTOR('',#4181,1.);
#4181 = DIRECTION('',(-0.,1.));
#4182 = ( GEOMETRIC_REPRESENTATION_CONTEXT(2) 
PARAMETRIC_REPRESENTATION_CONTEXT() REPRESENTATION_CONTEXT('2D SPACE',''
  ) );
#4183 = PCURVE('',#4184,#4189);
#4184 = PLANE('',#4185);
#4185 = AXIS2_PLACEMENT_3D('',#4186,#4187,#4188);
#4186 = CARTESIAN_POINT('',(0.,60.54,19.05));
#4187 = DIRECTION('',(-1.,0.,0.));
#4188 = DIRECTION('',(0.,1.224646799147E-16,1.));
#4189 = DEFINITIONAL_REPRESENTATION('',(#4190),#4194);
#4190 = LINE('',#4191,#4192);
#4191 = CARTESIAN_POINT('',(-0.,0.));
#4192 = VECTOR('',#4193,1.);
#4193 = DIRECTION('',(-0.,-1.));
#4194 = ( GEOMETRIC_REPRESENTATION_CONTEXT(2) 
PARAMETRIC_REPRESENTATION_CONTEXT() REPRESENTATION_CONTEXT('2D SPACE',''
  ) );
#4195 = ORIENTED_EDGE('',*,*,#4196,.T.);
#4196 = EDGE_CURVE('',#4169,#4197,#4199,.T.);
#4197 = VERTEX_POINT('',#4198);
#4198 = CARTESIAN_POINT('',(5.,0.,19.05));
#4199 = SURFACE_CURVE('',#4200,(#4205,#4216),.PCURVE_S1.);
#4200 = CIRCLE('',#4201,5.);
#4201 = AXIS2_PLACEMENT_3D('',#4202,#4203,#4204);
#4202 = CARTESIAN_POINT('',(5.,5.,19.05));
#4203 = DIRECTION('',(0.,1.224646799147E-16,1.));
#4204 = DIRECTION('',(-0.,1.,-1.224646799147E-16));
#4205 = PCURVE('',#4041,#4206);
#4206 = DEFINITIONAL_REPRESENTATION('',(#4207),#4215);
#4207 = ( BOUNDED_CURVE() B_SPLINE_CURVE(2,(#4208,#4209,#4210,#4211,
#4212,#4213,#4214),.UNSPECIFIED.,.T.,.F.) B_SPLINE_CURVE_WITH_KNOTS((1,2
    ,2,2,2,1),(-2.094395102393,0.,2.094395102393,4.188790204786,
6.28318530718,8.377580409573),.UNSPECIFIED.) CURVE() 
GEOMETRIC_REPRESENTATION_ITEM() RATIONAL_B_SPLINE_CURVE((1.,0.5,1.,0.5,
1.,0.5,1.)) REPRESENTATION_ITEM('') );
#4208 = CARTESIAN_POINT('',(-124.1,50.54));
#4209 = CARTESIAN_POINT('',(-132.7602540378,50.54));
#4210 = CARTESIAN_POINT('',(-128.4301270189,58.04));
#4211 = CARTESIAN_POINT('',(-124.1,65.54));
#4212 = CARTESIAN_POINT('',(-119.769872981,58.04));
#4213 = CARTESIAN_POINT('',(-115.4397459621,50.54));
#4214 = CARTESIAN_POINT('',(-124.1,50.54));
#4215 = ( GEOMETRIC_REPRESENTATION_CONTEXT(2) 
PARAMETRIC_REPRESENTATION_CONTEXT() REPRESENTATION_CONTEXT('2D SPACE',''
  ) );
#4216 = PCURVE('',#4217,#4222);
#4217 = CYLINDRICAL_SURFACE('',#4218,5.);
#4218 = AXIS2_PLACEMENT_3D('',#4219,#4220,#4221);
#4219 = CARTESIAN_POINT('',(5.,5.,19.05));
#4220 = DIRECTION('',(0.,-1.224646799147E-16,-1.));
#4221 = DIRECTION('',(-1.,0.,0.));
#4222 = DEFINITIONAL_REPRESENTATION('',(#4223),#4227);
#4223 = LINE('',#4224,#4225);
#4224 = CARTESIAN_POINT('',(1.570796326795,-0.));
#4225 = VECTOR('',#4226,1.);
#4226 = DIRECTION('',(-1.,0.));
#4227 = ( GEOMETRIC_REPRESENTATION_CONTEXT(2) 
PARAMETRIC_REPRESENTATION_CONTEXT() REPRESENTATION_CONTEXT('2D SPACE',''
  ) );
#4228 = ORIENTED_EDGE('',*,*,#4229,.F.);
#4229 = EDGE_CURVE('',#4230,#4197,#4232,.T.);
#4230 = VERTEX_POINT('',#4231);
#4231 = CARTESIAN_POINT('',(124.1,0.,19.05));
#4232 = SURFACE_CURVE('',#4233,(#4237,#4244),.PCURVE_S1.);
#4233 = LINE('',#4234,#4235);
#4234 = CARTESIAN_POINT('',(129.1,0.,19.05));
#4235 = VECTOR('',#4236,1.);
#4236 = DIRECTION('',(-1.,0.,0.));
#4237 = PCURVE('',#4041,#4238);
#4238 = DEFINITIONAL_REPRESENTATION('',(#4239),#4243);
#4239 = LINE('',#4240,#4241);
#4240 = CARTESIAN_POINT('',(-0.,60.54));
#4241 = VECTOR('',#4242,1.);
#4242 = DIRECTION('',(-1.,0.));
#4243 = ( GEOMETRIC_REPRESENTATION_CONTEXT(2) 
PARAMETRIC_REPRESENTATION_CONTEXT() REPRESENTATION_CONTEXT('2D SPACE',''
  ) );
#4244 = PCURVE('',#4245,#4250);
#4245 = PLANE('',#4246);
#4246 = AXIS2_PLACEMENT_3D('',#4247,#4248,#4249);
#4247 = CARTESIAN_POINT('',(129.1,0.,19.05));
#4248 = DIRECTION('',(0.,-1.,1.224646799147E-16));
#4249 = DIRECTION('',(0.,1.224646799147E-16,1.));
#4250 = DEFINITIONAL_REPRESENTATION('',(#4251),#4255);
#4251 = LINE('',#4252,#4253);
#4252 = CARTESIAN_POINT('',(-0.,0.));
#4253 = VECTOR('',#4254,1.);
#4254 = DIRECTION('',(0.,1.));
#4255 = ( GEOMETRIC_REPRESENTATION_CONTEXT(2) 
PARAMETRIC_REPRESENTATION_CONTEXT() REPRESENTATION_CONTEXT('2D SPACE',''
  ) );
#4256 = ORIENTED_EDGE('',*,*,#4257,.F.);
#4257 = EDGE_CURVE('',#4026,#4230,#4258,.T.);
#4258 = SURFACE_CURVE('',#4259,(#4264,#4271),.PCURVE_S1.);
#4259 = CIRCLE('',#4260,5.);
#4260 = AXIS2_PLACEMENT_3D('',#4261,#4262,#4263);
#4261 = CARTESIAN_POINT('',(124.1,5.,19.05));
#4262 = DIRECTION('',(0.,-1.224646799147E-16,-1.));
#4263 = DIRECTION('',(-0.,1.,-1.224646799147E-16));
#4264 = PCURVE('',#4041,#4265);
#4265 = DEFINITIONAL_REPRESENTATION('',(#4266),#4270);
#4266 = CIRCLE('',#4267,5.);
#4267 = AXIS2_PLACEMENT_2D('',#4268,#4269);
#4268 = CARTESIAN_POINT('',(-5.,55.54));
#4269 = DIRECTION('',(-0.,-1.));
#4270 = ( GEOMETRIC_REPRESENTATION_CONTEXT(2) 
PARAMETRIC_REPRESENTATION_CONTEXT() REPRESENTATION_CONTEXT('2D SPACE',''
  ) );
#4271 = PCURVE('',#4067,#4272);
#4272 = DEFINITIONAL_REPRESENTATION('',(#4273),#4277);
#4273 = LINE('',#4274,#4275);
#4274 = CARTESIAN_POINT('',(-1.570796326795,0.));
#4275 = VECTOR('',#4276,1.);
#4276 = DIRECTION('',(1.,0.));
#4277 = ( GEOMETRIC_REPRESENTATION_CONTEXT(2) 
PARAMETRIC_REPRESENTATION_CONTEXT() REPRESENTATION_CONTEXT('2D SPACE',''
  ) );
#4278 = FACE_BOUND('',#4279,.T.);
#4279 = EDGE_LOOP('',(#4280));
#4280 = ORIENTED_EDGE('',*,*,#4281,.T.);
#4281 = EDGE_CURVE('',#4282,#4282,#4284,.T.);
#4282 = VERTEX_POINT('',#4283);
#4283 = CARTESIAN_POINT('',(119.,53.14,19.05));
#4284 = SURFACE_CURVE('',#4285,(#4290,#4297),.PCURVE_S1.);
#4285 = CIRCLE('',#4286,3.2);
#4286 = AXIS2_PLACEMENT_3D('',#4287,#4288,#4289);
#4287 = CARTESIAN_POINT('',(122.2,53.14,19.05));
#4288 = DIRECTION('',(-0.,-1.224646799147E-16,-1.));
#4289 = DIRECTION('',(-1.,0.,0.));
#4290 = PCURVE('',#4041,#4291);
#4291 = DEFINITIONAL_REPRESENTATION('',(#4292),#4296);
#4292 = CIRCLE('',#4293,3.2);
#4293 = AXIS2_PLACEMENT_2D('',#4294,#4295);
#4294 = CARTESIAN_POINT('',(-6.9,7.4));
#4295 = DIRECTION('',(-1.,0.));
#4296 = ( GEOMETRIC_REPRESENTATION_CONTEXT(2) 
PARAMETRIC_REPRESENTATION_CONTEXT() REPRESENTATION_CONTEXT('2D SPACE',''
  ) );
#4297 = PCURVE('',#4298,#4303);
#4298 = CYLINDRICAL_SURFACE('',#4299,3.2);
#4299 = AXIS2_PLACEMENT_3D('',#4300,#4301,#4302);
#4300 = CARTESIAN_POINT('',(122.2,53.14,19.06));
#4301 = DIRECTION('',(0.,1.224646799147E-16,1.));
#4302 = DIRECTION('',(-1.,0.,0.));
#4303 = DEFINITIONAL_REPRESENTATION('',(#4304),#4308);
#4304 = LINE('',#4305,#4306);
#4305 = CARTESIAN_POINT('',(6.28318530718,-1.E-02));
#4306 = VECTOR('',#4307,1.);
#4307 = DIRECTION('',(-1.,0.));
#4308 = ( GEOMETRIC_REPRESENTATION_CONTEXT(2) 
PARAMETRIC_REPRESENTATION_CONTEXT() REPRESENTATION_CONTEXT('2D SPACE',''
  ) );
#4309 = FACE_BOUND('',#4310,.T.);
#4310 = EDGE_LOOP('',(#4311));
#4311 = ORIENTED_EDGE('',*,*,#4312,.T.);
#4312 = EDGE_CURVE('',#4313,#4313,#4315,.T.);
#4313 = VERTEX_POINT('',#4314);
#4314 = CARTESIAN_POINT('',(6.2,53.14,19.05));
#4315 = SURFACE_CURVE('',#4316,(#4321,#4328),.PCURVE_S1.);
#4316 = CIRCLE('',#4317,3.2);
#4317 = AXIS2_PLACEMENT_3D('',#4318,#4319,#4320);
#4318 = CARTESIAN_POINT('',(9.4,53.14,19.05));
#4319 = DIRECTION('',(-0.,-1.224646799147E-16,-1.));
#4320 = DIRECTION('',(-1.,0.,0.));
#4321 = PCURVE('',#4041,#4322);
#4322 = DEFINITIONAL_REPRESENTATION('',(#4323),#4327);
#4323 = CIRCLE('',#4324,3.2);
#4324 = AXIS2_PLACEMENT_2D('',#4325,#4326);
#4325 = CARTESIAN_POINT('',(-119.7,7.4));
#4326 = DIRECTION('',(-1.,0.));
#4327 = ( GEOMETRIC_REPRESENTATION_CONTEXT(2) 
PARAMETRIC_REPRESENTATION_CONTEXT() REPRESENTATION_CONTEXT('2D SPACE',''
  ) );
#4328 = PCURVE('',#4329,#4334);
#4329 = CYLINDRICAL_SURFACE('',#4330,3.2);
#4330 = AXIS2_PLACEMENT_3D('',#4331,#4332,#4333);
#4331 = CARTESIAN_POINT('',(9.4,53.14,19.06));
#4332 = DIRECTION('',(0.,1.224646799147E-16,1.));
#4333 = DIRECTION('',(-1.,0.,0.));
#4334 = DEFINITIONAL_REPRESENTATION('',(#4335),#4339);
#4335 = LINE('',#4336,#4337);
#4336 = CARTESIAN_POINT('',(6.28318530718,-1.E-02));
#4337 = VECTOR('',#4338,1.);
#4338 = DIRECTION('',(-1.,0.));
#4339 = ( GEOMETRIC_REPRESENTATION_CONTEXT(2) 
PARAMETRIC_REPRESENTATION_CONTEXT() REPRESENTATION_CONTEXT('2D SPACE',''
  ) );
#4340 = FACE_BOUND('',#4341,.T.);
#4341 = EDGE_LOOP('',(#4342,#4372,#4405,#4433));
#4342 = ORIENTED_EDGE('',*,*,#4343,.T.);
#4343 = EDGE_CURVE('',#4344,#4346,#4348,.T.);
#4344 = VERTEX_POINT('',#4345);
#4345 = CARTESIAN_POINT('',(96.75,31.0052,19.05));
#4346 = VERTEX_POINT('',#4347);
#4347 = CARTESIAN_POINT('',(96.75,26.582908764,19.05));
#4348 = SURFACE_CURVE('',#4349,(#4353,#4360),.PCURVE_S1.);
#4349 = LINE('',#4350,#4351);
#4350 = CARTESIAN_POINT('',(96.75,45.7726,19.05));
#4351 = VECTOR('',#4352,1.);
#4352 = DIRECTION('',(0.,-1.,1.224646799147E-16));
#4353 = PCURVE('',#4041,#4354);
#4354 = DEFINITIONAL_REPRESENTATION('',(#4355),#4359);
#4355 = LINE('',#4356,#4357);
#4356 = CARTESIAN_POINT('',(-32.35,14.7674));
#4357 = VECTOR('',#4358,1.);
#4358 = DIRECTION('',(-0.,1.));
#4359 = ( GEOMETRIC_REPRESENTATION_CONTEXT(2) 
PARAMETRIC_REPRESENTATION_CONTEXT() REPRESENTATION_CONTEXT('2D SPACE',''
  ) );
#4360 = PCURVE('',#4361,#4366);
#4361 = PLANE('',#4362);
#4362 = AXIS2_PLACEMENT_3D('',#4363,#4364,#4365);
#4363 = CARTESIAN_POINT('',(96.75,31.0052,19.55));
#4364 = DIRECTION('',(-1.,0.,0.));
#4365 = DIRECTION('',(0.,1.224646799147E-16,1.));
#4366 = DEFINITIONAL_REPRESENTATION('',(#4367),#4371);
#4367 = LINE('',#4368,#4369);
#4368 = CARTESIAN_POINT('',(-0.5,14.7674));
#4369 = VECTOR('',#4370,1.);
#4370 = DIRECTION('',(-0.,-1.));
#4371 = ( GEOMETRIC_REPRESENTATION_CONTEXT(2) 
PARAMETRIC_REPRESENTATION_CONTEXT() REPRESENTATION_CONTEXT('2D SPACE',''
  ) );
#4372 = ORIENTED_EDGE('',*,*,#4373,.F.);
#4373 = EDGE_CURVE('',#4374,#4346,#4376,.T.);
#4374 = VERTEX_POINT('',#4375);
#4375 = CARTESIAN_POINT('',(92.35,26.582908764,19.05));
#4376 = SURFACE_CURVE('',#4377,(#4382,#4393),.PCURVE_S1.);
#4377 = CIRCLE('',#4378,4.2);
#4378 = AXIS2_PLACEMENT_3D('',#4379,#4380,#4381);
#4379 = CARTESIAN_POINT('',(94.55,23.0052,19.05));
#4380 = DIRECTION('',(0.,1.224646799147E-16,1.));
#4381 = DIRECTION('',(-0.52380952381,0.85183542,-1.043197520503E-16));
#4382 = PCURVE('',#4041,#4383);
#4383 = DEFINITIONAL_REPRESENTATION('',(#4384),#4392);
#4384 = ( BOUNDED_CURVE() B_SPLINE_CURVE(2,(#4385,#4386,#4387,#4388,
#4389,#4390,#4391),.UNSPECIFIED.,.T.,.F.) B_SPLINE_CURVE_WITH_KNOTS((1,2
    ,2,2,2,1),(-2.094395102393,0.,2.094395102393,4.188790204786,
6.28318530718,8.377580409573),.UNSPECIFIED.) CURVE() 
GEOMETRIC_REPRESENTATION_ITEM() RATIONAL_B_SPLINE_CURVE((1.,0.5,1.,0.5,
1.,0.5,1.)) REPRESENTATION_ITEM('') );
#4385 = CARTESIAN_POINT('',(-36.75,33.957091236));
#4386 = CARTESIAN_POINT('',(-42.94677335393,37.767603012652));
#4387 = CARTESIAN_POINT('',(-36.54838667696,41.228910270326));
#4388 = CARTESIAN_POINT('',(-30.15,44.690217527999));
#4389 = CARTESIAN_POINT('',(-30.35161332303,37.418398493674));
#4390 = CARTESIAN_POINT('',(-30.55322664606,30.146579459349));
#4391 = CARTESIAN_POINT('',(-36.75,33.957091236));
#4392 = ( GEOMETRIC_REPRESENTATION_CONTEXT(2) 
PARAMETRIC_REPRESENTATION_CONTEXT() REPRESENTATION_CONTEXT('2D SPACE',''
  ) );
#4393 = PCURVE('',#4394,#4399);
#4394 = CYLINDRICAL_SURFACE('',#4395,4.2);
#4395 = AXIS2_PLACEMENT_3D('',#4396,#4397,#4398);
#4396 = CARTESIAN_POINT('',(94.55,23.0052,19.55));
#4397 = DIRECTION('',(0.,1.224646799147E-16,1.));
#4398 = DIRECTION('',(-1.,0.,0.));
#4399 = DEFINITIONAL_REPRESENTATION('',(#4400),#4404);
#4400 = LINE('',#4401,#4402);
#4401 = CARTESIAN_POINT('',(5.263705949517,-0.5));
#4402 = VECTOR('',#4403,1.);
#4403 = DIRECTION('',(1.,-0.));
#4404 = ( GEOMETRIC_REPRESENTATION_CONTEXT(2) 
PARAMETRIC_REPRESENTATION_CONTEXT() REPRESENTATION_CONTEXT('2D SPACE',''
  ) );
#4405 = ORIENTED_EDGE('',*,*,#4406,.F.);
#4406 = EDGE_CURVE('',#4407,#4374,#4409,.T.);
#4407 = VERTEX_POINT('',#4408);
#4408 = CARTESIAN_POINT('',(92.35,31.0052,19.05));
#4409 = SURFACE_CURVE('',#4410,(#4414,#4421),.PCURVE_S1.);
#4410 = LINE('',#4411,#4412);
#4411 = CARTESIAN_POINT('',(92.35,45.7726,19.05));
#4412 = VECTOR('',#4413,1.);
#4413 = DIRECTION('',(0.,-1.,1.224646799147E-16));
#4414 = PCURVE('',#4041,#4415);
#4415 = DEFINITIONAL_REPRESENTATION('',(#4416),#4420);
#4416 = LINE('',#4417,#4418);
#4417 = CARTESIAN_POINT('',(-36.75,14.7674));
#4418 = VECTOR('',#4419,1.);
#4419 = DIRECTION('',(-0.,1.));
#4420 = ( GEOMETRIC_REPRESENTATION_CONTEXT(2) 
PARAMETRIC_REPRESENTATION_CONTEXT() REPRESENTATION_CONTEXT('2D SPACE',''
  ) );
#4421 = PCURVE('',#4422,#4427);
#4422 = PLANE('',#4423);
#4423 = AXIS2_PLACEMENT_3D('',#4424,#4425,#4426);
#4424 = CARTESIAN_POINT('',(92.35,31.0052,19.55));
#4425 = DIRECTION('',(-1.,0.,0.));
#4426 = DIRECTION('',(0.,1.224646799147E-16,1.));
#4427 = DEFINITIONAL_REPRESENTATION('',(#4428),#4432);
#4428 = LINE('',#4429,#4430);
#4429 = CARTESIAN_POINT('',(-0.5,14.7674));
#4430 = VECTOR('',#4431,1.);
#4431 = DIRECTION('',(-0.,-1.));
#4432 = ( GEOMETRIC_REPRESENTATION_CONTEXT(2) 
PARAMETRIC_REPRESENTATION_CONTEXT() REPRESENTATION_CONTEXT('2D SPACE',''
  ) );
#4433 = ORIENTED_EDGE('',*,*,#4434,.T.);
#4434 = EDGE_CURVE('',#4407,#4344,#4435,.T.);
#4435 = SURFACE_CURVE('',#4436,(#4440,#4447),.PCURVE_S1.);
#4436 = LINE('',#4437,#4438);
#4437 = CARTESIAN_POINT('',(112.925,31.0052,19.05));
#4438 = VECTOR('',#4439,1.);
#4439 = DIRECTION('',(1.,0.,0.));
#4440 = PCURVE('',#4041,#4441);
#4441 = DEFINITIONAL_REPRESENTATION('',(#4442),#4446);
#4442 = LINE('',#4443,#4444);
#4443 = CARTESIAN_POINT('',(-16.175,29.5348));
#4444 = VECTOR('',#4445,1.);
#4445 = DIRECTION('',(1.,-0.));
#4446 = ( GEOMETRIC_REPRESENTATION_CONTEXT(2) 
PARAMETRIC_REPRESENTATION_CONTEXT() REPRESENTATION_CONTEXT('2D SPACE',''
  ) );
#4447 = PCURVE('',#4448,#4453);
#4448 = PLANE('',#4449);
#4449 = AXIS2_PLACEMENT_3D('',#4450,#4451,#4452);
#4450 = CARTESIAN_POINT('',(96.75,31.0052,19.55));
#4451 = DIRECTION('',(0.,-1.,1.224646799147E-16));
#4452 = DIRECTION('',(0.,1.224646799147E-16,1.));
#4453 = DEFINITIONAL_REPRESENTATION('',(#4454),#4458);
#4454 = LINE('',#4455,#4456);
#4455 = CARTESIAN_POINT('',(-0.5,-16.175));
#4456 = VECTOR('',#4457,1.);
#4457 = DIRECTION('',(-0.,-1.));
#4458 = ( GEOMETRIC_REPRESENTATION_CONTEXT(2) 
PARAMETRIC_REPRESENTATION_CONTEXT() REPRESENTATION_CONTEXT('2D SPACE',''
  ) );
#4459 = FACE_BOUND('',#4460,.T.);
#4460 = EDGE_LOOP('',(#4461));
#4461 = ORIENTED_EDGE('',*,*,#4462,.T.);
#4462 = EDGE_CURVE('',#4463,#4463,#4465,.T.);
#4463 = VERTEX_POINT('',#4464);
#4464 = CARTESIAN_POINT('',(119.,7.4,19.05));
#4465 = SURFACE_CURVE('',#4466,(#4471,#4478),.PCURVE_S1.);
#4466 = CIRCLE('',#4467,3.2);
#4467 = AXIS2_PLACEMENT_3D('',#4468,#4469,#4470);
#4468 = CARTESIAN_POINT('',(122.2,7.4,19.05));
#4469 = DIRECTION('',(-0.,-1.224646799147E-16,-1.));
#4470 = DIRECTION('',(-1.,0.,0.));
#4471 = PCURVE('',#4041,#4472);
#4472 = DEFINITIONAL_REPRESENTATION('',(#4473),#4477);
#4473 = CIRCLE('',#4474,3.2);
#4474 = AXIS2_PLACEMENT_2D('',#4475,#4476);
#4475 = CARTESIAN_POINT('',(-6.9,53.14));
#4476 = DIRECTION('',(-1.,0.));
#4477 = ( GEOMETRIC_REPRESENTATION_CONTEXT(2) 
PARAMETRIC_REPRESENTATION_CONTEXT() REPRESENTATION_CONTEXT('2D SPACE',''
  ) );
#4478 = PCURVE('',#4479,#4484);
#4479 = CYLINDRICAL_SURFACE('',#4480,3.2);
#4480 = AXIS2_PLACEMENT_3D('',#4481,#4482,#4483);
#4481 = CARTESIAN_POINT('',(122.2,7.4,19.06));
#4482 = DIRECTION('',(0.,1.224646799147E-16,1.));
#4483 = DIRECTION('',(-1.,0.,0.));
#4484 = DEFINITIONAL_REPRESENTATION('',(#4485),#4489);
#4485 = LINE('',#4486,#4487);
#4486 = CARTESIAN_POINT('',(6.28318530718,-1.E-02));
#4487 = VECTOR('',#4488,1.);
#4488 = DIRECTION('',(-1.,0.));
#4489 = ( GEOMETRIC_REPRESENTATION_CONTEXT(2) 
PARAMETRIC_REPRESENTATION_CONTEXT() REPRESENTATION_CONTEXT('2D SPACE',''
  ) );
#4490 = FACE_BOUND('',#4491,.T.);
#4491 = EDGE_LOOP('',(#4492,#4522,#4555,#4583));
#4492 = ORIENTED_EDGE('',*,*,#4493,.T.);
#4493 = EDGE_CURVE('',#4494,#4496,#4498,.T.);
#4494 = VERTEX_POINT('',#4495);
#4495 = CARTESIAN_POINT('',(36.75,31.0052,19.05));
#4496 = VERTEX_POINT('',#4497);
#4497 = CARTESIAN_POINT('',(36.75,26.582908764,19.05));
#4498 = SURFACE_CURVE('',#4499,(#4503,#4510),.PCURVE_S1.);
#4499 = LINE('',#4500,#4501);
#4500 = CARTESIAN_POINT('',(36.75,45.7726,19.05));
#4501 = VECTOR('',#4502,1.);
#4502 = DIRECTION('',(0.,-1.,1.224646799147E-16));
#4503 = PCURVE('',#4041,#4504);
#4504 = DEFINITIONAL_REPRESENTATION('',(#4505),#4509);
#4505 = LINE('',#4506,#4507);
#4506 = CARTESIAN_POINT('',(-92.35,14.7674));
#4507 = VECTOR('',#4508,1.);
#4508 = DIRECTION('',(-0.,1.));
#4509 = ( GEOMETRIC_REPRESENTATION_CONTEXT(2) 
PARAMETRIC_REPRESENTATION_CONTEXT() REPRESENTATION_CONTEXT('2D SPACE',''
  ) );
#4510 = PCURVE('',#4511,#4516);
#4511 = PLANE('',#4512);
#4512 = AXIS2_PLACEMENT_3D('',#4513,#4514,#4515);
#4513 = CARTESIAN_POINT('',(36.75,31.0052,19.55));
#4514 = DIRECTION('',(-1.,0.,0.));
#4515 = DIRECTION('',(0.,1.224646799147E-16,1.));
#4516 = DEFINITIONAL_REPRESENTATION('',(#4517),#4521);
#4517 = LINE('',#4518,#4519);
#4518 = CARTESIAN_POINT('',(-0.5,14.7674));
#4519 = VECTOR('',#4520,1.);
#4520 = DIRECTION('',(-0.,-1.));
#4521 = ( GEOMETRIC_REPRESENTATION_CONTEXT(2) 
PARAMETRIC_REPRESENTATION_CONTEXT() REPRESENTATION_CONTEXT('2D SPACE',''
  ) );
#4522 = ORIENTED_EDGE('',*,*,#4523,.F.);
#4523 = EDGE_CURVE('',#4524,#4496,#4526,.T.);
#4524 = VERTEX_POINT('',#4525);
#4525 = CARTESIAN_POINT('',(32.35,26.582908764,19.05));
#4526 = SURFACE_CURVE('',#4527,(#4532,#4543),.PCURVE_S1.);
#4527 = CIRCLE('',#4528,4.2);
#4528 = AXIS2_PLACEMENT_3D('',#4529,#4530,#4531);
#4529 = CARTESIAN_POINT('',(34.55,23.0052,19.05));
#4530 = DIRECTION('',(-6.162975822039E-33,1.224646799147E-16,1.));
#4531 = DIRECTION('',(-0.52380952381,0.85183542,-1.043197520503E-16));
#4532 = PCURVE('',#4041,#4533);
#4533 = DEFINITIONAL_REPRESENTATION('',(#4534),#4542);
#4534 = ( BOUNDED_CURVE() B_SPLINE_CURVE(2,(#4535,#4536,#4537,#4538,
#4539,#4540,#4541),.UNSPECIFIED.,.T.,.F.) B_SPLINE_CURVE_WITH_KNOTS((1,2
    ,2,2,2,1),(-2.094395102393,0.,2.094395102393,4.188790204786,
6.28318530718,8.377580409573),.UNSPECIFIED.) CURVE() 
GEOMETRIC_REPRESENTATION_ITEM() RATIONAL_B_SPLINE_CURVE((1.,0.5,1.,0.5,
1.,0.5,1.)) REPRESENTATION_ITEM('') );
#4535 = CARTESIAN_POINT('',(-96.75,33.957091236));
#4536 = CARTESIAN_POINT('',(-102.9467733539,37.767603012652));
#4537 = CARTESIAN_POINT('',(-96.54838667696,41.228910270326));
#4538 = CARTESIAN_POINT('',(-90.15,44.690217527999));
#4539 = CARTESIAN_POINT('',(-90.35161332303,37.418398493674));
#4540 = CARTESIAN_POINT('',(-90.55322664606,30.146579459349));
#4541 = CARTESIAN_POINT('',(-96.75,33.957091236));
#4542 = ( GEOMETRIC_REPRESENTATION_CONTEXT(2) 
PARAMETRIC_REPRESENTATION_CONTEXT() REPRESENTATION_CONTEXT('2D SPACE',''
  ) );
#4543 = PCURVE('',#4544,#4549);
#4544 = CYLINDRICAL_SURFACE('',#4545,4.2);
#4545 = AXIS2_PLACEMENT_3D('',#4546,#4547,#4548);
#4546 = CARTESIAN_POINT('',(34.55,23.0052,19.55));
#4547 = DIRECTION('',(0.,1.224646799147E-16,1.));
#4548 = DIRECTION('',(-1.,0.,0.));
#4549 = DEFINITIONAL_REPRESENTATION('',(#4550),#4554);
#4550 = LINE('',#4551,#4552);
#4551 = CARTESIAN_POINT('',(5.263705949517,-0.5));
#4552 = VECTOR('',#4553,1.);
#4553 = DIRECTION('',(1.,-0.));
#4554 = ( GEOMETRIC_REPRESENTATION_CONTEXT(2) 
PARAMETRIC_REPRESENTATION_CONTEXT() REPRESENTATION_CONTEXT('2D SPACE',''
  ) );
#4555 = ORIENTED_EDGE('',*,*,#4556,.F.);
#4556 = EDGE_CURVE('',#4557,#4524,#4559,.T.);
#4557 = VERTEX_POINT('',#4558);
#4558 = CARTESIAN_POINT('',(32.35,31.0052,19.05));
#4559 = SURFACE_CURVE('',#4560,(#4564,#4571),.PCURVE_S1.);
#4560 = LINE('',#4561,#4562);
#4561 = CARTESIAN_POINT('',(32.35,45.7726,19.05));
#4562 = VECTOR('',#4563,1.);
#4563 = DIRECTION('',(0.,-1.,1.224646799147E-16));
#4564 = PCURVE('',#4041,#4565);
#4565 = DEFINITIONAL_REPRESENTATION('',(#4566),#4570);
#4566 = LINE('',#4567,#4568);
#4567 = CARTESIAN_POINT('',(-96.75,14.7674));
#4568 = VECTOR('',#4569,1.);
#4569 = DIRECTION('',(-0.,1.));
#4570 = ( GEOMETRIC_REPRESENTATION_CONTEXT(2) 
PARAMETRIC_REPRESENTATION_CONTEXT() REPRESENTATION_CONTEXT('2D SPACE',''
  ) );
#4571 = PCURVE('',#4572,#4577);
#4572 = PLANE('',#4573);
#4573 = AXIS2_PLACEMENT_3D('',#4574,#4575,#4576);
#4574 = CARTESIAN_POINT('',(32.35,31.0052,19.55));
#4575 = DIRECTION('',(-1.,0.,0.));
#4576 = DIRECTION('',(0.,1.224646799147E-16,1.));
#4577 = DEFINITIONAL_REPRESENTATION('',(#4578),#4582);
#4578 = LINE('',#4579,#4580);
#4579 = CARTESIAN_POINT('',(-0.5,14.7674));
#4580 = VECTOR('',#4581,1.);
#4581 = DIRECTION('',(-0.,-1.));
#4582 = ( GEOMETRIC_REPRESENTATION_CONTEXT(2) 
PARAMETRIC_REPRESENTATION_CONTEXT() REPRESENTATION_CONTEXT('2D SPACE',''
  ) );
#4583 = ORIENTED_EDGE('',*,*,#4584,.T.);
#4584 = EDGE_CURVE('',#4557,#4494,#4585,.T.);
#4585 = SURFACE_CURVE('',#4586,(#4590,#4597),.PCURVE_S1.);
#4586 = LINE('',#4587,#4588);
#4587 = CARTESIAN_POINT('',(82.925,31.0052,19.05));
#4588 = VECTOR('',#4589,1.);
#4589 = DIRECTION('',(1.,0.,0.));
#4590 = PCURVE('',#4041,#4591);
#4591 = DEFINITIONAL_REPRESENTATION('',(#4592),#4596);
#4592 = LINE('',#4593,#4594);
#4593 = CARTESIAN_POINT('',(-46.175,29.5348));
#4594 = VECTOR('',#4595,1.);
#4595 = DIRECTION('',(1.,-0.));
#4596 = ( GEOMETRIC_REPRESENTATION_CONTEXT(2) 
PARAMETRIC_REPRESENTATION_CONTEXT() REPRESENTATION_CONTEXT('2D SPACE',''
  ) );
#4597 = PCURVE('',#4598,#4603);
#4598 = PLANE('',#4599);
#4599 = AXIS2_PLACEMENT_3D('',#4600,#4601,#4602);
#4600 = CARTESIAN_POINT('',(36.75,31.0052,19.55));
#4601 = DIRECTION('',(0.,-1.,1.224646799147E-16));
#4602 = DIRECTION('',(0.,1.224646799147E-16,1.));
#4603 = DEFINITIONAL_REPRESENTATION('',(#4604),#4608);
#4604 = LINE('',#4605,#4606);
#4605 = CARTESIAN_POINT('',(-0.5,-46.175));
#4606 = VECTOR('',#4607,1.);
#4607 = DIRECTION('',(-0.,-1.));
#4608 = ( GEOMETRIC_REPRESENTATION_CONTEXT(2) 
PARAMETRIC_REPRESENTATION_CONTEXT() REPRESENTATION_CONTEXT('2D SPACE',''
  ) );
#4609 = FACE_BOUND('',#4610,.T.);
#4610 = EDGE_LOOP('',(#4611));
#4611 = ORIENTED_EDGE('',*,*,#4612,.T.);
#4612 = EDGE_CURVE('',#4613,#4613,#4615,.T.);
#4613 = VERTEX_POINT('',#4614);
#4614 = CARTESIAN_POINT('',(6.2,7.4,19.05));
#4615 = SURFACE_CURVE('',#4616,(#4621,#4628),.PCURVE_S1.);
#4616 = CIRCLE('',#4617,3.2);
#4617 = AXIS2_PLACEMENT_3D('',#4618,#4619,#4620);
#4618 = CARTESIAN_POINT('',(9.4,7.4,19.05));
#4619 = DIRECTION('',(-0.,-1.224646799147E-16,-1.));
#4620 = DIRECTION('',(-1.,0.,0.));
#4621 = PCURVE('',#4041,#4622);
#4622 = DEFINITIONAL_REPRESENTATION('',(#4623),#4627);
#4623 = CIRCLE('',#4624,3.2);
#4624 = AXIS2_PLACEMENT_2D('',#4625,#4626);
#4625 = CARTESIAN_POINT('',(-119.7,53.14));
#4626 = DIRECTION('',(-1.,0.));
#4627 = ( GEOMETRIC_REPRESENTATION_CONTEXT(2) 
PARAMETRIC_REPRESENTATION_CONTEXT() REPRESENTATION_CONTEXT('2D SPACE',''
  ) );
#4628 = PCURVE('',#4629,#4634);
#4629 = CYLINDRICAL_SURFACE('',#4630,3.2);
#4630 = AXIS2_PLACEMENT_3D('',#4631,#4632,#4633);
#4631 = CARTESIAN_POINT('',(9.4,7.4,19.06));
#4632 = DIRECTION('',(0.,1.224646799147E-16,1.));
#4633 = DIRECTION('',(-1.,0.,0.));
#4634 = DEFINITIONAL_REPRESENTATION('',(#4635),#4639);
#4635 = LINE('',#4636,#4637);
#4636 = CARTESIAN_POINT('',(6.28318530718,-1.E-02));
#4637 = VECTOR('',#4638,1.);
#4638 = DIRECTION('',(-1.,0.));
#4639 = ( GEOMETRIC_REPRESENTATION_CONTEXT(2) 
PARAMETRIC_REPRESENTATION_CONTEXT() REPRESENTATION_CONTEXT('2D SPACE',''
  ) );
#4640 = ADVANCED_FACE('',(#4641),#4629,.F.);
#4641 = FACE_BOUND('',#4642,.F.);
#4642 = EDGE_LOOP('',(#4643,#4644,#4667,#4698));
#4643 = ORIENTED_EDGE('',*,*,#4612,.T.);
#4644 = ORIENTED_EDGE('',*,*,#4645,.T.);
#4645 = EDGE_CURVE('',#4613,#4646,#4648,.T.);
#4646 = VERTEX_POINT('',#4647);
#4647 = CARTESIAN_POINT('',(6.2,7.4,17.06));
#4648 = SEAM_CURVE('',#4649,(#4653,#4660),.PCURVE_S1.);
#4649 = LINE('',#4650,#4651);
#4650 = CARTESIAN_POINT('',(6.2,7.4,19.06));
#4651 = VECTOR('',#4652,1.);
#4652 = DIRECTION('',(0.,-1.224646799147E-16,-1.));
#4653 = PCURVE('',#4629,#4654);
#4654 = DEFINITIONAL_REPRESENTATION('',(#4655),#4659);
#4655 = LINE('',#4656,#4657);
#4656 = CARTESIAN_POINT('',(6.28318530718,0.));
#4657 = VECTOR('',#4658,1.);
#4658 = DIRECTION('',(0.,-1.));
#4659 = ( GEOMETRIC_REPRESENTATION_CONTEXT(2) 
PARAMETRIC_REPRESENTATION_CONTEXT() REPRESENTATION_CONTEXT('2D SPACE',''
  ) );
#4660 = PCURVE('',#4629,#4661);
#4661 = DEFINITIONAL_REPRESENTATION('',(#4662),#4666);
#4662 = LINE('',#4663,#4664);
#4663 = CARTESIAN_POINT('',(0.,0.));
#4664 = VECTOR('',#4665,1.);
#4665 = DIRECTION('',(0.,-1.));
#4666 = ( GEOMETRIC_REPRESENTATION_CONTEXT(2) 
PARAMETRIC_REPRESENTATION_CONTEXT() REPRESENTATION_CONTEXT('2D SPACE',''
  ) );
#4667 = ORIENTED_EDGE('',*,*,#4668,.T.);
#4668 = EDGE_CURVE('',#4646,#4646,#4669,.T.);
#4669 = SURFACE_CURVE('',#4670,(#4675,#4682),.PCURVE_S1.);
#4670 = CIRCLE('',#4671,3.2);
#4671 = AXIS2_PLACEMENT_3D('',#4672,#4673,#4674);
#4672 = CARTESIAN_POINT('',(9.4,7.4,17.06));
#4673 = DIRECTION('',(0.,1.224646799147E-16,1.));
#4674 = DIRECTION('',(-1.,0.,0.));
#4675 = PCURVE('',#4629,#4676);
#4676 = DEFINITIONAL_REPRESENTATION('',(#4677),#4681);
#4677 = LINE('',#4678,#4679);
#4678 = CARTESIAN_POINT('',(0.,-2.));
#4679 = VECTOR('',#4680,1.);
#4680 = DIRECTION('',(1.,0.));
#4681 = ( GEOMETRIC_REPRESENTATION_CONTEXT(2) 
PARAMETRIC_REPRESENTATION_CONTEXT() REPRESENTATION_CONTEXT('2D SPACE',''
  ) );
#4682 = PCURVE('',#4683,#4688);
#4683 = PLANE('',#4684);
#4684 = AXIS2_PLACEMENT_3D('',#4685,#4686,#4687);
#4685 = CARTESIAN_POINT('',(9.4,7.4,17.06));
#4686 = DIRECTION('',(0.,-1.224646799147E-16,-1.));
#4687 = DIRECTION('',(1.,-0.,-0.));
#4688 = DEFINITIONAL_REPRESENTATION('',(#4689),#4697);
#4689 = ( BOUNDED_CURVE() B_SPLINE_CURVE(2,(#4690,#4691,#4692,#4693,
#4694,#4695,#4696),.UNSPECIFIED.,.T.,.F.) B_SPLINE_CURVE_WITH_KNOTS((1,2
    ,2,2,2,1),(-2.094395102393,0.,2.094395102393,4.188790204786,
6.28318530718,8.377580409573),.UNSPECIFIED.) CURVE() 
GEOMETRIC_REPRESENTATION_ITEM() RATIONAL_B_SPLINE_CURVE((1.,0.5,1.,0.5,
1.,0.5,1.)) REPRESENTATION_ITEM('') );
#4690 = CARTESIAN_POINT('',(-3.2,0.));
#4691 = CARTESIAN_POINT('',(-3.2,5.54256258422));
#4692 = CARTESIAN_POINT('',(1.6,2.77128129211));
#4693 = CARTESIAN_POINT('',(6.4,7.837739514543E-16));
#4694 = CARTESIAN_POINT('',(1.6,-2.77128129211));
#4695 = CARTESIAN_POINT('',(-3.2,-5.54256258422));
#4696 = CARTESIAN_POINT('',(-3.2,0.));
#4697 = ( GEOMETRIC_REPRESENTATION_CONTEXT(2) 
PARAMETRIC_REPRESENTATION_CONTEXT() REPRESENTATION_CONTEXT('2D SPACE',''
  ) );
#4698 = ORIENTED_EDGE('',*,*,#4645,.F.);
#4699 = ADVANCED_FACE('',(#4700,#4703),#4683,.F.);
#4700 = FACE_BOUND('',#4701,.T.);
#4701 = EDGE_LOOP('',(#4702));
#4702 = ORIENTED_EDGE('',*,*,#4668,.T.);
#4703 = FACE_BOUND('',#4704,.T.);
#4704 = EDGE_LOOP('',(#4705));
#4705 = ORIENTED_EDGE('',*,*,#4706,.T.);
#4706 = EDGE_CURVE('',#4707,#4707,#4709,.T.);
#4707 = VERTEX_POINT('',#4708);
#4708 = CARTESIAN_POINT('',(7.7,7.4,17.06));
#4709 = SURFACE_CURVE('',#4710,(#4715,#4722),.PCURVE_S1.);
#4710 = CIRCLE('',#4711,1.7);
#4711 = AXIS2_PLACEMENT_3D('',#4712,#4713,#4714);
#4712 = CARTESIAN_POINT('',(9.4,7.4,17.06));
#4713 = DIRECTION('',(-0.,-1.224646799147E-16,-1.));
#4714 = DIRECTION('',(-1.,0.,0.));
#4715 = PCURVE('',#4683,#4716);
#4716 = DEFINITIONAL_REPRESENTATION('',(#4717),#4721);
#4717 = CIRCLE('',#4718,1.7);
#4718 = AXIS2_PLACEMENT_2D('',#4719,#4720);
#4719 = CARTESIAN_POINT('',(0.,0.));
#4720 = DIRECTION('',(-1.,0.));
#4721 = ( GEOMETRIC_REPRESENTATION_CONTEXT(2) 
PARAMETRIC_REPRESENTATION_CONTEXT() REPRESENTATION_CONTEXT('2D SPACE',''
  ) );
#4722 = PCURVE('',#4723,#4728);
#4723 = CYLINDRICAL_SURFACE('',#4724,1.7);
#4724 = AXIS2_PLACEMENT_3D('',#4725,#4726,#4727);
#4725 = CARTESIAN_POINT('',(9.4,7.4,19.55));
#4726 = DIRECTION('',(0.,1.224646799147E-16,1.));
#4727 = DIRECTION('',(-1.,0.,0.));
#4728 = DEFINITIONAL_REPRESENTATION('',(#4729),#4733);
#4729 = LINE('',#4730,#4731);
#4730 = CARTESIAN_POINT('',(6.28318530718,-2.49));
#4731 = VECTOR('',#4732,1.);
#4732 = DIRECTION('',(-1.,0.));
#4733 = ( GEOMETRIC_REPRESENTATION_CONTEXT(2) 
PARAMETRIC_REPRESENTATION_CONTEXT() REPRESENTATION_CONTEXT('2D SPACE',''
  ) );
#4734 = ADVANCED_FACE('',(#4735),#4723,.F.);
#4735 = FACE_BOUND('',#4736,.F.);
#4736 = EDGE_LOOP('',(#4737,#4738,#4761,#4788));
#4737 = ORIENTED_EDGE('',*,*,#4706,.T.);
#4738 = ORIENTED_EDGE('',*,*,#4739,.T.);
#4739 = EDGE_CURVE('',#4707,#4740,#4742,.T.);
#4740 = VERTEX_POINT('',#4741);
#4741 = CARTESIAN_POINT('',(7.7,7.4,7.05));
#4742 = SEAM_CURVE('',#4743,(#4747,#4754),.PCURVE_S1.);
#4743 = LINE('',#4744,#4745);
#4744 = CARTESIAN_POINT('',(7.7,7.4,19.55));
#4745 = VECTOR('',#4746,1.);
#4746 = DIRECTION('',(0.,-1.224646799147E-16,-1.));
#4747 = PCURVE('',#4723,#4748);
#4748 = DEFINITIONAL_REPRESENTATION('',(#4749),#4753);
#4749 = LINE('',#4750,#4751);
#4750 = CARTESIAN_POINT('',(6.28318530718,0.));
#4751 = VECTOR('',#4752,1.);
#4752 = DIRECTION('',(0.,-1.));
#4753 = ( GEOMETRIC_REPRESENTATION_CONTEXT(2) 
PARAMETRIC_REPRESENTATION_CONTEXT() REPRESENTATION_CONTEXT('2D SPACE',''
  ) );
#4754 = PCURVE('',#4723,#4755);
#4755 = DEFINITIONAL_REPRESENTATION('',(#4756),#4760);
#4756 = LINE('',#4757,#4758);
#4757 = CARTESIAN_POINT('',(0.,0.));
#4758 = VECTOR('',#4759,1.);
#4759 = DIRECTION('',(0.,-1.));
#4760 = ( GEOMETRIC_REPRESENTATION_CONTEXT(2) 
PARAMETRIC_REPRESENTATION_CONTEXT() REPRESENTATION_CONTEXT('2D SPACE',''
  ) );
#4761 = ORIENTED_EDGE('',*,*,#4762,.F.);
#4762 = EDGE_CURVE('',#4740,#4740,#4763,.T.);
#4763 = SURFACE_CURVE('',#4764,(#4769,#4776),.PCURVE_S1.);
#4764 = CIRCLE('',#4765,1.7);
#4765 = AXIS2_PLACEMENT_3D('',#4766,#4767,#4768);
#4766 = CARTESIAN_POINT('',(9.4,7.4,7.05));
#4767 = DIRECTION('',(-0.,-1.224646799147E-16,-1.));
#4768 = DIRECTION('',(-1.,0.,0.));
#4769 = PCURVE('',#4723,#4770);
#4770 = DEFINITIONAL_REPRESENTATION('',(#4771),#4775);
#4771 = LINE('',#4772,#4773);
#4772 = CARTESIAN_POINT('',(6.28318530718,-12.5));
#4773 = VECTOR('',#4774,1.);
#4774 = DIRECTION('',(-1.,0.));
#4775 = ( GEOMETRIC_REPRESENTATION_CONTEXT(2) 
PARAMETRIC_REPRESENTATION_CONTEXT() REPRESENTATION_CONTEXT('2D SPACE',''
  ) );
#4776 = PCURVE('',#4777,#4782);
#4777 = PLANE('',#4778);
#4778 = AXIS2_PLACEMENT_3D('',#4779,#4780,#4781);
#4779 = CARTESIAN_POINT('',(9.4,7.4,7.05));
#4780 = DIRECTION('',(0.,-1.224646799147E-16,-1.));
#4781 = DIRECTION('',(1.,-0.,-0.));
#4782 = DEFINITIONAL_REPRESENTATION('',(#4783),#4787);
#4783 = CIRCLE('',#4784,1.7);
#4784 = AXIS2_PLACEMENT_2D('',#4785,#4786);
#4785 = CARTESIAN_POINT('',(0.,0.));
#4786 = DIRECTION('',(-1.,0.));
#4787 = ( GEOMETRIC_REPRESENTATION_CONTEXT(2) 
PARAMETRIC_REPRESENTATION_CONTEXT() REPRESENTATION_CONTEXT('2D SPACE',''
  ) );
#4788 = ORIENTED_EDGE('',*,*,#4739,.F.);
#4789 = ADVANCED_FACE('',(#4790,#4825),#4777,.T.);
#4790 = FACE_BOUND('',#4791,.F.);
#4791 = EDGE_LOOP('',(#4792));
#4792 = ORIENTED_EDGE('',*,*,#4793,.T.);
#4793 = EDGE_CURVE('',#4794,#4794,#4796,.T.);
#4794 = VERTEX_POINT('',#4795);
#4795 = CARTESIAN_POINT('',(6.15,7.4,7.05));
#4796 = SURFACE_CURVE('',#4797,(#4802,#4813),.PCURVE_S1.);
#4797 = CIRCLE('',#4798,3.25);
#4798 = AXIS2_PLACEMENT_3D('',#4799,#4800,#4801);
#4799 = CARTESIAN_POINT('',(9.4,7.4,7.05));
#4800 = DIRECTION('',(0.,1.224646799147E-16,1.));
#4801 = DIRECTION('',(-1.,0.,0.));
#4802 = PCURVE('',#4777,#4803);
#4803 = DEFINITIONAL_REPRESENTATION('',(#4804),#4812);
#4804 = ( BOUNDED_CURVE() B_SPLINE_CURVE(2,(#4805,#4806,#4807,#4808,
#4809,#4810,#4811),.UNSPECIFIED.,.T.,.F.) B_SPLINE_CURVE_WITH_KNOTS((1,2
    ,2,2,2,1),(-2.094395102393,0.,2.094395102393,4.188790204786,
6.28318530718,8.377580409573),.UNSPECIFIED.) CURVE() 
GEOMETRIC_REPRESENTATION_ITEM() RATIONAL_B_SPLINE_CURVE((1.,0.5,1.,0.5,
1.,0.5,1.)) REPRESENTATION_ITEM('') );
#4805 = CARTESIAN_POINT('',(-3.25,0.));
#4806 = CARTESIAN_POINT('',(-3.25,5.629165124599));
#4807 = CARTESIAN_POINT('',(1.625,2.814582562299));
#4808 = CARTESIAN_POINT('',(6.5,7.960204194458E-16));
#4809 = CARTESIAN_POINT('',(1.625,-2.814582562299));
#4810 = CARTESIAN_POINT('',(-3.25,-5.629165124599));
#4811 = CARTESIAN_POINT('',(-3.25,0.));
#4812 = ( GEOMETRIC_REPRESENTATION_CONTEXT(2) 
PARAMETRIC_REPRESENTATION_CONTEXT() REPRESENTATION_CONTEXT('2D SPACE',''
  ) );
#4813 = PCURVE('',#4814,#4819);
#4814 = CYLINDRICAL_SURFACE('',#4815,3.25);
#4815 = AXIS2_PLACEMENT_3D('',#4816,#4817,#4818);
#4816 = CARTESIAN_POINT('',(9.4,7.4,19.05));
#4817 = DIRECTION('',(0.,1.224646799147E-16,1.));
#4818 = DIRECTION('',(-1.,0.,0.));
#4819 = DEFINITIONAL_REPRESENTATION('',(#4820),#4824);
#4820 = LINE('',#4821,#4822);
#4821 = CARTESIAN_POINT('',(0.,-12.));
#4822 = VECTOR('',#4823,1.);
#4823 = DIRECTION('',(1.,0.));
#4824 = ( GEOMETRIC_REPRESENTATION_CONTEXT(2) 
PARAMETRIC_REPRESENTATION_CONTEXT() REPRESENTATION_CONTEXT('2D SPACE',''
  ) );
#4825 = FACE_BOUND('',#4826,.F.);
#4826 = EDGE_LOOP('',(#4827));
#4827 = ORIENTED_EDGE('',*,*,#4762,.T.);
#4828 = ADVANCED_FACE('',(#4829),#4814,.T.);
#4829 = FACE_BOUND('',#4830,.T.);
#4830 = EDGE_LOOP('',(#4831,#4860,#4881,#4882));
#4831 = ORIENTED_EDGE('',*,*,#4832,.T.);
#4832 = EDGE_CURVE('',#4833,#4833,#4835,.T.);
#4833 = VERTEX_POINT('',#4834);
#4834 = CARTESIAN_POINT('',(6.15,7.4,17.05));
#4835 = SURFACE_CURVE('',#4836,(#4841,#4848),.PCURVE_S1.);
#4836 = CIRCLE('',#4837,3.25);
#4837 = AXIS2_PLACEMENT_3D('',#4838,#4839,#4840);
#4838 = CARTESIAN_POINT('',(9.4,7.4,17.05));
#4839 = DIRECTION('',(-0.,-1.224646799147E-16,-1.));
#4840 = DIRECTION('',(-1.,0.,0.));
#4841 = PCURVE('',#4814,#4842);
#4842 = DEFINITIONAL_REPRESENTATION('',(#4843),#4847);
#4843 = LINE('',#4844,#4845);
#4844 = CARTESIAN_POINT('',(6.28318530718,-2.));
#4845 = VECTOR('',#4846,1.);
#4846 = DIRECTION('',(-1.,0.));
#4847 = ( GEOMETRIC_REPRESENTATION_CONTEXT(2) 
PARAMETRIC_REPRESENTATION_CONTEXT() REPRESENTATION_CONTEXT('2D SPACE',''
  ) );
#4848 = PCURVE('',#4849,#4854);
#4849 = PLANE('',#4850);
#4850 = AXIS2_PLACEMENT_3D('',#4851,#4852,#4853);
#4851 = CARTESIAN_POINT('',(126.7,58.14,17.05));
#4852 = DIRECTION('',(0.,-1.224646799147E-16,-1.));
#4853 = DIRECTION('',(1.,0.,-0.));
#4854 = DEFINITIONAL_REPRESENTATION('',(#4855),#4859);
#4855 = CIRCLE('',#4856,3.25);
#4856 = AXIS2_PLACEMENT_2D('',#4857,#4858);
#4857 = CARTESIAN_POINT('',(-117.3,50.74));
#4858 = DIRECTION('',(-1.,0.));
#4859 = ( GEOMETRIC_REPRESENTATION_CONTEXT(2) 
PARAMETRIC_REPRESENTATION_CONTEXT() REPRESENTATION_CONTEXT('2D SPACE',''
  ) );
#4860 = ORIENTED_EDGE('',*,*,#4861,.T.);
#4861 = EDGE_CURVE('',#4833,#4794,#4862,.T.);
#4862 = SEAM_CURVE('',#4863,(#4867,#4874),.PCURVE_S1.);
#4863 = LINE('',#4864,#4865);
#4864 = CARTESIAN_POINT('',(6.15,7.4,19.05));
#4865 = VECTOR('',#4866,1.);
#4866 = DIRECTION('',(0.,-1.224646799147E-16,-1.));
#4867 = PCURVE('',#4814,#4868);
#4868 = DEFINITIONAL_REPRESENTATION('',(#4869),#4873);
#4869 = LINE('',#4870,#4871);
#4870 = CARTESIAN_POINT('',(6.28318530718,0.));
#4871 = VECTOR('',#4872,1.);
#4872 = DIRECTION('',(0.,-1.));
#4873 = ( GEOMETRIC_REPRESENTATION_CONTEXT(2) 
PARAMETRIC_REPRESENTATION_CONTEXT() REPRESENTATION_CONTEXT('2D SPACE',''
  ) );
#4874 = PCURVE('',#4814,#4875);
#4875 = DEFINITIONAL_REPRESENTATION('',(#4876),#4880);
#4876 = LINE('',#4877,#4878);
#4877 = CARTESIAN_POINT('',(0.,0.));
#4878 = VECTOR('',#4879,1.);
#4879 = DIRECTION('',(0.,-1.));
#4880 = ( GEOMETRIC_REPRESENTATION_CONTEXT(2) 
PARAMETRIC_REPRESENTATION_CONTEXT() REPRESENTATION_CONTEXT('2D SPACE',''
  ) );
#4881 = ORIENTED_EDGE('',*,*,#4793,.T.);
#4882 = ORIENTED_EDGE('',*,*,#4861,.F.);
#4883 = ADVANCED_FACE('',(#4884,#5122,#5153,#5188,#5223,#5254,#5353,
    #5384,#5419,#5518,#5553),#4849,.T.);
#4884 = FACE_BOUND('',#4885,.F.);
#4885 = EDGE_LOOP('',(#4886,#4916,#4949,#4977,#5006,#5034,#5067,#5095));
#4886 = ORIENTED_EDGE('',*,*,#4887,.F.);
#4887 = EDGE_CURVE('',#4888,#4890,#4892,.T.);
#4888 = VERTEX_POINT('',#4889);
#4889 = CARTESIAN_POINT('',(126.7,55.54,17.05));
#4890 = VERTEX_POINT('',#4891);
#4891 = CARTESIAN_POINT('',(126.7,5.,17.05));
#4892 = SURFACE_CURVE('',#4893,(#4897,#4904),.PCURVE_S1.);
#4893 = LINE('',#4894,#4895);
#4894 = CARTESIAN_POINT('',(126.7,58.14,17.05));
#4895 = VECTOR('',#4896,1.);
#4896 = DIRECTION('',(0.,-1.,1.224646799147E-16));
#4897 = PCURVE('',#4849,#4898);
#4898 = DEFINITIONAL_REPRESENTATION('',(#4899),#4903);
#4899 = LINE('',#4900,#4901);
#4900 = CARTESIAN_POINT('',(-0.,0.));
#4901 = VECTOR('',#4902,1.);
#4902 = DIRECTION('',(-0.,1.));
#4903 = ( GEOMETRIC_REPRESENTATION_CONTEXT(2) 
PARAMETRIC_REPRESENTATION_CONTEXT() REPRESENTATION_CONTEXT('2D SPACE',''
  ) );
#4904 = PCURVE('',#4905,#4910);
#4905 = PLANE('',#4906);
#4906 = AXIS2_PLACEMENT_3D('',#4907,#4908,#4909);
#4907 = CARTESIAN_POINT('',(126.7,58.14,17.05));
#4908 = DIRECTION('',(-1.,0.,0.));
#4909 = DIRECTION('',(0.,1.224646799147E-16,1.));
#4910 = DEFINITIONAL_REPRESENTATION('',(#4911),#4915);
#4911 = LINE('',#4912,#4913);
#4912 = CARTESIAN_POINT('',(-0.,0.));
#4913 = VECTOR('',#4914,1.);
#4914 = DIRECTION('',(-0.,-1.));
#4915 = ( GEOMETRIC_REPRESENTATION_CONTEXT(2) 
PARAMETRIC_REPRESENTATION_CONTEXT() REPRESENTATION_CONTEXT('2D SPACE',''
  ) );
#4916 = ORIENTED_EDGE('',*,*,#4917,.T.);
#4917 = EDGE_CURVE('',#4888,#4918,#4920,.T.);
#4918 = VERTEX_POINT('',#4919);
#4919 = CARTESIAN_POINT('',(124.1,58.14,17.05));
#4920 = SURFACE_CURVE('',#4921,(#4926,#4937),.PCURVE_S1.);
#4921 = CIRCLE('',#4922,2.6);
#4922 = AXIS2_PLACEMENT_3D('',#4923,#4924,#4925);
#4923 = CARTESIAN_POINT('',(124.1,55.54,17.05));
#4924 = DIRECTION('',(0.,1.224646799147E-16,1.));
#4925 = DIRECTION('',(-0.,1.,-1.224646799147E-16));
#4926 = PCURVE('',#4849,#4927);
#4927 = DEFINITIONAL_REPRESENTATION('',(#4928),#4936);
#4928 = ( BOUNDED_CURVE() B_SPLINE_CURVE(2,(#4929,#4930,#4931,#4932,
#4933,#4934,#4935),.UNSPECIFIED.,.T.,.F.) B_SPLINE_CURVE_WITH_KNOTS((1,2
    ,2,2,2,1),(-2.094395102393,0.,2.094395102393,4.188790204786,
6.28318530718,8.377580409573),.UNSPECIFIED.) CURVE() 
GEOMETRIC_REPRESENTATION_ITEM() RATIONAL_B_SPLINE_CURVE((1.,0.5,1.,0.5,
1.,0.5,1.)) REPRESENTATION_ITEM('') );
#4929 = CARTESIAN_POINT('',(-2.6,0.));
#4930 = CARTESIAN_POINT('',(-7.103332099679,0.));
#4931 = CARTESIAN_POINT('',(-4.85166604984,3.9));
#4932 = CARTESIAN_POINT('',(-2.6,7.8));
#4933 = CARTESIAN_POINT('',(-0.34833395016,3.9));
#4934 = CARTESIAN_POINT('',(1.903332099679,3.996802888651E-15));
#4935 = CARTESIAN_POINT('',(-2.6,0.));
#4936 = ( GEOMETRIC_REPRESENTATION_CONTEXT(2) 
PARAMETRIC_REPRESENTATION_CONTEXT() REPRESENTATION_CONTEXT('2D SPACE',''
  ) );
#4937 = PCURVE('',#4938,#4943);
#4938 = CYLINDRICAL_SURFACE('',#4939,2.6);
#4939 = AXIS2_PLACEMENT_3D('',#4940,#4941,#4942);
#4940 = CARTESIAN_POINT('',(124.1,55.54,17.05));
#4941 = DIRECTION('',(0.,-1.224646799147E-16,-1.));
#4942 = DIRECTION('',(1.,0.,0.));
#4943 = DEFINITIONAL_REPRESENTATION('',(#4944),#4948);
#4944 = LINE('',#4945,#4946);
#4945 = CARTESIAN_POINT('',(4.712388980385,-0.));
#4946 = VECTOR('',#4947,1.);
#4947 = DIRECTION('',(-1.,0.));
#4948 = ( GEOMETRIC_REPRESENTATION_CONTEXT(2) 
PARAMETRIC_REPRESENTATION_CONTEXT() REPRESENTATION_CONTEXT('2D SPACE',''
  ) );
#4949 = ORIENTED_EDGE('',*,*,#4950,.T.);
#4950 = EDGE_CURVE('',#4918,#4951,#4953,.T.);
#4951 = VERTEX_POINT('',#4952);
#4952 = CARTESIAN_POINT('',(5.,58.14,17.05));
#4953 = SURFACE_CURVE('',#4954,(#4958,#4965),.PCURVE_S1.);
#4954 = LINE('',#4955,#4956);
#4955 = CARTESIAN_POINT('',(126.7,58.14,17.05));
#4956 = VECTOR('',#4957,1.);
#4957 = DIRECTION('',(-1.,0.,0.));
#4958 = PCURVE('',#4849,#4959);
#4959 = DEFINITIONAL_REPRESENTATION('',(#4960),#4964);
#4960 = LINE('',#4961,#4962);
#4961 = CARTESIAN_POINT('',(-0.,0.));
#4962 = VECTOR('',#4963,1.);
#4963 = DIRECTION('',(-1.,0.));
#4964 = ( GEOMETRIC_REPRESENTATION_CONTEXT(2) 
PARAMETRIC_REPRESENTATION_CONTEXT() REPRESENTATION_CONTEXT('2D SPACE',''
  ) );
#4965 = PCURVE('',#4966,#4971);
#4966 = PLANE('',#4967);
#4967 = AXIS2_PLACEMENT_3D('',#4968,#4969,#4970);
#4968 = CARTESIAN_POINT('',(126.7,58.14,17.05));
#4969 = DIRECTION('',(0.,-1.,1.224646799147E-16));
#4970 = DIRECTION('',(0.,1.224646799147E-16,1.));
#4971 = DEFINITIONAL_REPRESENTATION('',(#4972),#4976);
#4972 = LINE('',#4973,#4974);
#4973 = CARTESIAN_POINT('',(-0.,0.));
#4974 = VECTOR('',#4975,1.);
#4975 = DIRECTION('',(0.,1.));
#4976 = ( GEOMETRIC_REPRESENTATION_CONTEXT(2) 
PARAMETRIC_REPRESENTATION_CONTEXT() REPRESENTATION_CONTEXT('2D SPACE',''
  ) );
#4977 = ORIENTED_EDGE('',*,*,#4978,.F.);
#4978 = EDGE_CURVE('',#4979,#4951,#4981,.T.);
#4979 = VERTEX_POINT('',#4980);
#4980 = CARTESIAN_POINT('',(2.4,55.54,17.05));
#4981 = SURFACE_CURVE('',#4982,(#4987,#4994),.PCURVE_S1.);
#4982 = CIRCLE('',#4983,2.6);
#4983 = AXIS2_PLACEMENT_3D('',#4984,#4985,#4986);
#4984 = CARTESIAN_POINT('',(5.,55.54,17.05));
#4985 = DIRECTION('',(0.,-1.224646799147E-16,-1.));
#4986 = DIRECTION('',(-0.,1.,-1.224646799147E-16));
#4987 = PCURVE('',#4849,#4988);
#4988 = DEFINITIONAL_REPRESENTATION('',(#4989),#4993);
#4989 = CIRCLE('',#4990,2.6);
#4990 = AXIS2_PLACEMENT_2D('',#4991,#4992);
#4991 = CARTESIAN_POINT('',(-121.7,2.6));
#4992 = DIRECTION('',(-0.,-1.));
#4993 = ( GEOMETRIC_REPRESENTATION_CONTEXT(2) 
PARAMETRIC_REPRESENTATION_CONTEXT() REPRESENTATION_CONTEXT('2D SPACE',''
  ) );
#4994 = PCURVE('',#4995,#5000);
#4995 = CYLINDRICAL_SURFACE('',#4996,2.6);
#4996 = AXIS2_PLACEMENT_3D('',#4997,#4998,#4999);
#4997 = CARTESIAN_POINT('',(5.,55.54,17.05));
#4998 = DIRECTION('',(0.,-1.224646799147E-16,-1.));
#4999 = DIRECTION('',(-1.,0.,0.));
#5000 = DEFINITIONAL_REPRESENTATION('',(#5001),#5005);
#5001 = LINE('',#5002,#5003);
#5002 = CARTESIAN_POINT('',(-4.712388980385,0.));
#5003 = VECTOR('',#5004,1.);
#5004 = DIRECTION('',(1.,0.));
#5005 = ( GEOMETRIC_REPRESENTATION_CONTEXT(2) 
PARAMETRIC_REPRESENTATION_CONTEXT() REPRESENTATION_CONTEXT('2D SPACE',''
  ) );
#5006 = ORIENTED_EDGE('',*,*,#5007,.T.);
#5007 = EDGE_CURVE('',#4979,#5008,#5010,.T.);
#5008 = VERTEX_POINT('',#5009);
#5009 = CARTESIAN_POINT('',(2.4,5.,17.05));
#5010 = SURFACE_CURVE('',#5011,(#5015,#5022),.PCURVE_S1.);
#5011 = LINE('',#5012,#5013);
#5012 = CARTESIAN_POINT('',(2.4,58.14,17.05));
#5013 = VECTOR('',#5014,1.);
#5014 = DIRECTION('',(0.,-1.,1.224646799147E-16));
#5015 = PCURVE('',#4849,#5016);
#5016 = DEFINITIONAL_REPRESENTATION('',(#5017),#5021);
#5017 = LINE('',#5018,#5019);
#5018 = CARTESIAN_POINT('',(-124.3,0.));
#5019 = VECTOR('',#5020,1.);
#5020 = DIRECTION('',(-0.,1.));
#5021 = ( GEOMETRIC_REPRESENTATION_CONTEXT(2) 
PARAMETRIC_REPRESENTATION_CONTEXT() REPRESENTATION_CONTEXT('2D SPACE',''
  ) );
#5022 = PCURVE('',#5023,#5028);
#5023 = PLANE('',#5024);
#5024 = AXIS2_PLACEMENT_3D('',#5025,#5026,#5027);
#5025 = CARTESIAN_POINT('',(2.4,58.14,17.05));
#5026 = DIRECTION('',(-1.,0.,0.));
#5027 = DIRECTION('',(0.,1.224646799147E-16,1.));
#5028 = DEFINITIONAL_REPRESENTATION('',(#5029),#5033);
#5029 = LINE('',#5030,#5031);
#5030 = CARTESIAN_POINT('',(-0.,0.));
#5031 = VECTOR('',#5032,1.);
#5032 = DIRECTION('',(-0.,-1.));
#5033 = ( GEOMETRIC_REPRESENTATION_CONTEXT(2) 
PARAMETRIC_REPRESENTATION_CONTEXT() REPRESENTATION_CONTEXT('2D SPACE',''
  ) );
#5034 = ORIENTED_EDGE('',*,*,#5035,.T.);
#5035 = EDGE_CURVE('',#5008,#5036,#5038,.T.);
#5036 = VERTEX_POINT('',#5037);
#5037 = CARTESIAN_POINT('',(5.,2.4,17.05));
#5038 = SURFACE_CURVE('',#5039,(#5044,#5055),.PCURVE_S1.);
#5039 = CIRCLE('',#5040,2.6);
#5040 = AXIS2_PLACEMENT_3D('',#5041,#5042,#5043);
#5041 = CARTESIAN_POINT('',(5.,5.,17.05));
#5042 = DIRECTION('',(0.,1.224646799147E-16,1.));
#5043 = DIRECTION('',(-0.,1.,-1.224646799147E-16));
#5044 = PCURVE('',#4849,#5045);
#5045 = DEFINITIONAL_REPRESENTATION('',(#5046),#5054);
#5046 = ( BOUNDED_CURVE() B_SPLINE_CURVE(2,(#5047,#5048,#5049,#5050,
#5051,#5052,#5053),.UNSPECIFIED.,.T.,.F.) B_SPLINE_CURVE_WITH_KNOTS((1,2
    ,2,2,2,1),(-2.094395102393,0.,2.094395102393,4.188790204786,
6.28318530718,8.377580409573),.UNSPECIFIED.) CURVE() 
GEOMETRIC_REPRESENTATION_ITEM() RATIONAL_B_SPLINE_CURVE((1.,0.5,1.,0.5,
1.,0.5,1.)) REPRESENTATION_ITEM('') );
#5047 = CARTESIAN_POINT('',(-121.7,50.54));
#5048 = CARTESIAN_POINT('',(-126.2033320996,50.54));
#5049 = CARTESIAN_POINT('',(-123.9516660498,54.44));
#5050 = CARTESIAN_POINT('',(-121.7,58.34));
#5051 = CARTESIAN_POINT('',(-119.4483339501,54.44));
#5052 = CARTESIAN_POINT('',(-117.1966679003,50.54));
#5053 = CARTESIAN_POINT('',(-121.7,50.54));
#5054 = ( GEOMETRIC_REPRESENTATION_CONTEXT(2) 
PARAMETRIC_REPRESENTATION_CONTEXT() REPRESENTATION_CONTEXT('2D SPACE',''
  ) );
#5055 = PCURVE('',#5056,#5061);
#5056 = CYLINDRICAL_SURFACE('',#5057,2.6);
#5057 = AXIS2_PLACEMENT_3D('',#5058,#5059,#5060);
#5058 = CARTESIAN_POINT('',(5.,5.,17.05));
#5059 = DIRECTION('',(0.,-1.224646799147E-16,-1.));
#5060 = DIRECTION('',(-1.,0.,0.));
#5061 = DEFINITIONAL_REPRESENTATION('',(#5062),#5066);
#5062 = LINE('',#5063,#5064);
#5063 = CARTESIAN_POINT('',(1.570796326795,-0.));
#5064 = VECTOR('',#5065,1.);
#5065 = DIRECTION('',(-1.,0.));
#5066 = ( GEOMETRIC_REPRESENTATION_CONTEXT(2) 
PARAMETRIC_REPRESENTATION_CONTEXT() REPRESENTATION_CONTEXT('2D SPACE',''
  ) );
#5067 = ORIENTED_EDGE('',*,*,#5068,.F.);
#5068 = EDGE_CURVE('',#5069,#5036,#5071,.T.);
#5069 = VERTEX_POINT('',#5070);
#5070 = CARTESIAN_POINT('',(124.1,2.4,17.05));
#5071 = SURFACE_CURVE('',#5072,(#5076,#5083),.PCURVE_S1.);
#5072 = LINE('',#5073,#5074);
#5073 = CARTESIAN_POINT('',(126.7,2.4,17.05));
#5074 = VECTOR('',#5075,1.);
#5075 = DIRECTION('',(-1.,0.,0.));
#5076 = PCURVE('',#4849,#5077);
#5077 = DEFINITIONAL_REPRESENTATION('',(#5078),#5082);
#5078 = LINE('',#5079,#5080);
#5079 = CARTESIAN_POINT('',(-0.,55.74));
#5080 = VECTOR('',#5081,1.);
#5081 = DIRECTION('',(-1.,0.));
#5082 = ( GEOMETRIC_REPRESENTATION_CONTEXT(2) 
PARAMETRIC_REPRESENTATION_CONTEXT() REPRESENTATION_CONTEXT('2D SPACE',''
  ) );
#5083 = PCURVE('',#5084,#5089);
#5084 = PLANE('',#5085);
#5085 = AXIS2_PLACEMENT_3D('',#5086,#5087,#5088);
#5086 = CARTESIAN_POINT('',(126.7,2.4,17.05));
#5087 = DIRECTION('',(0.,-1.,1.224646799147E-16));
#5088 = DIRECTION('',(0.,1.224646799147E-16,1.));
#5089 = DEFINITIONAL_REPRESENTATION('',(#5090),#5094);
#5090 = LINE('',#5091,#5092);
#5091 = CARTESIAN_POINT('',(-0.,0.));
#5092 = VECTOR('',#5093,1.);
#5093 = DIRECTION('',(0.,1.));
#5094 = ( GEOMETRIC_REPRESENTATION_CONTEXT(2) 
PARAMETRIC_REPRESENTATION_CONTEXT() REPRESENTATION_CONTEXT('2D SPACE',''
  ) );
#5095 = ORIENTED_EDGE('',*,*,#5096,.F.);
#5096 = EDGE_CURVE('',#4890,#5069,#5097,.T.);
#5097 = SURFACE_CURVE('',#5098,(#5103,#5110),.PCURVE_S1.);
#5098 = CIRCLE('',#5099,2.6);
#5099 = AXIS2_PLACEMENT_3D('',#5100,#5101,#5102);
#5100 = CARTESIAN_POINT('',(124.1,5.,17.05));
#5101 = DIRECTION('',(0.,-1.224646799147E-16,-1.));
#5102 = DIRECTION('',(-0.,1.,-1.224646799147E-16));
#5103 = PCURVE('',#4849,#5104);
#5104 = DEFINITIONAL_REPRESENTATION('',(#5105),#5109);
#5105 = CIRCLE('',#5106,2.6);
#5106 = AXIS2_PLACEMENT_2D('',#5107,#5108);
#5107 = CARTESIAN_POINT('',(-2.6,53.14));
#5108 = DIRECTION('',(-0.,-1.));
#5109 = ( GEOMETRIC_REPRESENTATION_CONTEXT(2) 
PARAMETRIC_REPRESENTATION_CONTEXT() REPRESENTATION_CONTEXT('2D SPACE',''
  ) );
#5110 = PCURVE('',#5111,#5116);
#5111 = CYLINDRICAL_SURFACE('',#5112,2.6);
#5112 = AXIS2_PLACEMENT_3D('',#5113,#5114,#5115);
#5113 = CARTESIAN_POINT('',(124.1,5.,17.05));
#5114 = DIRECTION('',(0.,-1.224646799147E-16,-1.));
#5115 = DIRECTION('',(1.,0.,0.));
#5116 = DEFINITIONAL_REPRESENTATION('',(#5117),#5121);
#5117 = LINE('',#5118,#5119);
#5118 = CARTESIAN_POINT('',(-1.570796326795,0.));
#5119 = VECTOR('',#5120,1.);
#5120 = DIRECTION('',(1.,0.));
#5121 = ( GEOMETRIC_REPRESENTATION_CONTEXT(2) 
PARAMETRIC_REPRESENTATION_CONTEXT() REPRESENTATION_CONTEXT('2D SPACE',''
  ) );
#5122 = FACE_BOUND('',#5123,.F.);
#5123 = EDGE_LOOP('',(#5124));
#5124 = ORIENTED_EDGE('',*,*,#5125,.T.);
#5125 = EDGE_CURVE('',#5126,#5126,#5128,.T.);
#5126 = VERTEX_POINT('',#5127);
#5127 = CARTESIAN_POINT('',(118.95,53.14,17.05));
#5128 = SURFACE_CURVE('',#5129,(#5134,#5141),.PCURVE_S1.);
#5129 = CIRCLE('',#5130,3.25);
#5130 = AXIS2_PLACEMENT_3D('',#5131,#5132,#5133);
#5131 = CARTESIAN_POINT('',(122.2,53.14,17.05));
#5132 = DIRECTION('',(-0.,-1.224646799147E-16,-1.));
#5133 = DIRECTION('',(-1.,0.,0.));
#5134 = PCURVE('',#4849,#5135);
#5135 = DEFINITIONAL_REPRESENTATION('',(#5136),#5140);
#5136 = CIRCLE('',#5137,3.25);
#5137 = AXIS2_PLACEMENT_2D('',#5138,#5139);
#5138 = CARTESIAN_POINT('',(-4.5,5.));
#5139 = DIRECTION('',(-1.,0.));
#5140 = ( GEOMETRIC_REPRESENTATION_CONTEXT(2) 
PARAMETRIC_REPRESENTATION_CONTEXT() REPRESENTATION_CONTEXT('2D SPACE',''
  ) );
#5141 = PCURVE('',#5142,#5147);
#5142 = CYLINDRICAL_SURFACE('',#5143,3.25);
#5143 = AXIS2_PLACEMENT_3D('',#5144,#5145,#5146);
#5144 = CARTESIAN_POINT('',(122.2,53.14,19.05));
#5145 = DIRECTION('',(0.,1.224646799147E-16,1.));
#5146 = DIRECTION('',(-1.,0.,0.));
#5147 = DEFINITIONAL_REPRESENTATION('',(#5148),#5152);
#5148 = LINE('',#5149,#5150);
#5149 = CARTESIAN_POINT('',(6.28318530718,-2.));
#5150 = VECTOR('',#5151,1.);
#5151 = DIRECTION('',(-1.,0.));
#5152 = ( GEOMETRIC_REPRESENTATION_CONTEXT(2) 
PARAMETRIC_REPRESENTATION_CONTEXT() REPRESENTATION_CONTEXT('2D SPACE',''
  ) );
#5153 = FACE_BOUND('',#5154,.F.);
#5154 = EDGE_LOOP('',(#5155));
#5155 = ORIENTED_EDGE('',*,*,#5156,.F.);
#5156 = EDGE_CURVE('',#5157,#5157,#5159,.T.);
#5157 = VERTEX_POINT('',#5158);
#5158 = CARTESIAN_POINT('',(111.3,53.74,17.05));
#5159 = SURFACE_CURVE('',#5160,(#5165,#5176),.PCURVE_S1.);
#5160 = CIRCLE('',#5161,2.);
#5161 = AXIS2_PLACEMENT_3D('',#5162,#5163,#5164);
#5162 = CARTESIAN_POINT('',(113.3,53.74,17.05));
#5163 = DIRECTION('',(0.,1.224646799147E-16,1.));
#5164 = DIRECTION('',(-1.,0.,0.));
#5165 = PCURVE('',#4849,#5166);
#5166 = DEFINITIONAL_REPRESENTATION('',(#5167),#5175);
#5167 = ( BOUNDED_CURVE() B_SPLINE_CURVE(2,(#5168,#5169,#5170,#5171,
#5172,#5173,#5174),.UNSPECIFIED.,.T.,.F.) B_SPLINE_CURVE_WITH_KNOTS((1,2
    ,2,2,2,1),(-2.094395102393,0.,2.094395102393,4.188790204786,
6.28318530718,8.377580409573),.UNSPECIFIED.) CURVE() 
GEOMETRIC_REPRESENTATION_ITEM() RATIONAL_B_SPLINE_CURVE((1.,0.5,1.,0.5,
1.,0.5,1.)) REPRESENTATION_ITEM('') );
#5168 = CARTESIAN_POINT('',(-15.4,4.4));
#5169 = CARTESIAN_POINT('',(-15.4,7.864101615138));
#5170 = CARTESIAN_POINT('',(-12.4,6.132050807569));
#5171 = CARTESIAN_POINT('',(-9.4,4.4));
#5172 = CARTESIAN_POINT('',(-12.4,2.667949192431));
#5173 = CARTESIAN_POINT('',(-15.4,0.935898384862));
#5174 = CARTESIAN_POINT('',(-15.4,4.4));
#5175 = ( GEOMETRIC_REPRESENTATION_CONTEXT(2) 
PARAMETRIC_REPRESENTATION_CONTEXT() REPRESENTATION_CONTEXT('2D SPACE',''
  ) );
#5176 = PCURVE('',#5177,#5182);
#5177 = CYLINDRICAL_SURFACE('',#5178,2.);
#5178 = AXIS2_PLACEMENT_3D('',#5179,#5180,#5181);
#5179 = CARTESIAN_POINT('',(113.3,53.74,17.05));
#5180 = DIRECTION('',(0.,1.224646799147E-16,1.));
#5181 = DIRECTION('',(-1.,0.,0.));
#5182 = DEFINITIONAL_REPRESENTATION('',(#5183),#5187);
#5183 = LINE('',#5184,#5185);
#5184 = CARTESIAN_POINT('',(0.,0.));
#5185 = VECTOR('',#5186,1.);
#5186 = DIRECTION('',(1.,0.));
#5187 = ( GEOMETRIC_REPRESENTATION_CONTEXT(2) 
PARAMETRIC_REPRESENTATION_CONTEXT() REPRESENTATION_CONTEXT('2D SPACE',''
  ) );
#5188 = FACE_BOUND('',#5189,.F.);
#5189 = EDGE_LOOP('',(#5190));
#5190 = ORIENTED_EDGE('',*,*,#5191,.F.);
#5191 = EDGE_CURVE('',#5192,#5192,#5194,.T.);
#5192 = VERTEX_POINT('',#5193);
#5193 = CARTESIAN_POINT('',(18.8,53.74,17.05));
#5194 = SURFACE_CURVE('',#5195,(#5200,#5211),.PCURVE_S1.);
#5195 = CIRCLE('',#5196,2.);
#5196 = AXIS2_PLACEMENT_3D('',#5197,#5198,#5199);
#5197 = CARTESIAN_POINT('',(20.8,53.74,17.05));
#5198 = DIRECTION('',(0.,1.224646799147E-16,1.));
#5199 = DIRECTION('',(-1.,0.,0.));
#5200 = PCURVE('',#4849,#5201);
#5201 = DEFINITIONAL_REPRESENTATION('',(#5202),#5210);
#5202 = ( BOUNDED_CURVE() B_SPLINE_CURVE(2,(#5203,#5204,#5205,#5206,
#5207,#5208,#5209),.UNSPECIFIED.,.T.,.F.) B_SPLINE_CURVE_WITH_KNOTS((1,2
    ,2,2,2,1),(-2.094395102393,0.,2.094395102393,4.188790204786,
6.28318530718,8.377580409573),.UNSPECIFIED.) CURVE() 
GEOMETRIC_REPRESENTATION_ITEM() RATIONAL_B_SPLINE_CURVE((1.,0.5,1.,0.5,
1.,0.5,1.)) REPRESENTATION_ITEM('') );
#5203 = CARTESIAN_POINT('',(-107.9,4.4));
#5204 = CARTESIAN_POINT('',(-107.9,7.864101615138));
#5205 = CARTESIAN_POINT('',(-104.9,6.132050807569));
#5206 = CARTESIAN_POINT('',(-101.9,4.4));
#5207 = CARTESIAN_POINT('',(-104.9,2.667949192431));
#5208 = CARTESIAN_POINT('',(-107.9,0.935898384862));
#5209 = CARTESIAN_POINT('',(-107.9,4.4));
#5210 = ( GEOMETRIC_REPRESENTATION_CONTEXT(2) 
PARAMETRIC_REPRESENTATION_CONTEXT() REPRESENTATION_CONTEXT('2D SPACE',''
  ) );
#5211 = PCURVE('',#5212,#5217);
#5212 = CYLINDRICAL_SURFACE('',#5213,2.);
#5213 = AXIS2_PLACEMENT_3D('',#5214,#5215,#5216);
#5214 = CARTESIAN_POINT('',(20.8,53.74,17.05));
#5215 = DIRECTION('',(0.,1.224646799147E-16,1.));
#5216 = DIRECTION('',(-1.,0.,0.));
#5217 = DEFINITIONAL_REPRESENTATION('',(#5218),#5222);
#5218 = LINE('',#5219,#5220);
#5219 = CARTESIAN_POINT('',(0.,0.));
#5220 = VECTOR('',#5221,1.);
#5221 = DIRECTION('',(1.,0.));
#5222 = ( GEOMETRIC_REPRESENTATION_CONTEXT(2) 
PARAMETRIC_REPRESENTATION_CONTEXT() REPRESENTATION_CONTEXT('2D SPACE',''
  ) );
#5223 = FACE_BOUND('',#5224,.F.);
#5224 = EDGE_LOOP('',(#5225));
#5225 = ORIENTED_EDGE('',*,*,#5226,.T.);
#5226 = EDGE_CURVE('',#5227,#5227,#5229,.T.);
#5227 = VERTEX_POINT('',#5228);
#5228 = CARTESIAN_POINT('',(6.15,53.14,17.05));
#5229 = SURFACE_CURVE('',#5230,(#5235,#5242),.PCURVE_S1.);
#5230 = CIRCLE('',#5231,3.25);
#5231 = AXIS2_PLACEMENT_3D('',#5232,#5233,#5234);
#5232 = CARTESIAN_POINT('',(9.4,53.14,17.05));
#5233 = DIRECTION('',(-0.,-1.224646799147E-16,-1.));
#5234 = DIRECTION('',(-1.,0.,0.));
#5235 = PCURVE('',#4849,#5236);
#5236 = DEFINITIONAL_REPRESENTATION('',(#5237),#5241);
#5237 = CIRCLE('',#5238,3.25);
#5238 = AXIS2_PLACEMENT_2D('',#5239,#5240);
#5239 = CARTESIAN_POINT('',(-117.3,5.));
#5240 = DIRECTION('',(-1.,0.));
#5241 = ( GEOMETRIC_REPRESENTATION_CONTEXT(2) 
PARAMETRIC_REPRESENTATION_CONTEXT() REPRESENTATION_CONTEXT('2D SPACE',''
  ) );
#5242 = PCURVE('',#5243,#5248);
#5243 = CYLINDRICAL_SURFACE('',#5244,3.25);
#5244 = AXIS2_PLACEMENT_3D('',#5245,#5246,#5247);
#5245 = CARTESIAN_POINT('',(9.4,53.14,19.05));
#5246 = DIRECTION('',(0.,1.224646799147E-16,1.));
#5247 = DIRECTION('',(-1.,0.,0.));
#5248 = DEFINITIONAL_REPRESENTATION('',(#5249),#5253);
#5249 = LINE('',#5250,#5251);
#5250 = CARTESIAN_POINT('',(6.28318530718,-2.));
#5251 = VECTOR('',#5252,1.);
#5252 = DIRECTION('',(-1.,0.));
#5253 = ( GEOMETRIC_REPRESENTATION_CONTEXT(2) 
PARAMETRIC_REPRESENTATION_CONTEXT() REPRESENTATION_CONTEXT('2D SPACE',''
  ) );
#5254 = FACE_BOUND('',#5255,.F.);
#5255 = EDGE_LOOP('',(#5256,#5281,#5309,#5332));
#5256 = ORIENTED_EDGE('',*,*,#5257,.T.);
#5257 = EDGE_CURVE('',#5258,#5260,#5262,.T.);
#5258 = VERTEX_POINT('',#5259);
#5259 = CARTESIAN_POINT('',(96.75,31.0052,17.05));
#5260 = VERTEX_POINT('',#5261);
#5261 = CARTESIAN_POINT('',(96.75,26.582908764,17.05));
#5262 = SURFACE_CURVE('',#5263,(#5267,#5274),.PCURVE_S1.);
#5263 = LINE('',#5264,#5265);
#5264 = CARTESIAN_POINT('',(96.75,44.5726,17.05));
#5265 = VECTOR('',#5266,1.);
#5266 = DIRECTION('',(0.,-1.,1.224646799147E-16));
#5267 = PCURVE('',#4849,#5268);
#5268 = DEFINITIONAL_REPRESENTATION('',(#5269),#5273);
#5269 = LINE('',#5270,#5271);
#5270 = CARTESIAN_POINT('',(-29.95,13.5674));
#5271 = VECTOR('',#5272,1.);
#5272 = DIRECTION('',(-0.,1.));
#5273 = ( GEOMETRIC_REPRESENTATION_CONTEXT(2) 
PARAMETRIC_REPRESENTATION_CONTEXT() REPRESENTATION_CONTEXT('2D SPACE',''
  ) );
#5274 = PCURVE('',#4361,#5275);
#5275 = DEFINITIONAL_REPRESENTATION('',(#5276),#5280);
#5276 = LINE('',#5277,#5278);
#5277 = CARTESIAN_POINT('',(-2.5,13.5674));
#5278 = VECTOR('',#5279,1.);
#5279 = DIRECTION('',(-0.,-1.));
#5280 = ( GEOMETRIC_REPRESENTATION_CONTEXT(2) 
PARAMETRIC_REPRESENTATION_CONTEXT() REPRESENTATION_CONTEXT('2D SPACE',''
  ) );
#5281 = ORIENTED_EDGE('',*,*,#5282,.F.);
#5282 = EDGE_CURVE('',#5283,#5260,#5285,.T.);
#5283 = VERTEX_POINT('',#5284);
#5284 = CARTESIAN_POINT('',(92.35,26.582908764,17.05));
#5285 = SURFACE_CURVE('',#5286,(#5291,#5302),.PCURVE_S1.);
#5286 = CIRCLE('',#5287,4.2);
#5287 = AXIS2_PLACEMENT_3D('',#5288,#5289,#5290);
#5288 = CARTESIAN_POINT('',(94.55,23.0052,17.05));
#5289 = DIRECTION('',(0.,1.224646799147E-16,1.));
#5290 = DIRECTION('',(-0.52380952381,0.85183542,-1.043197520503E-16));
#5291 = PCURVE('',#4849,#5292);
#5292 = DEFINITIONAL_REPRESENTATION('',(#5293),#5301);
#5293 = ( BOUNDED_CURVE() B_SPLINE_CURVE(2,(#5294,#5295,#5296,#5297,
#5298,#5299,#5300),.UNSPECIFIED.,.T.,.F.) B_SPLINE_CURVE_WITH_KNOTS((1,2
    ,2,2,2,1),(-2.094395102393,0.,2.094395102393,4.188790204786,
6.28318530718,8.377580409573),.UNSPECIFIED.) CURVE() 
GEOMETRIC_REPRESENTATION_ITEM() RATIONAL_B_SPLINE_CURVE((1.,0.5,1.,0.5,
1.,0.5,1.)) REPRESENTATION_ITEM('') );
#5294 = CARTESIAN_POINT('',(-34.35,31.557091236));
#5295 = CARTESIAN_POINT('',(-40.54677335393,35.367603012652));
#5296 = CARTESIAN_POINT('',(-34.14838667696,38.828910270326));
#5297 = CARTESIAN_POINT('',(-27.75,42.290217527999));
#5298 = CARTESIAN_POINT('',(-27.95161332303,35.018398493674));
#5299 = CARTESIAN_POINT('',(-28.15322664606,27.746579459349));
#5300 = CARTESIAN_POINT('',(-34.35,31.557091236));
#5301 = ( GEOMETRIC_REPRESENTATION_CONTEXT(2) 
PARAMETRIC_REPRESENTATION_CONTEXT() REPRESENTATION_CONTEXT('2D SPACE',''
  ) );
#5302 = PCURVE('',#4394,#5303);
#5303 = DEFINITIONAL_REPRESENTATION('',(#5304),#5308);
#5304 = LINE('',#5305,#5306);
#5305 = CARTESIAN_POINT('',(5.263705949517,-2.5));
#5306 = VECTOR('',#5307,1.);
#5307 = DIRECTION('',(1.,-0.));
#5308 = ( GEOMETRIC_REPRESENTATION_CONTEXT(2) 
PARAMETRIC_REPRESENTATION_CONTEXT() REPRESENTATION_CONTEXT('2D SPACE',''
  ) );
#5309 = ORIENTED_EDGE('',*,*,#5310,.F.);
#5310 = EDGE_CURVE('',#5311,#5283,#5313,.T.);
#5311 = VERTEX_POINT('',#5312);
#5312 = CARTESIAN_POINT('',(92.35,31.0052,17.05));
#5313 = SURFACE_CURVE('',#5314,(#5318,#5325),.PCURVE_S1.);
#5314 = LINE('',#5315,#5316);
#5315 = CARTESIAN_POINT('',(92.35,44.5726,17.05));
#5316 = VECTOR('',#5317,1.);
#5317 = DIRECTION('',(0.,-1.,1.224646799147E-16));
#5318 = PCURVE('',#4849,#5319);
#5319 = DEFINITIONAL_REPRESENTATION('',(#5320),#5324);
#5320 = LINE('',#5321,#5322);
#5321 = CARTESIAN_POINT('',(-34.35,13.5674));
#5322 = VECTOR('',#5323,1.);
#5323 = DIRECTION('',(-0.,1.));
#5324 = ( GEOMETRIC_REPRESENTATION_CONTEXT(2) 
PARAMETRIC_REPRESENTATION_CONTEXT() REPRESENTATION_CONTEXT('2D SPACE',''
  ) );
#5325 = PCURVE('',#4422,#5326);
#5326 = DEFINITIONAL_REPRESENTATION('',(#5327),#5331);
#5327 = LINE('',#5328,#5329);
#5328 = CARTESIAN_POINT('',(-2.5,13.5674));
#5329 = VECTOR('',#5330,1.);
#5330 = DIRECTION('',(-0.,-1.));
#5331 = ( GEOMETRIC_REPRESENTATION_CONTEXT(2) 
PARAMETRIC_REPRESENTATION_CONTEXT() REPRESENTATION_CONTEXT('2D SPACE',''
  ) );
#5332 = ORIENTED_EDGE('',*,*,#5333,.T.);
#5333 = EDGE_CURVE('',#5311,#5258,#5334,.T.);
#5334 = SURFACE_CURVE('',#5335,(#5339,#5346),.PCURVE_S1.);
#5335 = LINE('',#5336,#5337);
#5336 = CARTESIAN_POINT('',(111.725,31.0052,17.05));
#5337 = VECTOR('',#5338,1.);
#5338 = DIRECTION('',(1.,0.,0.));
#5339 = PCURVE('',#4849,#5340);
#5340 = DEFINITIONAL_REPRESENTATION('',(#5341),#5345);
#5341 = LINE('',#5342,#5343);
#5342 = CARTESIAN_POINT('',(-14.975,27.1348));
#5343 = VECTOR('',#5344,1.);
#5344 = DIRECTION('',(1.,-0.));
#5345 = ( GEOMETRIC_REPRESENTATION_CONTEXT(2) 
PARAMETRIC_REPRESENTATION_CONTEXT() REPRESENTATION_CONTEXT('2D SPACE',''
  ) );
#5346 = PCURVE('',#4448,#5347);
#5347 = DEFINITIONAL_REPRESENTATION('',(#5348),#5352);
#5348 = LINE('',#5349,#5350);
#5349 = CARTESIAN_POINT('',(-2.5,-14.975));
#5350 = VECTOR('',#5351,1.);
#5351 = DIRECTION('',(-0.,-1.));
#5352 = ( GEOMETRIC_REPRESENTATION_CONTEXT(2) 
PARAMETRIC_REPRESENTATION_CONTEXT() REPRESENTATION_CONTEXT('2D SPACE',''
  ) );
#5353 = FACE_BOUND('',#5354,.F.);
#5354 = EDGE_LOOP('',(#5355));
#5355 = ORIENTED_EDGE('',*,*,#5356,.T.);
#5356 = EDGE_CURVE('',#5357,#5357,#5359,.T.);
#5357 = VERTEX_POINT('',#5358);
#5358 = CARTESIAN_POINT('',(118.95,7.4,17.05));
#5359 = SURFACE_CURVE('',#5360,(#5365,#5372),.PCURVE_S1.);
#5360 = CIRCLE('',#5361,3.25);
#5361 = AXIS2_PLACEMENT_3D('',#5362,#5363,#5364);
#5362 = CARTESIAN_POINT('',(122.2,7.4,17.05));
#5363 = DIRECTION('',(-0.,-1.224646799147E-16,-1.));
#5364 = DIRECTION('',(-1.,0.,0.));
#5365 = PCURVE('',#4849,#5366);
#5366 = DEFINITIONAL_REPRESENTATION('',(#5367),#5371);
#5367 = CIRCLE('',#5368,3.25);
#5368 = AXIS2_PLACEMENT_2D('',#5369,#5370);
#5369 = CARTESIAN_POINT('',(-4.5,50.74));
#5370 = DIRECTION('',(-1.,0.));
#5371 = ( GEOMETRIC_REPRESENTATION_CONTEXT(2) 
PARAMETRIC_REPRESENTATION_CONTEXT() REPRESENTATION_CONTEXT('2D SPACE',''
  ) );
#5372 = PCURVE('',#5373,#5378);
#5373 = CYLINDRICAL_SURFACE('',#5374,3.25);
#5374 = AXIS2_PLACEMENT_3D('',#5375,#5376,#5377);
#5375 = CARTESIAN_POINT('',(122.2,7.4,19.05));
#5376 = DIRECTION('',(0.,1.224646799147E-16,1.));
#5377 = DIRECTION('',(-1.,0.,0.));
#5378 = DEFINITIONAL_REPRESENTATION('',(#5379),#5383);
#5379 = LINE('',#5380,#5381);
#5380 = CARTESIAN_POINT('',(6.28318530718,-2.));
#5381 = VECTOR('',#5382,1.);
#5382 = DIRECTION('',(-1.,0.));
#5383 = ( GEOMETRIC_REPRESENTATION_CONTEXT(2) 
PARAMETRIC_REPRESENTATION_CONTEXT() REPRESENTATION_CONTEXT('2D SPACE',''
  ) );
#5384 = FACE_BOUND('',#5385,.F.);
#5385 = EDGE_LOOP('',(#5386));
#5386 = ORIENTED_EDGE('',*,*,#5387,.F.);
#5387 = EDGE_CURVE('',#5388,#5388,#5390,.T.);
#5388 = VERTEX_POINT('',#5389);
#5389 = CARTESIAN_POINT('',(111.3,6.8,17.05));
#5390 = SURFACE_CURVE('',#5391,(#5396,#5407),.PCURVE_S1.);
#5391 = CIRCLE('',#5392,2.);
#5392 = AXIS2_PLACEMENT_3D('',#5393,#5394,#5395);
#5393 = CARTESIAN_POINT('',(113.3,6.8,17.05));
#5394 = DIRECTION('',(0.,1.224646799147E-16,1.));
#5395 = DIRECTION('',(-1.,0.,0.));
#5396 = PCURVE('',#4849,#5397);
#5397 = DEFINITIONAL_REPRESENTATION('',(#5398),#5406);
#5398 = ( BOUNDED_CURVE() B_SPLINE_CURVE(2,(#5399,#5400,#5401,#5402,
#5403,#5404,#5405),.UNSPECIFIED.,.T.,.F.) B_SPLINE_CURVE_WITH_KNOTS((1,2
    ,2,2,2,1),(-2.094395102393,0.,2.094395102393,4.188790204786,
6.28318530718,8.377580409573),.UNSPECIFIED.) CURVE() 
GEOMETRIC_REPRESENTATION_ITEM() RATIONAL_B_SPLINE_CURVE((1.,0.5,1.,0.5,
1.,0.5,1.)) REPRESENTATION_ITEM('') );
#5399 = CARTESIAN_POINT('',(-15.4,51.34));
#5400 = CARTESIAN_POINT('',(-15.4,54.804101615138));
#5401 = CARTESIAN_POINT('',(-12.4,53.072050807569));
#5402 = CARTESIAN_POINT('',(-9.4,51.34));
#5403 = CARTESIAN_POINT('',(-12.4,49.607949192431));
#5404 = CARTESIAN_POINT('',(-15.4,47.875898384862));
#5405 = CARTESIAN_POINT('',(-15.4,51.34));
#5406 = ( GEOMETRIC_REPRESENTATION_CONTEXT(2) 
PARAMETRIC_REPRESENTATION_CONTEXT() REPRESENTATION_CONTEXT('2D SPACE',''
  ) );
#5407 = PCURVE('',#5408,#5413);
#5408 = CYLINDRICAL_SURFACE('',#5409,2.);
#5409 = AXIS2_PLACEMENT_3D('',#5410,#5411,#5412);
#5410 = CARTESIAN_POINT('',(113.3,6.8,17.05));
#5411 = DIRECTION('',(0.,1.224646799147E-16,1.));
#5412 = DIRECTION('',(-1.,0.,0.));
#5413 = DEFINITIONAL_REPRESENTATION('',(#5414),#5418);
#5414 = LINE('',#5415,#5416);
#5415 = CARTESIAN_POINT('',(0.,0.));
#5416 = VECTOR('',#5417,1.);
#5417 = DIRECTION('',(1.,0.));
#5418 = ( GEOMETRIC_REPRESENTATION_CONTEXT(2) 
PARAMETRIC_REPRESENTATION_CONTEXT() REPRESENTATION_CONTEXT('2D SPACE',''
  ) );
#5419 = FACE_BOUND('',#5420,.F.);
#5420 = EDGE_LOOP('',(#5421,#5446,#5474,#5497));
#5421 = ORIENTED_EDGE('',*,*,#5422,.T.);
#5422 = EDGE_CURVE('',#5423,#5425,#5427,.T.);
#5423 = VERTEX_POINT('',#5424);
#5424 = CARTESIAN_POINT('',(36.75,31.0052,17.05));
#5425 = VERTEX_POINT('',#5426);
#5426 = CARTESIAN_POINT('',(36.75,26.582908764,17.05));
#5427 = SURFACE_CURVE('',#5428,(#5432,#5439),.PCURVE_S1.);
#5428 = LINE('',#5429,#5430);
#5429 = CARTESIAN_POINT('',(36.75,44.5726,17.05));
#5430 = VECTOR('',#5431,1.);
#5431 = DIRECTION('',(0.,-1.,1.224646799147E-16));
#5432 = PCURVE('',#4849,#5433);
#5433 = DEFINITIONAL_REPRESENTATION('',(#5434),#5438);
#5434 = LINE('',#5435,#5436);
#5435 = CARTESIAN_POINT('',(-89.95,13.5674));
#5436 = VECTOR('',#5437,1.);
#5437 = DIRECTION('',(-0.,1.));
#5438 = ( GEOMETRIC_REPRESENTATION_CONTEXT(2) 
PARAMETRIC_REPRESENTATION_CONTEXT() REPRESENTATION_CONTEXT('2D SPACE',''
  ) );
#5439 = PCURVE('',#4511,#5440);
#5440 = DEFINITIONAL_REPRESENTATION('',(#5441),#5445);
#5441 = LINE('',#5442,#5443);
#5442 = CARTESIAN_POINT('',(-2.5,13.5674));
#5443 = VECTOR('',#5444,1.);
#5444 = DIRECTION('',(-0.,-1.));
#5445 = ( GEOMETRIC_REPRESENTATION_CONTEXT(2) 
PARAMETRIC_REPRESENTATION_CONTEXT() REPRESENTATION_CONTEXT('2D SPACE',''
  ) );
#5446 = ORIENTED_EDGE('',*,*,#5447,.F.);
#5447 = EDGE_CURVE('',#5448,#5425,#5450,.T.);
#5448 = VERTEX_POINT('',#5449);
#5449 = CARTESIAN_POINT('',(32.35,26.582908764,17.05));
#5450 = SURFACE_CURVE('',#5451,(#5456,#5467),.PCURVE_S1.);
#5451 = CIRCLE('',#5452,4.2);
#5452 = AXIS2_PLACEMENT_3D('',#5453,#5454,#5455);
#5453 = CARTESIAN_POINT('',(34.55,23.0052,17.05));
#5454 = DIRECTION('',(-6.162975822039E-33,1.224646799147E-16,1.));
#5455 = DIRECTION('',(-0.52380952381,0.85183542,-1.043197520503E-16));
#5456 = PCURVE('',#4849,#5457);
#5457 = DEFINITIONAL_REPRESENTATION('',(#5458),#5466);
#5458 = ( BOUNDED_CURVE() B_SPLINE_CURVE(2,(#5459,#5460,#5461,#5462,
#5463,#5464,#5465),.UNSPECIFIED.,.T.,.F.) B_SPLINE_CURVE_WITH_KNOTS((1,2
    ,2,2,2,1),(-2.094395102393,0.,2.094395102393,4.188790204786,
6.28318530718,8.377580409573),.UNSPECIFIED.) CURVE() 
GEOMETRIC_REPRESENTATION_ITEM() RATIONAL_B_SPLINE_CURVE((1.,0.5,1.,0.5,
1.,0.5,1.)) REPRESENTATION_ITEM('') );
#5459 = CARTESIAN_POINT('',(-94.35,31.557091236));
#5460 = CARTESIAN_POINT('',(-100.5467733539,35.367603012652));
#5461 = CARTESIAN_POINT('',(-94.14838667696,38.828910270326));
#5462 = CARTESIAN_POINT('',(-87.75,42.290217527999));
#5463 = CARTESIAN_POINT('',(-87.95161332303,35.018398493674));
#5464 = CARTESIAN_POINT('',(-88.15322664606,27.746579459349));
#5465 = CARTESIAN_POINT('',(-94.35,31.557091236));
#5466 = ( GEOMETRIC_REPRESENTATION_CONTEXT(2) 
PARAMETRIC_REPRESENTATION_CONTEXT() REPRESENTATION_CONTEXT('2D SPACE',''
  ) );
#5467 = PCURVE('',#4544,#5468);
#5468 = DEFINITIONAL_REPRESENTATION('',(#5469),#5473);
#5469 = LINE('',#5470,#5471);
#5470 = CARTESIAN_POINT('',(5.263705949517,-2.5));
#5471 = VECTOR('',#5472,1.);
#5472 = DIRECTION('',(1.,-0.));
#5473 = ( GEOMETRIC_REPRESENTATION_CONTEXT(2) 
PARAMETRIC_REPRESENTATION_CONTEXT() REPRESENTATION_CONTEXT('2D SPACE',''
  ) );
#5474 = ORIENTED_EDGE('',*,*,#5475,.F.);
#5475 = EDGE_CURVE('',#5476,#5448,#5478,.T.);
#5476 = VERTEX_POINT('',#5477);
#5477 = CARTESIAN_POINT('',(32.35,31.0052,17.05));
#5478 = SURFACE_CURVE('',#5479,(#5483,#5490),.PCURVE_S1.);
#5479 = LINE('',#5480,#5481);
#5480 = CARTESIAN_POINT('',(32.35,44.5726,17.05));
#5481 = VECTOR('',#5482,1.);
#5482 = DIRECTION('',(0.,-1.,1.224646799147E-16));
#5483 = PCURVE('',#4849,#5484);
#5484 = DEFINITIONAL_REPRESENTATION('',(#5485),#5489);
#5485 = LINE('',#5486,#5487);
#5486 = CARTESIAN_POINT('',(-94.35,13.5674));
#5487 = VECTOR('',#5488,1.);
#5488 = DIRECTION('',(-0.,1.));
#5489 = ( GEOMETRIC_REPRESENTATION_CONTEXT(2) 
PARAMETRIC_REPRESENTATION_CONTEXT() REPRESENTATION_CONTEXT('2D SPACE',''
  ) );
#5490 = PCURVE('',#4572,#5491);
#5491 = DEFINITIONAL_REPRESENTATION('',(#5492),#5496);
#5492 = LINE('',#5493,#5494);
#5493 = CARTESIAN_POINT('',(-2.5,13.5674));
#5494 = VECTOR('',#5495,1.);
#5495 = DIRECTION('',(-0.,-1.));
#5496 = ( GEOMETRIC_REPRESENTATION_CONTEXT(2) 
PARAMETRIC_REPRESENTATION_CONTEXT() REPRESENTATION_CONTEXT('2D SPACE',''
  ) );
#5497 = ORIENTED_EDGE('',*,*,#5498,.T.);
#5498 = EDGE_CURVE('',#5476,#5423,#5499,.T.);
#5499 = SURFACE_CURVE('',#5500,(#5504,#5511),.PCURVE_S1.);
#5500 = LINE('',#5501,#5502);
#5501 = CARTESIAN_POINT('',(81.725,31.0052,17.05));
#5502 = VECTOR('',#5503,1.);
#5503 = DIRECTION('',(1.,0.,0.));
#5504 = PCURVE('',#4849,#5505);
#5505 = DEFINITIONAL_REPRESENTATION('',(#5506),#5510);
#5506 = LINE('',#5507,#5508);
#5507 = CARTESIAN_POINT('',(-44.975,27.1348));
#5508 = VECTOR('',#5509,1.);
#5509 = DIRECTION('',(1.,-0.));
#5510 = ( GEOMETRIC_REPRESENTATION_CONTEXT(2) 
PARAMETRIC_REPRESENTATION_CONTEXT() REPRESENTATION_CONTEXT('2D SPACE',''
  ) );
#5511 = PCURVE('',#4598,#5512);
#5512 = DEFINITIONAL_REPRESENTATION('',(#5513),#5517);
#5513 = LINE('',#5514,#5515);
#5514 = CARTESIAN_POINT('',(-2.5,-44.975));
#5515 = VECTOR('',#5516,1.);
#5516 = DIRECTION('',(-0.,-1.));
#5517 = ( GEOMETRIC_REPRESENTATION_CONTEXT(2) 
PARAMETRIC_REPRESENTATION_CONTEXT() REPRESENTATION_CONTEXT('2D SPACE',''
  ) );
#5518 = FACE_BOUND('',#5519,.F.);
#5519 = EDGE_LOOP('',(#5520));
#5520 = ORIENTED_EDGE('',*,*,#5521,.F.);
#5521 = EDGE_CURVE('',#5522,#5522,#5524,.T.);
#5522 = VERTEX_POINT('',#5523);
#5523 = CARTESIAN_POINT('',(18.8,6.8,17.05));
#5524 = SURFACE_CURVE('',#5525,(#5530,#5541),.PCURVE_S1.);
#5525 = CIRCLE('',#5526,2.);
#5526 = AXIS2_PLACEMENT_3D('',#5527,#5528,#5529);
#5527 = CARTESIAN_POINT('',(20.8,6.8,17.05));
#5528 = DIRECTION('',(0.,1.224646799147E-16,1.));
#5529 = DIRECTION('',(-1.,0.,0.));
#5530 = PCURVE('',#4849,#5531);
#5531 = DEFINITIONAL_REPRESENTATION('',(#5532),#5540);
#5532 = ( BOUNDED_CURVE() B_SPLINE_CURVE(2,(#5533,#5534,#5535,#5536,
#5537,#5538,#5539),.UNSPECIFIED.,.T.,.F.) B_SPLINE_CURVE_WITH_KNOTS((1,2
    ,2,2,2,1),(-2.094395102393,0.,2.094395102393,4.188790204786,
6.28318530718,8.377580409573),.UNSPECIFIED.) CURVE() 
GEOMETRIC_REPRESENTATION_ITEM() RATIONAL_B_SPLINE_CURVE((1.,0.5,1.,0.5,
1.,0.5,1.)) REPRESENTATION_ITEM('') );
#5533 = CARTESIAN_POINT('',(-107.9,51.34));
#5534 = CARTESIAN_POINT('',(-107.9,54.804101615138));
#5535 = CARTESIAN_POINT('',(-104.9,53.072050807569));
#5536 = CARTESIAN_POINT('',(-101.9,51.34));
#5537 = CARTESIAN_POINT('',(-104.9,49.607949192431));
#5538 = CARTESIAN_POINT('',(-107.9,47.875898384862));
#5539 = CARTESIAN_POINT('',(-107.9,51.34));
#5540 = ( GEOMETRIC_REPRESENTATION_CONTEXT(2) 
PARAMETRIC_REPRESENTATION_CONTEXT() REPRESENTATION_CONTEXT('2D SPACE',''
  ) );
#5541 = PCURVE('',#5542,#5547);
#5542 = CYLINDRICAL_SURFACE('',#5543,2.);
#5543 = AXIS2_PLACEMENT_3D('',#5544,#5545,#5546);
#5544 = CARTESIAN_POINT('',(20.8,6.8,17.05));
#5545 = DIRECTION('',(0.,1.224646799147E-16,1.));
#5546 = DIRECTION('',(-1.,0.,0.));
#5547 = DEFINITIONAL_REPRESENTATION('',(#5548),#5552);
#5548 = LINE('',#5549,#5550);
#5549 = CARTESIAN_POINT('',(0.,0.));
#5550 = VECTOR('',#5551,1.);
#5551 = DIRECTION('',(1.,0.));
#5552 = ( GEOMETRIC_REPRESENTATION_CONTEXT(2) 
PARAMETRIC_REPRESENTATION_CONTEXT() REPRESENTATION_CONTEXT('2D SPACE',''
  ) );
#5553 = FACE_BOUND('',#5554,.F.);
#5554 = EDGE_LOOP('',(#5555));
#5555 = ORIENTED_EDGE('',*,*,#4832,.T.);
#5556 = ADVANCED_FACE('',(#5557),#5542,.T.);
#5557 = FACE_BOUND('',#5558,.T.);
#5558 = EDGE_LOOP('',(#5559,#5582,#5613,#5614));
#5559 = ORIENTED_EDGE('',*,*,#5560,.T.);
#5560 = EDGE_CURVE('',#5522,#5561,#5563,.T.);
#5561 = VERTEX_POINT('',#5562);
#5562 = CARTESIAN_POINT('',(18.8,6.8,7.25));
#5563 = SEAM_CURVE('',#5564,(#5568,#5575),.PCURVE_S1.);
#5564 = LINE('',#5565,#5566);
#5565 = CARTESIAN_POINT('',(18.8,6.8,17.05));
#5566 = VECTOR('',#5567,1.);
#5567 = DIRECTION('',(0.,-1.224646799147E-16,-1.));
#5568 = PCURVE('',#5542,#5569);
#5569 = DEFINITIONAL_REPRESENTATION('',(#5570),#5574);
#5570 = LINE('',#5571,#5572);
#5571 = CARTESIAN_POINT('',(0.,0.));
#5572 = VECTOR('',#5573,1.);
#5573 = DIRECTION('',(0.,-1.));
#5574 = ( GEOMETRIC_REPRESENTATION_CONTEXT(2) 
PARAMETRIC_REPRESENTATION_CONTEXT() REPRESENTATION_CONTEXT('2D SPACE',''
  ) );
#5575 = PCURVE('',#5542,#5576);
#5576 = DEFINITIONAL_REPRESENTATION('',(#5577),#5581);
#5577 = LINE('',#5578,#5579);
#5578 = CARTESIAN_POINT('',(6.28318530718,0.));
#5579 = VECTOR('',#5580,1.);
#5580 = DIRECTION('',(0.,-1.));
#5581 = ( GEOMETRIC_REPRESENTATION_CONTEXT(2) 
PARAMETRIC_REPRESENTATION_CONTEXT() REPRESENTATION_CONTEXT('2D SPACE',''
  ) );
#5582 = ORIENTED_EDGE('',*,*,#5583,.T.);
#5583 = EDGE_CURVE('',#5561,#5561,#5584,.T.);
#5584 = SURFACE_CURVE('',#5585,(#5590,#5597),.PCURVE_S1.);
#5585 = CIRCLE('',#5586,2.);
#5586 = AXIS2_PLACEMENT_3D('',#5587,#5588,#5589);
#5587 = CARTESIAN_POINT('',(20.8,6.8,7.25));
#5588 = DIRECTION('',(0.,1.224646799147E-16,1.));
#5589 = DIRECTION('',(-1.,0.,0.));
#5590 = PCURVE('',#5542,#5591);
#5591 = DEFINITIONAL_REPRESENTATION('',(#5592),#5596);
#5592 = LINE('',#5593,#5594);
#5593 = CARTESIAN_POINT('',(0.,-9.8));
#5594 = VECTOR('',#5595,1.);
#5595 = DIRECTION('',(1.,0.));
#5596 = ( GEOMETRIC_REPRESENTATION_CONTEXT(2) 
PARAMETRIC_REPRESENTATION_CONTEXT() REPRESENTATION_CONTEXT('2D SPACE',''
  ) );
#5597 = PCURVE('',#5598,#5603);
#5598 = PLANE('',#5599);
#5599 = AXIS2_PLACEMENT_3D('',#5600,#5601,#5602);
#5600 = CARTESIAN_POINT('',(20.8,6.8,7.25));
#5601 = DIRECTION('',(0.,-1.224646799147E-16,-1.));
#5602 = DIRECTION('',(1.,-0.,-0.));
#5603 = DEFINITIONAL_REPRESENTATION('',(#5604),#5612);
#5604 = ( BOUNDED_CURVE() B_SPLINE_CURVE(2,(#5605,#5606,#5607,#5608,
#5609,#5610,#5611),.UNSPECIFIED.,.T.,.F.) B_SPLINE_CURVE_WITH_KNOTS((1,2
    ,2,2,2,1),(-2.094395102393,0.,2.094395102393,4.188790204786,
6.28318530718,8.377580409573),.UNSPECIFIED.) CURVE() 
GEOMETRIC_REPRESENTATION_ITEM() RATIONAL_B_SPLINE_CURVE((1.,0.5,1.,0.5,
1.,0.5,1.)) REPRESENTATION_ITEM('') );
#5605 = CARTESIAN_POINT('',(-2.,0.));
#5606 = CARTESIAN_POINT('',(-2.,3.464101615138));
#5607 = CARTESIAN_POINT('',(1.,1.732050807569));
#5608 = CARTESIAN_POINT('',(4.,4.898587196589E-16));
#5609 = CARTESIAN_POINT('',(1.,-1.732050807569));
#5610 = CARTESIAN_POINT('',(-2.,-3.464101615138));
#5611 = CARTESIAN_POINT('',(-2.,0.));
#5612 = ( GEOMETRIC_REPRESENTATION_CONTEXT(2) 
PARAMETRIC_REPRESENTATION_CONTEXT() REPRESENTATION_CONTEXT('2D SPACE',''
  ) );
#5613 = ORIENTED_EDGE('',*,*,#5560,.F.);
#5614 = ORIENTED_EDGE('',*,*,#5521,.F.);
#5615 = ADVANCED_FACE('',(#5616),#5598,.T.);
#5616 = FACE_BOUND('',#5617,.F.);
#5617 = EDGE_LOOP('',(#5618));
#5618 = ORIENTED_EDGE('',*,*,#5583,.T.);
#5619 = ADVANCED_FACE('',(#5620),#5408,.T.);
#5620 = FACE_BOUND('',#5621,.T.);
#5621 = EDGE_LOOP('',(#5622,#5645,#5676,#5677));
#5622 = ORIENTED_EDGE('',*,*,#5623,.T.);
#5623 = EDGE_CURVE('',#5388,#5624,#5626,.T.);
#5624 = VERTEX_POINT('',#5625);
#5625 = CARTESIAN_POINT('',(111.3,6.8,7.25));
#5626 = SEAM_CURVE('',#5627,(#5631,#5638),.PCURVE_S1.);
#5627 = LINE('',#5628,#5629);
#5628 = CARTESIAN_POINT('',(111.3,6.8,17.05));
#5629 = VECTOR('',#5630,1.);
#5630 = DIRECTION('',(0.,-1.224646799147E-16,-1.));
#5631 = PCURVE('',#5408,#5632);
#5632 = DEFINITIONAL_REPRESENTATION('',(#5633),#5637);
#5633 = LINE('',#5634,#5635);
#5634 = CARTESIAN_POINT('',(0.,0.));
#5635 = VECTOR('',#5636,1.);
#5636 = DIRECTION('',(0.,-1.));
#5637 = ( GEOMETRIC_REPRESENTATION_CONTEXT(2) 
PARAMETRIC_REPRESENTATION_CONTEXT() REPRESENTATION_CONTEXT('2D SPACE',''
  ) );
#5638 = PCURVE('',#5408,#5639);
#5639 = DEFINITIONAL_REPRESENTATION('',(#5640),#5644);
#5640 = LINE('',#5641,#5642);
#5641 = CARTESIAN_POINT('',(6.28318530718,0.));
#5642 = VECTOR('',#5643,1.);
#5643 = DIRECTION('',(0.,-1.));
#5644 = ( GEOMETRIC_REPRESENTATION_CONTEXT(2) 
PARAMETRIC_REPRESENTATION_CONTEXT() REPRESENTATION_CONTEXT('2D SPACE',''
  ) );
#5645 = ORIENTED_EDGE('',*,*,#5646,.T.);
#5646 = EDGE_CURVE('',#5624,#5624,#5647,.T.);
#5647 = SURFACE_CURVE('',#5648,(#5653,#5660),.PCURVE_S1.);
#5648 = CIRCLE('',#5649,2.);
#5649 = AXIS2_PLACEMENT_3D('',#5650,#5651,#5652);
#5650 = CARTESIAN_POINT('',(113.3,6.8,7.25));
#5651 = DIRECTION('',(0.,1.224646799147E-16,1.));
#5652 = DIRECTION('',(-1.,0.,0.));
#5653 = PCURVE('',#5408,#5654);
#5654 = DEFINITIONAL_REPRESENTATION('',(#5655),#5659);
#5655 = LINE('',#5656,#5657);
#5656 = CARTESIAN_POINT('',(0.,-9.8));
#5657 = VECTOR('',#5658,1.);
#5658 = DIRECTION('',(1.,0.));
#5659 = ( GEOMETRIC_REPRESENTATION_CONTEXT(2) 
PARAMETRIC_REPRESENTATION_CONTEXT() REPRESENTATION_CONTEXT('2D SPACE',''
  ) );
#5660 = PCURVE('',#5661,#5666);
#5661 = PLANE('',#5662);
#5662 = AXIS2_PLACEMENT_3D('',#5663,#5664,#5665);
#5663 = CARTESIAN_POINT('',(113.3,6.8,7.25));
#5664 = DIRECTION('',(0.,-1.224646799147E-16,-1.));
#5665 = DIRECTION('',(1.,-0.,-0.));
#5666 = DEFINITIONAL_REPRESENTATION('',(#5667),#5675);
#5667 = ( BOUNDED_CURVE() B_SPLINE_CURVE(2,(#5668,#5669,#5670,#5671,
#5672,#5673,#5674),.UNSPECIFIED.,.T.,.F.) B_SPLINE_CURVE_WITH_KNOTS((1,2
    ,2,2,2,1),(-2.094395102393,0.,2.094395102393,4.188790204786,
6.28318530718,8.377580409573),.UNSPECIFIED.) CURVE() 
GEOMETRIC_REPRESENTATION_ITEM() RATIONAL_B_SPLINE_CURVE((1.,0.5,1.,0.5,
1.,0.5,1.)) REPRESENTATION_ITEM('') );
#5668 = CARTESIAN_POINT('',(-2.,0.));
#5669 = CARTESIAN_POINT('',(-2.,3.464101615138));
#5670 = CARTESIAN_POINT('',(1.,1.732050807569));
#5671 = CARTESIAN_POINT('',(4.,4.898587196589E-16));
#5672 = CARTESIAN_POINT('',(1.,-1.732050807569));
#5673 = CARTESIAN_POINT('',(-2.,-3.464101615138));
#5674 = CARTESIAN_POINT('',(-2.,0.));
#5675 = ( GEOMETRIC_REPRESENTATION_CONTEXT(2) 
PARAMETRIC_REPRESENTATION_CONTEXT() REPRESENTATION_CONTEXT('2D SPACE',''
  ) );
#5676 = ORIENTED_EDGE('',*,*,#5623,.F.);
#5677 = ORIENTED_EDGE('',*,*,#5387,.F.);
#5678 = ADVANCED_FACE('',(#5679),#5661,.T.);
#5679 = FACE_BOUND('',#5680,.F.);
#5680 = EDGE_LOOP('',(#5681));
#5681 = ORIENTED_EDGE('',*,*,#5646,.T.);
#5682 = ADVANCED_FACE('',(#5683),#5373,.T.);
#5683 = FACE_BOUND('',#5684,.T.);
#5684 = EDGE_LOOP('',(#5685,#5686,#5709,#5740));
#5685 = ORIENTED_EDGE('',*,*,#5356,.T.);
#5686 = ORIENTED_EDGE('',*,*,#5687,.T.);
#5687 = EDGE_CURVE('',#5357,#5688,#5690,.T.);
#5688 = VERTEX_POINT('',#5689);
#5689 = CARTESIAN_POINT('',(118.95,7.4,7.05));
#5690 = SEAM_CURVE('',#5691,(#5695,#5702),.PCURVE_S1.);
#5691 = LINE('',#5692,#5693);
#5692 = CARTESIAN_POINT('',(118.95,7.4,19.05));
#5693 = VECTOR('',#5694,1.);
#5694 = DIRECTION('',(0.,-1.224646799147E-16,-1.));
#5695 = PCURVE('',#5373,#5696);
#5696 = DEFINITIONAL_REPRESENTATION('',(#5697),#5701);
#5697 = LINE('',#5698,#5699);
#5698 = CARTESIAN_POINT('',(6.28318530718,0.));
#5699 = VECTOR('',#5700,1.);
#5700 = DIRECTION('',(0.,-1.));
#5701 = ( GEOMETRIC_REPRESENTATION_CONTEXT(2) 
PARAMETRIC_REPRESENTATION_CONTEXT() REPRESENTATION_CONTEXT('2D SPACE',''
  ) );
#5702 = PCURVE('',#5373,#5703);
#5703 = DEFINITIONAL_REPRESENTATION('',(#5704),#5708);
#5704 = LINE('',#5705,#5706);
#5705 = CARTESIAN_POINT('',(0.,0.));
#5706 = VECTOR('',#5707,1.);
#5707 = DIRECTION('',(0.,-1.));
#5708 = ( GEOMETRIC_REPRESENTATION_CONTEXT(2) 
PARAMETRIC_REPRESENTATION_CONTEXT() REPRESENTATION_CONTEXT('2D SPACE',''
  ) );
#5709 = ORIENTED_EDGE('',*,*,#5710,.T.);
#5710 = EDGE_CURVE('',#5688,#5688,#5711,.T.);
#5711 = SURFACE_CURVE('',#5712,(#5717,#5724),.PCURVE_S1.);
#5712 = CIRCLE('',#5713,3.25);
#5713 = AXIS2_PLACEMENT_3D('',#5714,#5715,#5716);
#5714 = CARTESIAN_POINT('',(122.2,7.4,7.05));
#5715 = DIRECTION('',(0.,1.224646799147E-16,1.));
#5716 = DIRECTION('',(-1.,0.,0.));
#5717 = PCURVE('',#5373,#5718);
#5718 = DEFINITIONAL_REPRESENTATION('',(#5719),#5723);
#5719 = LINE('',#5720,#5721);
#5720 = CARTESIAN_POINT('',(0.,-12.));
#5721 = VECTOR('',#5722,1.);
#5722 = DIRECTION('',(1.,0.));
#5723 = ( GEOMETRIC_REPRESENTATION_CONTEXT(2) 
PARAMETRIC_REPRESENTATION_CONTEXT() REPRESENTATION_CONTEXT('2D SPACE',''
  ) );
#5724 = PCURVE('',#5725,#5730);
#5725 = PLANE('',#5726);
#5726 = AXIS2_PLACEMENT_3D('',#5727,#5728,#5729);
#5727 = CARTESIAN_POINT('',(122.2,7.4,7.05));
#5728 = DIRECTION('',(0.,-1.224646799147E-16,-1.));
#5729 = DIRECTION('',(1.,-0.,-0.));
#5730 = DEFINITIONAL_REPRESENTATION('',(#5731),#5739);
#5731 = ( BOUNDED_CURVE() B_SPLINE_CURVE(2,(#5732,#5733,#5734,#5735,
#5736,#5737,#5738),.UNSPECIFIED.,.T.,.F.) B_SPLINE_CURVE_WITH_KNOTS((1,2
    ,2,2,2,1),(-2.094395102393,0.,2.094395102393,4.188790204786,
6.28318530718,8.377580409573),.UNSPECIFIED.) CURVE() 
GEOMETRIC_REPRESENTATION_ITEM() RATIONAL_B_SPLINE_CURVE((1.,0.5,1.,0.5,
1.,0.5,1.)) REPRESENTATION_ITEM('') );
#5732 = CARTESIAN_POINT('',(-3.25,0.));
#5733 = CARTESIAN_POINT('',(-3.25,5.629165124599));
#5734 = CARTESIAN_POINT('',(1.625,2.814582562299));
#5735 = CARTESIAN_POINT('',(6.5,7.960204194458E-16));
#5736 = CARTESIAN_POINT('',(1.625,-2.814582562299));
#5737 = CARTESIAN_POINT('',(-3.25,-5.629165124599));
#5738 = CARTESIAN_POINT('',(-3.25,0.));
#5739 = ( GEOMETRIC_REPRESENTATION_CONTEXT(2) 
PARAMETRIC_REPRESENTATION_CONTEXT() REPRESENTATION_CONTEXT('2D SPACE',''
  ) );
#5740 = ORIENTED_EDGE('',*,*,#5687,.F.);
#5741 = ADVANCED_FACE('',(#5742,#5745),#5725,.T.);
#5742 = FACE_BOUND('',#5743,.F.);
#5743 = EDGE_LOOP('',(#5744));
#5744 = ORIENTED_EDGE('',*,*,#5710,.T.);
#5745 = FACE_BOUND('',#5746,.F.);
#5746 = EDGE_LOOP('',(#5747));
#5747 = ORIENTED_EDGE('',*,*,#5748,.T.);
#5748 = EDGE_CURVE('',#5749,#5749,#5751,.T.);
#5749 = VERTEX_POINT('',#5750);
#5750 = CARTESIAN_POINT('',(120.5,7.4,7.05));
#5751 = SURFACE_CURVE('',#5752,(#5757,#5764),.PCURVE_S1.);
#5752 = CIRCLE('',#5753,1.7);
#5753 = AXIS2_PLACEMENT_3D('',#5754,#5755,#5756);
#5754 = CARTESIAN_POINT('',(122.2,7.4,7.05));
#5755 = DIRECTION('',(-0.,-1.224646799147E-16,-1.));
#5756 = DIRECTION('',(-1.,0.,0.));
#5757 = PCURVE('',#5725,#5758);
#5758 = DEFINITIONAL_REPRESENTATION('',(#5759),#5763);
#5759 = CIRCLE('',#5760,1.7);
#5760 = AXIS2_PLACEMENT_2D('',#5761,#5762);
#5761 = CARTESIAN_POINT('',(0.,0.));
#5762 = DIRECTION('',(-1.,0.));
#5763 = ( GEOMETRIC_REPRESENTATION_CONTEXT(2) 
PARAMETRIC_REPRESENTATION_CONTEXT() REPRESENTATION_CONTEXT('2D SPACE',''
  ) );
#5764 = PCURVE('',#5765,#5770);
#5765 = CYLINDRICAL_SURFACE('',#5766,1.7);
#5766 = AXIS2_PLACEMENT_3D('',#5767,#5768,#5769);
#5767 = CARTESIAN_POINT('',(122.2,7.4,19.55));
#5768 = DIRECTION('',(0.,1.224646799147E-16,1.));
#5769 = DIRECTION('',(-1.,0.,0.));
#5770 = DEFINITIONAL_REPRESENTATION('',(#5771),#5775);
#5771 = LINE('',#5772,#5773);
#5772 = CARTESIAN_POINT('',(6.28318530718,-12.5));
#5773 = VECTOR('',#5774,1.);
#5774 = DIRECTION('',(-1.,0.));
#5775 = ( GEOMETRIC_REPRESENTATION_CONTEXT(2) 
PARAMETRIC_REPRESENTATION_CONTEXT() REPRESENTATION_CONTEXT('2D SPACE',''
  ) );
#5776 = ADVANCED_FACE('',(#5777),#5765,.F.);
#5777 = FACE_BOUND('',#5778,.F.);
#5778 = EDGE_LOOP('',(#5779,#5808,#5829,#5830));
#5779 = ORIENTED_EDGE('',*,*,#5780,.T.);
#5780 = EDGE_CURVE('',#5781,#5781,#5783,.T.);
#5781 = VERTEX_POINT('',#5782);
#5782 = CARTESIAN_POINT('',(120.5,7.4,17.06));
#5783 = SURFACE_CURVE('',#5784,(#5789,#5796),.PCURVE_S1.);
#5784 = CIRCLE('',#5785,1.7);
#5785 = AXIS2_PLACEMENT_3D('',#5786,#5787,#5788);
#5786 = CARTESIAN_POINT('',(122.2,7.4,17.06));
#5787 = DIRECTION('',(-0.,-1.224646799147E-16,-1.));
#5788 = DIRECTION('',(-1.,0.,0.));
#5789 = PCURVE('',#5765,#5790);
#5790 = DEFINITIONAL_REPRESENTATION('',(#5791),#5795);
#5791 = LINE('',#5792,#5793);
#5792 = CARTESIAN_POINT('',(6.28318530718,-2.49));
#5793 = VECTOR('',#5794,1.);
#5794 = DIRECTION('',(-1.,0.));
#5795 = ( GEOMETRIC_REPRESENTATION_CONTEXT(2) 
PARAMETRIC_REPRESENTATION_CONTEXT() REPRESENTATION_CONTEXT('2D SPACE',''
  ) );
#5796 = PCURVE('',#5797,#5802);
#5797 = PLANE('',#5798);
#5798 = AXIS2_PLACEMENT_3D('',#5799,#5800,#5801);
#5799 = CARTESIAN_POINT('',(122.2,7.4,17.06));
#5800 = DIRECTION('',(0.,-1.224646799147E-16,-1.));
#5801 = DIRECTION('',(1.,-0.,-0.));
#5802 = DEFINITIONAL_REPRESENTATION('',(#5803),#5807);
#5803 = CIRCLE('',#5804,1.7);
#5804 = AXIS2_PLACEMENT_2D('',#5805,#5806);
#5805 = CARTESIAN_POINT('',(0.,0.));
#5806 = DIRECTION('',(-1.,0.));
#5807 = ( GEOMETRIC_REPRESENTATION_CONTEXT(2) 
PARAMETRIC_REPRESENTATION_CONTEXT() REPRESENTATION_CONTEXT('2D SPACE',''
  ) );
#5808 = ORIENTED_EDGE('',*,*,#5809,.T.);
#5809 = EDGE_CURVE('',#5781,#5749,#5810,.T.);
#5810 = SEAM_CURVE('',#5811,(#5815,#5822),.PCURVE_S1.);
#5811 = LINE('',#5812,#5813);
#5812 = CARTESIAN_POINT('',(120.5,7.4,19.55));
#5813 = VECTOR('',#5814,1.);
#5814 = DIRECTION('',(0.,-1.224646799147E-16,-1.));
#5815 = PCURVE('',#5765,#5816);
#5816 = DEFINITIONAL_REPRESENTATION('',(#5817),#5821);
#5817 = LINE('',#5818,#5819);
#5818 = CARTESIAN_POINT('',(6.28318530718,0.));
#5819 = VECTOR('',#5820,1.);
#5820 = DIRECTION('',(0.,-1.));
#5821 = ( GEOMETRIC_REPRESENTATION_CONTEXT(2) 
PARAMETRIC_REPRESENTATION_CONTEXT() REPRESENTATION_CONTEXT('2D SPACE',''
  ) );
#5822 = PCURVE('',#5765,#5823);
#5823 = DEFINITIONAL_REPRESENTATION('',(#5824),#5828);
#5824 = LINE('',#5825,#5826);
#5825 = CARTESIAN_POINT('',(0.,0.));
#5826 = VECTOR('',#5827,1.);
#5827 = DIRECTION('',(0.,-1.));
#5828 = ( GEOMETRIC_REPRESENTATION_CONTEXT(2) 
PARAMETRIC_REPRESENTATION_CONTEXT() REPRESENTATION_CONTEXT('2D SPACE',''
  ) );
#5829 = ORIENTED_EDGE('',*,*,#5748,.F.);
#5830 = ORIENTED_EDGE('',*,*,#5809,.F.);
#5831 = ADVANCED_FACE('',(#5832,#5862),#5797,.F.);
#5832 = FACE_BOUND('',#5833,.T.);
#5833 = EDGE_LOOP('',(#5834));
#5834 = ORIENTED_EDGE('',*,*,#5835,.T.);
#5835 = EDGE_CURVE('',#5836,#5836,#5838,.T.);
#5836 = VERTEX_POINT('',#5837);
#5837 = CARTESIAN_POINT('',(119.,7.4,17.06));
#5838 = SURFACE_CURVE('',#5839,(#5844,#5855),.PCURVE_S1.);
#5839 = CIRCLE('',#5840,3.2);
#5840 = AXIS2_PLACEMENT_3D('',#5841,#5842,#5843);
#5841 = CARTESIAN_POINT('',(122.2,7.4,17.06));
#5842 = DIRECTION('',(0.,1.224646799147E-16,1.));
#5843 = DIRECTION('',(-1.,0.,0.));
#5844 = PCURVE('',#5797,#5845);
#5845 = DEFINITIONAL_REPRESENTATION('',(#5846),#5854);
#5846 = ( BOUNDED_CURVE() B_SPLINE_CURVE(2,(#5847,#5848,#5849,#5850,
#5851,#5852,#5853),.UNSPECIFIED.,.T.,.F.) B_SPLINE_CURVE_WITH_KNOTS((1,2
    ,2,2,2,1),(-2.094395102393,0.,2.094395102393,4.188790204786,
6.28318530718,8.377580409573),.UNSPECIFIED.) CURVE() 
GEOMETRIC_REPRESENTATION_ITEM() RATIONAL_B_SPLINE_CURVE((1.,0.5,1.,0.5,
1.,0.5,1.)) REPRESENTATION_ITEM('') );
#5847 = CARTESIAN_POINT('',(-3.2,0.));
#5848 = CARTESIAN_POINT('',(-3.2,5.54256258422));
#5849 = CARTESIAN_POINT('',(1.6,2.77128129211));
#5850 = CARTESIAN_POINT('',(6.4,7.837739514543E-16));
#5851 = CARTESIAN_POINT('',(1.6,-2.77128129211));
#5852 = CARTESIAN_POINT('',(-3.2,-5.54256258422));
#5853 = CARTESIAN_POINT('',(-3.2,0.));
#5854 = ( GEOMETRIC_REPRESENTATION_CONTEXT(2) 
PARAMETRIC_REPRESENTATION_CONTEXT() REPRESENTATION_CONTEXT('2D SPACE',''
  ) );
#5855 = PCURVE('',#4479,#5856);
#5856 = DEFINITIONAL_REPRESENTATION('',(#5857),#5861);
#5857 = LINE('',#5858,#5859);
#5858 = CARTESIAN_POINT('',(0.,-2.));
#5859 = VECTOR('',#5860,1.);
#5860 = DIRECTION('',(1.,0.));
#5861 = ( GEOMETRIC_REPRESENTATION_CONTEXT(2) 
PARAMETRIC_REPRESENTATION_CONTEXT() REPRESENTATION_CONTEXT('2D SPACE',''
  ) );
#5862 = FACE_BOUND('',#5863,.T.);
#5863 = EDGE_LOOP('',(#5864));
#5864 = ORIENTED_EDGE('',*,*,#5780,.T.);
#5865 = ADVANCED_FACE('',(#5866),#5243,.T.);
#5866 = FACE_BOUND('',#5867,.T.);
#5867 = EDGE_LOOP('',(#5868,#5869,#5892,#5923));
#5868 = ORIENTED_EDGE('',*,*,#5226,.T.);
#5869 = ORIENTED_EDGE('',*,*,#5870,.T.);
#5870 = EDGE_CURVE('',#5227,#5871,#5873,.T.);
#5871 = VERTEX_POINT('',#5872);
#5872 = CARTESIAN_POINT('',(6.15,53.14,7.05));
#5873 = SEAM_CURVE('',#5874,(#5878,#5885),.PCURVE_S1.);
#5874 = LINE('',#5875,#5876);
#5875 = CARTESIAN_POINT('',(6.15,53.14,19.05));
#5876 = VECTOR('',#5877,1.);
#5877 = DIRECTION('',(0.,-1.224646799147E-16,-1.));
#5878 = PCURVE('',#5243,#5879);
#5879 = DEFINITIONAL_REPRESENTATION('',(#5880),#5884);
#5880 = LINE('',#5881,#5882);
#5881 = CARTESIAN_POINT('',(6.28318530718,0.));
#5882 = VECTOR('',#5883,1.);
#5883 = DIRECTION('',(0.,-1.));
#5884 = ( GEOMETRIC_REPRESENTATION_CONTEXT(2) 
PARAMETRIC_REPRESENTATION_CONTEXT() REPRESENTATION_CONTEXT('2D SPACE',''
  ) );
#5885 = PCURVE('',#5243,#5886);
#5886 = DEFINITIONAL_REPRESENTATION('',(#5887),#5891);
#5887 = LINE('',#5888,#5889);
#5888 = CARTESIAN_POINT('',(0.,0.));
#5889 = VECTOR('',#5890,1.);
#5890 = DIRECTION('',(0.,-1.));
#5891 = ( GEOMETRIC_REPRESENTATION_CONTEXT(2) 
PARAMETRIC_REPRESENTATION_CONTEXT() REPRESENTATION_CONTEXT('2D SPACE',''
  ) );
#5892 = ORIENTED_EDGE('',*,*,#5893,.T.);
#5893 = EDGE_CURVE('',#5871,#5871,#5894,.T.);
#5894 = SURFACE_CURVE('',#5895,(#5900,#5907),.PCURVE_S1.);
#5895 = CIRCLE('',#5896,3.25);
#5896 = AXIS2_PLACEMENT_3D('',#5897,#5898,#5899);
#5897 = CARTESIAN_POINT('',(9.4,53.14,7.05));
#5898 = DIRECTION('',(0.,1.224646799147E-16,1.));
#5899 = DIRECTION('',(-1.,0.,0.));
#5900 = PCURVE('',#5243,#5901);
#5901 = DEFINITIONAL_REPRESENTATION('',(#5902),#5906);
#5902 = LINE('',#5903,#5904);
#5903 = CARTESIAN_POINT('',(0.,-12.));
#5904 = VECTOR('',#5905,1.);
#5905 = DIRECTION('',(1.,0.));
#5906 = ( GEOMETRIC_REPRESENTATION_CONTEXT(2) 
PARAMETRIC_REPRESENTATION_CONTEXT() REPRESENTATION_CONTEXT('2D SPACE',''
  ) );
#5907 = PCURVE('',#5908,#5913);
#5908 = PLANE('',#5909);
#5909 = AXIS2_PLACEMENT_3D('',#5910,#5911,#5912);
#5910 = CARTESIAN_POINT('',(9.4,53.14,7.05));
#5911 = DIRECTION('',(0.,-1.224646799147E-16,-1.));
#5912 = DIRECTION('',(1.,-0.,-0.));
#5913 = DEFINITIONAL_REPRESENTATION('',(#5914),#5922);
#5914 = ( BOUNDED_CURVE() B_SPLINE_CURVE(2,(#5915,#5916,#5917,#5918,
#5919,#5920,#5921),.UNSPECIFIED.,.T.,.F.) B_SPLINE_CURVE_WITH_KNOTS((1,2
    ,2,2,2,1),(-2.094395102393,0.,2.094395102393,4.188790204786,
6.28318530718,8.377580409573),.UNSPECIFIED.) CURVE() 
GEOMETRIC_REPRESENTATION_ITEM() RATIONAL_B_SPLINE_CURVE((1.,0.5,1.,0.5,
1.,0.5,1.)) REPRESENTATION_ITEM('') );
#5915 = CARTESIAN_POINT('',(-3.25,0.));
#5916 = CARTESIAN_POINT('',(-3.25,5.629165124599));
#5917 = CARTESIAN_POINT('',(1.625,2.814582562299));
#5918 = CARTESIAN_POINT('',(6.5,7.960204194458E-16));
#5919 = CARTESIAN_POINT('',(1.625,-2.814582562299));
#5920 = CARTESIAN_POINT('',(-3.25,-5.629165124599));
#5921 = CARTESIAN_POINT('',(-3.25,0.));
#5922 = ( GEOMETRIC_REPRESENTATION_CONTEXT(2) 
PARAMETRIC_REPRESENTATION_CONTEXT() REPRESENTATION_CONTEXT('2D SPACE',''
  ) );
#5923 = ORIENTED_EDGE('',*,*,#5870,.F.);
#5924 = ADVANCED_FACE('',(#5925,#5928),#5908,.T.);
#5925 = FACE_BOUND('',#5926,.F.);
#5926 = EDGE_LOOP('',(#5927));
#5927 = ORIENTED_EDGE('',*,*,#5893,.T.);
#5928 = FACE_BOUND('',#5929,.F.);
#5929 = EDGE_LOOP('',(#5930));
#5930 = ORIENTED_EDGE('',*,*,#5931,.T.);
#5931 = EDGE_CURVE('',#5932,#5932,#5934,.T.);
#5932 = VERTEX_POINT('',#5933);
#5933 = CARTESIAN_POINT('',(7.7,53.14,7.05));
#5934 = SURFACE_CURVE('',#5935,(#5940,#5947),.PCURVE_S1.);
#5935 = CIRCLE('',#5936,1.7);
#5936 = AXIS2_PLACEMENT_3D('',#5937,#5938,#5939);
#5937 = CARTESIAN_POINT('',(9.4,53.14,7.05));
#5938 = DIRECTION('',(-0.,-1.224646799147E-16,-1.));
#5939 = DIRECTION('',(-1.,0.,0.));
#5940 = PCURVE('',#5908,#5941);
#5941 = DEFINITIONAL_REPRESENTATION('',(#5942),#5946);
#5942 = CIRCLE('',#5943,1.7);
#5943 = AXIS2_PLACEMENT_2D('',#5944,#5945);
#5944 = CARTESIAN_POINT('',(0.,0.));
#5945 = DIRECTION('',(-1.,0.));
#5946 = ( GEOMETRIC_REPRESENTATION_CONTEXT(2) 
PARAMETRIC_REPRESENTATION_CONTEXT() REPRESENTATION_CONTEXT('2D SPACE',''
  ) );
#5947 = PCURVE('',#5948,#5953);
#5948 = CYLINDRICAL_SURFACE('',#5949,1.7);
#5949 = AXIS2_PLACEMENT_3D('',#5950,#5951,#5952);
#5950 = CARTESIAN_POINT('',(9.4,53.14,19.55));
#5951 = DIRECTION('',(0.,1.224646799147E-16,1.));
#5952 = DIRECTION('',(-1.,0.,0.));
#5953 = DEFINITIONAL_REPRESENTATION('',(#5954),#5958);
#5954 = LINE('',#5955,#5956);
#5955 = CARTESIAN_POINT('',(6.28318530718,-12.5));
#5956 = VECTOR('',#5957,1.);
#5957 = DIRECTION('',(-1.,0.));
#5958 = ( GEOMETRIC_REPRESENTATION_CONTEXT(2) 
PARAMETRIC_REPRESENTATION_CONTEXT() REPRESENTATION_CONTEXT('2D SPACE',''
  ) );
#5959 = ADVANCED_FACE('',(#5960),#5948,.F.);
#5960 = FACE_BOUND('',#5961,.F.);
#5961 = EDGE_LOOP('',(#5962,#5991,#6012,#6013));
#5962 = ORIENTED_EDGE('',*,*,#5963,.T.);
#5963 = EDGE_CURVE('',#5964,#5964,#5966,.T.);
#5964 = VERTEX_POINT('',#5965);
#5965 = CARTESIAN_POINT('',(7.7,53.14,17.06));
#5966 = SURFACE_CURVE('',#5967,(#5972,#5979),.PCURVE_S1.);
#5967 = CIRCLE('',#5968,1.7);
#5968 = AXIS2_PLACEMENT_3D('',#5969,#5970,#5971);
#5969 = CARTESIAN_POINT('',(9.4,53.14,17.06));
#5970 = DIRECTION('',(-0.,-1.224646799147E-16,-1.));
#5971 = DIRECTION('',(-1.,0.,0.));
#5972 = PCURVE('',#5948,#5973);
#5973 = DEFINITIONAL_REPRESENTATION('',(#5974),#5978);
#5974 = LINE('',#5975,#5976);
#5975 = CARTESIAN_POINT('',(6.28318530718,-2.49));
#5976 = VECTOR('',#5977,1.);
#5977 = DIRECTION('',(-1.,0.));
#5978 = ( GEOMETRIC_REPRESENTATION_CONTEXT(2) 
PARAMETRIC_REPRESENTATION_CONTEXT() REPRESENTATION_CONTEXT('2D SPACE',''
  ) );
#5979 = PCURVE('',#5980,#5985);
#5980 = PLANE('',#5981);
#5981 = AXIS2_PLACEMENT_3D('',#5982,#5983,#5984);
#5982 = CARTESIAN_POINT('',(9.4,53.14,17.06));
#5983 = DIRECTION('',(0.,-1.224646799147E-16,-1.));
#5984 = DIRECTION('',(1.,-0.,-0.));
#5985 = DEFINITIONAL_REPRESENTATION('',(#5986),#5990);
#5986 = CIRCLE('',#5987,1.7);
#5987 = AXIS2_PLACEMENT_2D('',#5988,#5989);
#5988 = CARTESIAN_POINT('',(0.,0.));
#5989 = DIRECTION('',(-1.,0.));
#5990 = ( GEOMETRIC_REPRESENTATION_CONTEXT(2) 
PARAMETRIC_REPRESENTATION_CONTEXT() REPRESENTATION_CONTEXT('2D SPACE',''
  ) );
#5991 = ORIENTED_EDGE('',*,*,#5992,.T.);
#5992 = EDGE_CURVE('',#5964,#5932,#5993,.T.);
#5993 = SEAM_CURVE('',#5994,(#5998,#6005),.PCURVE_S1.);
#5994 = LINE('',#5995,#5996);
#5995 = CARTESIAN_POINT('',(7.7,53.14,19.55));
#5996 = VECTOR('',#5997,1.);
#5997 = DIRECTION('',(0.,-1.224646799147E-16,-1.));
#5998 = PCURVE('',#5948,#5999);
#5999 = DEFINITIONAL_REPRESENTATION('',(#6000),#6004);
#6000 = LINE('',#6001,#6002);
#6001 = CARTESIAN_POINT('',(6.28318530718,0.));
#6002 = VECTOR('',#6003,1.);
#6003 = DIRECTION('',(0.,-1.));
#6004 = ( GEOMETRIC_REPRESENTATION_CONTEXT(2) 
PARAMETRIC_REPRESENTATION_CONTEXT() REPRESENTATION_CONTEXT('2D SPACE',''
  ) );
#6005 = PCURVE('',#5948,#6006);
#6006 = DEFINITIONAL_REPRESENTATION('',(#6007),#6011);
#6007 = LINE('',#6008,#6009);
#6008 = CARTESIAN_POINT('',(0.,0.));
#6009 = VECTOR('',#6010,1.);
#6010 = DIRECTION('',(0.,-1.));
#6011 = ( GEOMETRIC_REPRESENTATION_CONTEXT(2) 
PARAMETRIC_REPRESENTATION_CONTEXT() REPRESENTATION_CONTEXT('2D SPACE',''
  ) );
#6012 = ORIENTED_EDGE('',*,*,#5931,.F.);
#6013 = ORIENTED_EDGE('',*,*,#5992,.F.);
#6014 = ADVANCED_FACE('',(#6015,#6045),#5980,.F.);
#6015 = FACE_BOUND('',#6016,.T.);
#6016 = EDGE_LOOP('',(#6017));
#6017 = ORIENTED_EDGE('',*,*,#6018,.T.);
#6018 = EDGE_CURVE('',#6019,#6019,#6021,.T.);
#6019 = VERTEX_POINT('',#6020);
#6020 = CARTESIAN_POINT('',(6.2,53.14,17.06));
#6021 = SURFACE_CURVE('',#6022,(#6027,#6038),.PCURVE_S1.);
#6022 = CIRCLE('',#6023,3.2);
#6023 = AXIS2_PLACEMENT_3D('',#6024,#6025,#6026);
#6024 = CARTESIAN_POINT('',(9.4,53.14,17.06));
#6025 = DIRECTION('',(0.,1.224646799147E-16,1.));
#6026 = DIRECTION('',(-1.,0.,0.));
#6027 = PCURVE('',#5980,#6028);
#6028 = DEFINITIONAL_REPRESENTATION('',(#6029),#6037);
#6029 = ( BOUNDED_CURVE() B_SPLINE_CURVE(2,(#6030,#6031,#6032,#6033,
#6034,#6035,#6036),.UNSPECIFIED.,.T.,.F.) B_SPLINE_CURVE_WITH_KNOTS((1,2
    ,2,2,2,1),(-2.094395102393,0.,2.094395102393,4.188790204786,
6.28318530718,8.377580409573),.UNSPECIFIED.) CURVE() 
GEOMETRIC_REPRESENTATION_ITEM() RATIONAL_B_SPLINE_CURVE((1.,0.5,1.,0.5,
1.,0.5,1.)) REPRESENTATION_ITEM('') );
#6030 = CARTESIAN_POINT('',(-3.2,0.));
#6031 = CARTESIAN_POINT('',(-3.2,5.54256258422));
#6032 = CARTESIAN_POINT('',(1.6,2.77128129211));
#6033 = CARTESIAN_POINT('',(6.4,7.837739514543E-16));
#6034 = CARTESIAN_POINT('',(1.6,-2.77128129211));
#6035 = CARTESIAN_POINT('',(-3.2,-5.54256258422));
#6036 = CARTESIAN_POINT('',(-3.2,0.));
#6037 = ( GEOMETRIC_REPRESENTATION_CONTEXT(2) 
PARAMETRIC_REPRESENTATION_CONTEXT() REPRESENTATION_CONTEXT('2D SPACE',''
  ) );
#6038 = PCURVE('',#4329,#6039);
#6039 = DEFINITIONAL_REPRESENTATION('',(#6040),#6044);
#6040 = LINE('',#6041,#6042);
#6041 = CARTESIAN_POINT('',(0.,-2.));
#6042 = VECTOR('',#6043,1.);
#6043 = DIRECTION('',(1.,0.));
#6044 = ( GEOMETRIC_REPRESENTATION_CONTEXT(2) 
PARAMETRIC_REPRESENTATION_CONTEXT() REPRESENTATION_CONTEXT('2D SPACE',''
  ) );
#6045 = FACE_BOUND('',#6046,.T.);
#6046 = EDGE_LOOP('',(#6047));
#6047 = ORIENTED_EDGE('',*,*,#5963,.T.);
#6048 = ADVANCED_FACE('',(#6049),#5212,.T.);
#6049 = FACE_BOUND('',#6050,.T.);
#6050 = EDGE_LOOP('',(#6051,#6074,#6105,#6106));
#6051 = ORIENTED_EDGE('',*,*,#6052,.T.);
#6052 = EDGE_CURVE('',#5192,#6053,#6055,.T.);
#6053 = VERTEX_POINT('',#6054);
#6054 = CARTESIAN_POINT('',(18.8,53.74,7.25));
#6055 = SEAM_CURVE('',#6056,(#6060,#6067),.PCURVE_S1.);
#6056 = LINE('',#6057,#6058);
#6057 = CARTESIAN_POINT('',(18.8,53.74,17.05));
#6058 = VECTOR('',#6059,1.);
#6059 = DIRECTION('',(0.,-1.224646799147E-16,-1.));
#6060 = PCURVE('',#5212,#6061);
#6061 = DEFINITIONAL_REPRESENTATION('',(#6062),#6066);
#6062 = LINE('',#6063,#6064);
#6063 = CARTESIAN_POINT('',(0.,0.));
#6064 = VECTOR('',#6065,1.);
#6065 = DIRECTION('',(0.,-1.));
#6066 = ( GEOMETRIC_REPRESENTATION_CONTEXT(2) 
PARAMETRIC_REPRESENTATION_CONTEXT() REPRESENTATION_CONTEXT('2D SPACE',''
  ) );
#6067 = PCURVE('',#5212,#6068);
#6068 = DEFINITIONAL_REPRESENTATION('',(#6069),#6073);
#6069 = LINE('',#6070,#6071);
#6070 = CARTESIAN_POINT('',(6.28318530718,0.));
#6071 = VECTOR('',#6072,1.);
#6072 = DIRECTION('',(0.,-1.));
#6073 = ( GEOMETRIC_REPRESENTATION_CONTEXT(2) 
PARAMETRIC_REPRESENTATION_CONTEXT() REPRESENTATION_CONTEXT('2D SPACE',''
  ) );
#6074 = ORIENTED_EDGE('',*,*,#6075,.T.);
#6075 = EDGE_CURVE('',#6053,#6053,#6076,.T.);
#6076 = SURFACE_CURVE('',#6077,(#6082,#6089),.PCURVE_S1.);
#6077 = CIRCLE('',#6078,2.);
#6078 = AXIS2_PLACEMENT_3D('',#6079,#6080,#6081);
#6079 = CARTESIAN_POINT('',(20.8,53.74,7.25));
#6080 = DIRECTION('',(0.,1.224646799147E-16,1.));
#6081 = DIRECTION('',(-1.,0.,0.));
#6082 = PCURVE('',#5212,#6083);
#6083 = DEFINITIONAL_REPRESENTATION('',(#6084),#6088);
#6084 = LINE('',#6085,#6086);
#6085 = CARTESIAN_POINT('',(0.,-9.8));
#6086 = VECTOR('',#6087,1.);
#6087 = DIRECTION('',(1.,0.));
#6088 = ( GEOMETRIC_REPRESENTATION_CONTEXT(2) 
PARAMETRIC_REPRESENTATION_CONTEXT() REPRESENTATION_CONTEXT('2D SPACE',''
  ) );
#6089 = PCURVE('',#6090,#6095);
#6090 = PLANE('',#6091);
#6091 = AXIS2_PLACEMENT_3D('',#6092,#6093,#6094);
#6092 = CARTESIAN_POINT('',(20.8,53.74,7.25));
#6093 = DIRECTION('',(0.,-1.224646799147E-16,-1.));
#6094 = DIRECTION('',(1.,-0.,-0.));
#6095 = DEFINITIONAL_REPRESENTATION('',(#6096),#6104);
#6096 = ( BOUNDED_CURVE() B_SPLINE_CURVE(2,(#6097,#6098,#6099,#6100,
#6101,#6102,#6103),.UNSPECIFIED.,.T.,.F.) B_SPLINE_CURVE_WITH_KNOTS((1,2
    ,2,2,2,1),(-2.094395102393,0.,2.094395102393,4.188790204786,
6.28318530718,8.377580409573),.UNSPECIFIED.) CURVE() 
GEOMETRIC_REPRESENTATION_ITEM() RATIONAL_B_SPLINE_CURVE((1.,0.5,1.,0.5,
1.,0.5,1.)) REPRESENTATION_ITEM('') );
#6097 = CARTESIAN_POINT('',(-2.,0.));
#6098 = CARTESIAN_POINT('',(-2.,3.464101615138));
#6099 = CARTESIAN_POINT('',(1.,1.732050807569));
#6100 = CARTESIAN_POINT('',(4.,4.898587196589E-16));
#6101 = CARTESIAN_POINT('',(1.,-1.732050807569));
#6102 = CARTESIAN_POINT('',(-2.,-3.464101615138));
#6103 = CARTESIAN_POINT('',(-2.,0.));
#6104 = ( GEOMETRIC_REPRESENTATION_CONTEXT(2) 
PARAMETRIC_REPRESENTATION_CONTEXT() REPRESENTATION_CONTEXT('2D SPACE',''
  ) );
#6105 = ORIENTED_EDGE('',*,*,#6052,.F.);
#6106 = ORIENTED_EDGE('',*,*,#5191,.F.);
#6107 = ADVANCED_FACE('',(#6108),#6090,.T.);
#6108 = FACE_BOUND('',#6109,.F.);
#6109 = EDGE_LOOP('',(#6110));
#6110 = ORIENTED_EDGE('',*,*,#6075,.T.);
#6111 = ADVANCED_FACE('',(#6112),#5177,.T.);
#6112 = FACE_BOUND('',#6113,.T.);
#6113 = EDGE_LOOP('',(#6114,#6137,#6168,#6169));
#6114 = ORIENTED_EDGE('',*,*,#6115,.T.);
#6115 = EDGE_CURVE('',#5157,#6116,#6118,.T.);
#6116 = VERTEX_POINT('',#6117);
#6117 = CARTESIAN_POINT('',(111.3,53.74,7.25));
#6118 = SEAM_CURVE('',#6119,(#6123,#6130),.PCURVE_S1.);
#6119 = LINE('',#6120,#6121);
#6120 = CARTESIAN_POINT('',(111.3,53.74,17.05));
#6121 = VECTOR('',#6122,1.);
#6122 = DIRECTION('',(0.,-1.224646799147E-16,-1.));
#6123 = PCURVE('',#5177,#6124);
#6124 = DEFINITIONAL_REPRESENTATION('',(#6125),#6129);
#6125 = LINE('',#6126,#6127);
#6126 = CARTESIAN_POINT('',(0.,0.));
#6127 = VECTOR('',#6128,1.);
#6128 = DIRECTION('',(0.,-1.));
#6129 = ( GEOMETRIC_REPRESENTATION_CONTEXT(2) 
PARAMETRIC_REPRESENTATION_CONTEXT() REPRESENTATION_CONTEXT('2D SPACE',''
  ) );
#6130 = PCURVE('',#5177,#6131);
#6131 = DEFINITIONAL_REPRESENTATION('',(#6132),#6136);
#6132 = LINE('',#6133,#6134);
#6133 = CARTESIAN_POINT('',(6.28318530718,0.));
#6134 = VECTOR('',#6135,1.);
#6135 = DIRECTION('',(0.,-1.));
#6136 = ( GEOMETRIC_REPRESENTATION_CONTEXT(2) 
PARAMETRIC_REPRESENTATION_CONTEXT() REPRESENTATION_CONTEXT('2D SPACE',''
  ) );
#6137 = ORIENTED_EDGE('',*,*,#6138,.T.);
#6138 = EDGE_CURVE('',#6116,#6116,#6139,.T.);
#6139 = SURFACE_CURVE('',#6140,(#6145,#6152),.PCURVE_S1.);
#6140 = CIRCLE('',#6141,2.);
#6141 = AXIS2_PLACEMENT_3D('',#6142,#6143,#6144);
#6142 = CARTESIAN_POINT('',(113.3,53.74,7.25));
#6143 = DIRECTION('',(0.,1.224646799147E-16,1.));
#6144 = DIRECTION('',(-1.,0.,0.));
#6145 = PCURVE('',#5177,#6146);
#6146 = DEFINITIONAL_REPRESENTATION('',(#6147),#6151);
#6147 = LINE('',#6148,#6149);
#6148 = CARTESIAN_POINT('',(0.,-9.8));
#6149 = VECTOR('',#6150,1.);
#6150 = DIRECTION('',(1.,0.));
#6151 = ( GEOMETRIC_REPRESENTATION_CONTEXT(2) 
PARAMETRIC_REPRESENTATION_CONTEXT() REPRESENTATION_CONTEXT('2D SPACE',''
  ) );
#6152 = PCURVE('',#6153,#6158);
#6153 = PLANE('',#6154);
#6154 = AXIS2_PLACEMENT_3D('',#6155,#6156,#6157);
#6155 = CARTESIAN_POINT('',(113.3,53.74,7.25));
#6156 = DIRECTION('',(0.,-1.224646799147E-16,-1.));
#6157 = DIRECTION('',(1.,-0.,-0.));
#6158 = DEFINITIONAL_REPRESENTATION('',(#6159),#6167);
#6159 = ( BOUNDED_CURVE() B_SPLINE_CURVE(2,(#6160,#6161,#6162,#6163,
#6164,#6165,#6166),.UNSPECIFIED.,.T.,.F.) B_SPLINE_CURVE_WITH_KNOTS((1,2
    ,2,2,2,1),(-2.094395102393,0.,2.094395102393,4.188790204786,
6.28318530718,8.377580409573),.UNSPECIFIED.) CURVE() 
GEOMETRIC_REPRESENTATION_ITEM() RATIONAL_B_SPLINE_CURVE((1.,0.5,1.,0.5,
1.,0.5,1.)) REPRESENTATION_ITEM('') );
#6160 = CARTESIAN_POINT('',(-2.,0.));
#6161 = CARTESIAN_POINT('',(-2.,3.464101615138));
#6162 = CARTESIAN_POINT('',(1.,1.732050807569));
#6163 = CARTESIAN_POINT('',(4.,4.898587196589E-16));
#6164 = CARTESIAN_POINT('',(1.,-1.732050807569));
#6165 = CARTESIAN_POINT('',(-2.,-3.464101615138));
#6166 = CARTESIAN_POINT('',(-2.,0.));
#6167 = ( GEOMETRIC_REPRESENTATION_CONTEXT(2) 
PARAMETRIC_REPRESENTATION_CONTEXT() REPRESENTATION_CONTEXT('2D SPACE',''
  ) );
#6168 = ORIENTED_EDGE('',*,*,#6115,.F.);
#6169 = ORIENTED_EDGE('',*,*,#5156,.F.);
#6170 = ADVANCED_FACE('',(#6171),#6153,.T.);
#6171 = FACE_BOUND('',#6172,.F.);
#6172 = EDGE_LOOP('',(#6173));
#6173 = ORIENTED_EDGE('',*,*,#6138,.T.);
#6174 = ADVANCED_FACE('',(#6175),#5142,.T.);
#6175 = FACE_BOUND('',#6176,.T.);
#6176 = EDGE_LOOP('',(#6177,#6178,#6201,#6232));
#6177 = ORIENTED_EDGE('',*,*,#5125,.T.);
#6178 = ORIENTED_EDGE('',*,*,#6179,.T.);
#6179 = EDGE_CURVE('',#5126,#6180,#6182,.T.);
#6180 = VERTEX_POINT('',#6181);
#6181 = CARTESIAN_POINT('',(118.95,53.14,7.05));
#6182 = SEAM_CURVE('',#6183,(#6187,#6194),.PCURVE_S1.);
#6183 = LINE('',#6184,#6185);
#6184 = CARTESIAN_POINT('',(118.95,53.14,19.05));
#6185 = VECTOR('',#6186,1.);
#6186 = DIRECTION('',(0.,-1.224646799147E-16,-1.));
#6187 = PCURVE('',#5142,#6188);
#6188 = DEFINITIONAL_REPRESENTATION('',(#6189),#6193);
#6189 = LINE('',#6190,#6191);
#6190 = CARTESIAN_POINT('',(6.28318530718,0.));
#6191 = VECTOR('',#6192,1.);
#6192 = DIRECTION('',(0.,-1.));
#6193 = ( GEOMETRIC_REPRESENTATION_CONTEXT(2) 
PARAMETRIC_REPRESENTATION_CONTEXT() REPRESENTATION_CONTEXT('2D SPACE',''
  ) );
#6194 = PCURVE('',#5142,#6195);
#6195 = DEFINITIONAL_REPRESENTATION('',(#6196),#6200);
#6196 = LINE('',#6197,#6198);
#6197 = CARTESIAN_POINT('',(0.,0.));
#6198 = VECTOR('',#6199,1.);
#6199 = DIRECTION('',(0.,-1.));
#6200 = ( GEOMETRIC_REPRESENTATION_CONTEXT(2) 
PARAMETRIC_REPRESENTATION_CONTEXT() REPRESENTATION_CONTEXT('2D SPACE',''
  ) );
#6201 = ORIENTED_EDGE('',*,*,#6202,.T.);
#6202 = EDGE_CURVE('',#6180,#6180,#6203,.T.);
#6203 = SURFACE_CURVE('',#6204,(#6209,#6216),.PCURVE_S1.);
#6204 = CIRCLE('',#6205,3.25);
#6205 = AXIS2_PLACEMENT_3D('',#6206,#6207,#6208);
#6206 = CARTESIAN_POINT('',(122.2,53.14,7.05));
#6207 = DIRECTION('',(0.,1.224646799147E-16,1.));
#6208 = DIRECTION('',(-1.,0.,0.));
#6209 = PCURVE('',#5142,#6210);
#6210 = DEFINITIONAL_REPRESENTATION('',(#6211),#6215);
#6211 = LINE('',#6212,#6213);
#6212 = CARTESIAN_POINT('',(0.,-12.));
#6213 = VECTOR('',#6214,1.);
#6214 = DIRECTION('',(1.,0.));
#6215 = ( GEOMETRIC_REPRESENTATION_CONTEXT(2) 
PARAMETRIC_REPRESENTATION_CONTEXT() REPRESENTATION_CONTEXT('2D SPACE',''
  ) );
#6216 = PCURVE('',#6217,#6222);
#6217 = PLANE('',#6218);
#6218 = AXIS2_PLACEMENT_3D('',#6219,#6220,#6221);
#6219 = CARTESIAN_POINT('',(122.2,53.14,7.05));
#6220 = DIRECTION('',(0.,-1.224646799147E-16,-1.));
#6221 = DIRECTION('',(1.,-0.,-0.));
#6222 = DEFINITIONAL_REPRESENTATION('',(#6223),#6231);
#6223 = ( BOUNDED_CURVE() B_SPLINE_CURVE(2,(#6224,#6225,#6226,#6227,
#6228,#6229,#6230),.UNSPECIFIED.,.T.,.F.) B_SPLINE_CURVE_WITH_KNOTS((1,2
    ,2,2,2,1),(-2.094395102393,0.,2.094395102393,4.188790204786,
6.28318530718,8.377580409573),.UNSPECIFIED.) CURVE() 
GEOMETRIC_REPRESENTATION_ITEM() RATIONAL_B_SPLINE_CURVE((1.,0.5,1.,0.5,
1.,0.5,1.)) REPRESENTATION_ITEM('') );
#6224 = CARTESIAN_POINT('',(-3.25,0.));
#6225 = CARTESIAN_POINT('',(-3.25,5.629165124599));
#6226 = CARTESIAN_POINT('',(1.625,2.814582562299));
#6227 = CARTESIAN_POINT('',(6.5,7.960204194458E-16));
#6228 = CARTESIAN_POINT('',(1.625,-2.814582562299));
#6229 = CARTESIAN_POINT('',(-3.25,-5.629165124599));
#6230 = CARTESIAN_POINT('',(-3.25,0.));
#6231 = ( GEOMETRIC_REPRESENTATION_CONTEXT(2) 
PARAMETRIC_REPRESENTATION_CONTEXT() REPRESENTATION_CONTEXT('2D SPACE',''
  ) );
#6232 = ORIENTED_EDGE('',*,*,#6179,.F.);
#6233 = ADVANCED_FACE('',(#6234,#6237),#6217,.T.);
#6234 = FACE_BOUND('',#6235,.F.);
#6235 = EDGE_LOOP('',(#6236));
#6236 = ORIENTED_EDGE('',*,*,#6202,.T.);
#6237 = FACE_BOUND('',#6238,.F.);
#6238 = EDGE_LOOP('',(#6239));
#6239 = ORIENTED_EDGE('',*,*,#6240,.T.);
#6240 = EDGE_CURVE('',#6241,#6241,#6243,.T.);
#6241 = VERTEX_POINT('',#6242);
#6242 = CARTESIAN_POINT('',(120.5,53.14,7.05));
#6243 = SURFACE_CURVE('',#6244,(#6249,#6256),.PCURVE_S1.);
#6244 = CIRCLE('',#6245,1.7);
#6245 = AXIS2_PLACEMENT_3D('',#6246,#6247,#6248);
#6246 = CARTESIAN_POINT('',(122.2,53.14,7.05));
#6247 = DIRECTION('',(-0.,-1.224646799147E-16,-1.));
#6248 = DIRECTION('',(-1.,0.,0.));
#6249 = PCURVE('',#6217,#6250);
#6250 = DEFINITIONAL_REPRESENTATION('',(#6251),#6255);
#6251 = CIRCLE('',#6252,1.7);
#6252 = AXIS2_PLACEMENT_2D('',#6253,#6254);
#6253 = CARTESIAN_POINT('',(0.,0.));
#6254 = DIRECTION('',(-1.,0.));
#6255 = ( GEOMETRIC_REPRESENTATION_CONTEXT(2) 
PARAMETRIC_REPRESENTATION_CONTEXT() REPRESENTATION_CONTEXT('2D SPACE',''
  ) );
#6256 = PCURVE('',#6257,#6262);
#6257 = CYLINDRICAL_SURFACE('',#6258,1.7);
#6258 = AXIS2_PLACEMENT_3D('',#6259,#6260,#6261);
#6259 = CARTESIAN_POINT('',(122.2,53.14,19.55));
#6260 = DIRECTION('',(0.,1.224646799147E-16,1.));
#6261 = DIRECTION('',(-1.,0.,0.));
#6262 = DEFINITIONAL_REPRESENTATION('',(#6263),#6267);
#6263 = LINE('',#6264,#6265);
#6264 = CARTESIAN_POINT('',(6.28318530718,-12.5));
#6265 = VECTOR('',#6266,1.);
#6266 = DIRECTION('',(-1.,0.));
#6267 = ( GEOMETRIC_REPRESENTATION_CONTEXT(2) 
PARAMETRIC_REPRESENTATION_CONTEXT() REPRESENTATION_CONTEXT('2D SPACE',''
  ) );
#6268 = ADVANCED_FACE('',(#6269),#6257,.F.);
#6269 = FACE_BOUND('',#6270,.F.);
#6270 = EDGE_LOOP('',(#6271,#6300,#6321,#6322));
#6271 = ORIENTED_EDGE('',*,*,#6272,.T.);
#6272 = EDGE_CURVE('',#6273,#6273,#6275,.T.);
#6273 = VERTEX_POINT('',#6274);
#6274 = CARTESIAN_POINT('',(120.5,53.14,17.06));
#6275 = SURFACE_CURVE('',#6276,(#6281,#6288),.PCURVE_S1.);
#6276 = CIRCLE('',#6277,1.7);
#6277 = AXIS2_PLACEMENT_3D('',#6278,#6279,#6280);
#6278 = CARTESIAN_POINT('',(122.2,53.14,17.06));
#6279 = DIRECTION('',(-0.,-1.224646799147E-16,-1.));
#6280 = DIRECTION('',(-1.,0.,0.));
#6281 = PCURVE('',#6257,#6282);
#6282 = DEFINITIONAL_REPRESENTATION('',(#6283),#6287);
#6283 = LINE('',#6284,#6285);
#6284 = CARTESIAN_POINT('',(6.28318530718,-2.49));
#6285 = VECTOR('',#6286,1.);
#6286 = DIRECTION('',(-1.,0.));
#6287 = ( GEOMETRIC_REPRESENTATION_CONTEXT(2) 
PARAMETRIC_REPRESENTATION_CONTEXT() REPRESENTATION_CONTEXT('2D SPACE',''
  ) );
#6288 = PCURVE('',#6289,#6294);
#6289 = PLANE('',#6290);
#6290 = AXIS2_PLACEMENT_3D('',#6291,#6292,#6293);
#6291 = CARTESIAN_POINT('',(122.2,53.14,17.06));
#6292 = DIRECTION('',(0.,-1.224646799147E-16,-1.));
#6293 = DIRECTION('',(1.,-0.,-0.));
#6294 = DEFINITIONAL_REPRESENTATION('',(#6295),#6299);
#6295 = CIRCLE('',#6296,1.7);
#6296 = AXIS2_PLACEMENT_2D('',#6297,#6298);
#6297 = CARTESIAN_POINT('',(0.,0.));
#6298 = DIRECTION('',(-1.,0.));
#6299 = ( GEOMETRIC_REPRESENTATION_CONTEXT(2) 
PARAMETRIC_REPRESENTATION_CONTEXT() REPRESENTATION_CONTEXT('2D SPACE',''
  ) );
#6300 = ORIENTED_EDGE('',*,*,#6301,.T.);
#6301 = EDGE_CURVE('',#6273,#6241,#6302,.T.);
#6302 = SEAM_CURVE('',#6303,(#6307,#6314),.PCURVE_S1.);
#6303 = LINE('',#6304,#6305);
#6304 = CARTESIAN_POINT('',(120.5,53.14,19.55));
#6305 = VECTOR('',#6306,1.);
#6306 = DIRECTION('',(0.,-1.224646799147E-16,-1.));
#6307 = PCURVE('',#6257,#6308);
#6308 = DEFINITIONAL_REPRESENTATION('',(#6309),#6313);
#6309 = LINE('',#6310,#6311);
#6310 = CARTESIAN_POINT('',(6.28318530718,0.));
#6311 = VECTOR('',#6312,1.);
#6312 = DIRECTION('',(0.,-1.));
#6313 = ( GEOMETRIC_REPRESENTATION_CONTEXT(2) 
PARAMETRIC_REPRESENTATION_CONTEXT() REPRESENTATION_CONTEXT('2D SPACE',''
  ) );
#6314 = PCURVE('',#6257,#6315);
#6315 = DEFINITIONAL_REPRESENTATION('',(#6316),#6320);
#6316 = LINE('',#6317,#6318);
#6317 = CARTESIAN_POINT('',(0.,0.));
#6318 = VECTOR('',#6319,1.);
#6319 = DIRECTION('',(0.,-1.));
#6320 = ( GEOMETRIC_REPRESENTATION_CONTEXT(2) 
PARAMETRIC_REPRESENTATION_CONTEXT() REPRESENTATION_CONTEXT('2D SPACE',''
  ) );
#6321 = ORIENTED_EDGE('',*,*,#6240,.F.);
#6322 = ORIENTED_EDGE('',*,*,#6301,.F.);
#6323 = ADVANCED_FACE('',(#6324,#6354),#6289,.F.);
#6324 = FACE_BOUND('',#6325,.T.);
#6325 = EDGE_LOOP('',(#6326));
#6326 = ORIENTED_EDGE('',*,*,#6327,.T.);
#6327 = EDGE_CURVE('',#6328,#6328,#6330,.T.);
#6328 = VERTEX_POINT('',#6329);
#6329 = CARTESIAN_POINT('',(119.,53.14,17.06));
#6330 = SURFACE_CURVE('',#6331,(#6336,#6347),.PCURVE_S1.);
#6331 = CIRCLE('',#6332,3.2);
#6332 = AXIS2_PLACEMENT_3D('',#6333,#6334,#6335);
#6333 = CARTESIAN_POINT('',(122.2,53.14,17.06));
#6334 = DIRECTION('',(0.,1.224646799147E-16,1.));
#6335 = DIRECTION('',(-1.,0.,0.));
#6336 = PCURVE('',#6289,#6337);
#6337 = DEFINITIONAL_REPRESENTATION('',(#6338),#6346);
#6338 = ( BOUNDED_CURVE() B_SPLINE_CURVE(2,(#6339,#6340,#6341,#6342,
#6343,#6344,#6345),.UNSPECIFIED.,.T.,.F.) B_SPLINE_CURVE_WITH_KNOTS((1,2
    ,2,2,2,1),(-2.094395102393,0.,2.094395102393,4.188790204786,
6.28318530718,8.377580409573),.UNSPECIFIED.) CURVE() 
GEOMETRIC_REPRESENTATION_ITEM() RATIONAL_B_SPLINE_CURVE((1.,0.5,1.,0.5,
1.,0.5,1.)) REPRESENTATION_ITEM('') );
#6339 = CARTESIAN_POINT('',(-3.2,0.));
#6340 = CARTESIAN_POINT('',(-3.2,5.54256258422));
#6341 = CARTESIAN_POINT('',(1.6,2.77128129211));
#6342 = CARTESIAN_POINT('',(6.4,7.837739514543E-16));
#6343 = CARTESIAN_POINT('',(1.6,-2.77128129211));
#6344 = CARTESIAN_POINT('',(-3.2,-5.54256258422));
#6345 = CARTESIAN_POINT('',(-3.2,0.));
#6346 = ( GEOMETRIC_REPRESENTATION_CONTEXT(2) 
PARAMETRIC_REPRESENTATION_CONTEXT() REPRESENTATION_CONTEXT('2D SPACE',''
  ) );
#6347 = PCURVE('',#4298,#6348);
#6348 = DEFINITIONAL_REPRESENTATION('',(#6349),#6353);
#6349 = LINE('',#6350,#6351);
#6350 = CARTESIAN_POINT('',(0.,-2.));
#6351 = VECTOR('',#6352,1.);
#6352 = DIRECTION('',(1.,0.));
#6353 = ( GEOMETRIC_REPRESENTATION_CONTEXT(2) 
PARAMETRIC_REPRESENTATION_CONTEXT() REPRESENTATION_CONTEXT('2D SPACE',''
  ) );
#6354 = FACE_BOUND('',#6355,.T.);
#6355 = EDGE_LOOP('',(#6356));
#6356 = ORIENTED_EDGE('',*,*,#6272,.T.);
#6357 = ADVANCED_FACE('',(#6358),#5111,.F.);
#6358 = FACE_BOUND('',#6359,.F.);
#6359 = EDGE_LOOP('',(#6360,#6383,#6384,#6407));
#6360 = ORIENTED_EDGE('',*,*,#6361,.F.);
#6361 = EDGE_CURVE('',#4890,#6362,#6364,.T.);
#6362 = VERTEX_POINT('',#6363);
#6363 = CARTESIAN_POINT('',(126.7,5.,7.05));
#6364 = SURFACE_CURVE('',#6365,(#6369,#6376),.PCURVE_S1.);
#6365 = LINE('',#6366,#6367);
#6366 = CARTESIAN_POINT('',(126.7,5.,17.05));
#6367 = VECTOR('',#6368,1.);
#6368 = DIRECTION('',(0.,-1.224646799147E-16,-1.));
#6369 = PCURVE('',#5111,#6370);
#6370 = DEFINITIONAL_REPRESENTATION('',(#6371),#6375);
#6371 = LINE('',#6372,#6373);
#6372 = CARTESIAN_POINT('',(0.,0.));
#6373 = VECTOR('',#6374,1.);
#6374 = DIRECTION('',(0.,1.));
#6375 = ( GEOMETRIC_REPRESENTATION_CONTEXT(2) 
PARAMETRIC_REPRESENTATION_CONTEXT() REPRESENTATION_CONTEXT('2D SPACE',''
  ) );
#6376 = PCURVE('',#4905,#6377);
#6377 = DEFINITIONAL_REPRESENTATION('',(#6378),#6382);
#6378 = LINE('',#6379,#6380);
#6379 = CARTESIAN_POINT('',(5.97654266932E-16,-53.14));
#6380 = VECTOR('',#6381,1.);
#6381 = DIRECTION('',(-1.,0.));
#6382 = ( GEOMETRIC_REPRESENTATION_CONTEXT(2) 
PARAMETRIC_REPRESENTATION_CONTEXT() REPRESENTATION_CONTEXT('2D SPACE',''
  ) );
#6383 = ORIENTED_EDGE('',*,*,#5096,.T.);
#6384 = ORIENTED_EDGE('',*,*,#6385,.T.);
#6385 = EDGE_CURVE('',#5069,#6386,#6388,.T.);
#6386 = VERTEX_POINT('',#6387);
#6387 = CARTESIAN_POINT('',(124.1,2.4,7.05));
#6388 = SURFACE_CURVE('',#6389,(#6393,#6400),.PCURVE_S1.);
#6389 = LINE('',#6390,#6391);
#6390 = CARTESIAN_POINT('',(124.1,2.4,17.05));
#6391 = VECTOR('',#6392,1.);
#6392 = DIRECTION('',(0.,-1.224646799147E-16,-1.));
#6393 = PCURVE('',#5111,#6394);
#6394 = DEFINITIONAL_REPRESENTATION('',(#6395),#6399);
#6395 = LINE('',#6396,#6397);
#6396 = CARTESIAN_POINT('',(1.570796326795,0.));
#6397 = VECTOR('',#6398,1.);
#6398 = DIRECTION('',(0.,1.));
#6399 = ( GEOMETRIC_REPRESENTATION_CONTEXT(2) 
PARAMETRIC_REPRESENTATION_CONTEXT() REPRESENTATION_CONTEXT('2D SPACE',''
  ) );
#6400 = PCURVE('',#5084,#6401);
#6401 = DEFINITIONAL_REPRESENTATION('',(#6402),#6406);
#6402 = LINE('',#6403,#6404);
#6403 = CARTESIAN_POINT('',(0.,2.6));
#6404 = VECTOR('',#6405,1.);
#6405 = DIRECTION('',(-1.,-0.));
#6406 = ( GEOMETRIC_REPRESENTATION_CONTEXT(2) 
PARAMETRIC_REPRESENTATION_CONTEXT() REPRESENTATION_CONTEXT('2D SPACE',''
  ) );
#6407 = ORIENTED_EDGE('',*,*,#6408,.T.);
#6408 = EDGE_CURVE('',#6386,#6362,#6409,.T.);
#6409 = SURFACE_CURVE('',#6410,(#6415,#6422),.PCURVE_S1.);
#6410 = CIRCLE('',#6411,2.6);
#6411 = AXIS2_PLACEMENT_3D('',#6412,#6413,#6414);
#6412 = CARTESIAN_POINT('',(124.1,5.,7.05));
#6413 = DIRECTION('',(-0.,1.224646799147E-16,1.));
#6414 = DIRECTION('',(1.,0.,0.));
#6415 = PCURVE('',#5111,#6416);
#6416 = DEFINITIONAL_REPRESENTATION('',(#6417),#6421);
#6417 = LINE('',#6418,#6419);
#6418 = CARTESIAN_POINT('',(6.28318530718,10.));
#6419 = VECTOR('',#6420,1.);
#6420 = DIRECTION('',(-1.,0.));
#6421 = ( GEOMETRIC_REPRESENTATION_CONTEXT(2) 
PARAMETRIC_REPRESENTATION_CONTEXT() REPRESENTATION_CONTEXT('2D SPACE',''
  ) );
#6422 = PCURVE('',#3985,#6423);
#6423 = DEFINITIONAL_REPRESENTATION('',(#6424),#6432);
#6424 = ( BOUNDED_CURVE() B_SPLINE_CURVE(2,(#6425,#6426,#6427,#6428,
#6429,#6430,#6431),.UNSPECIFIED.,.T.,.F.) B_SPLINE_CURVE_WITH_KNOTS((1,2
    ,2,2,2,1),(-2.094395102393,0.,2.094395102393,4.188790204786,
6.28318530718,8.377580409573),.UNSPECIFIED.) CURVE() 
GEOMETRIC_REPRESENTATION_ITEM() RATIONAL_B_SPLINE_CURVE((1.,0.5,1.,0.5,
1.,0.5,1.)) REPRESENTATION_ITEM('') );
#6425 = CARTESIAN_POINT('',(-2.4,55.54));
#6426 = CARTESIAN_POINT('',(-2.4,51.036667900321));
#6427 = CARTESIAN_POINT('',(-6.3,53.28833395016));
#6428 = CARTESIAN_POINT('',(-10.2,55.54));
#6429 = CARTESIAN_POINT('',(-6.3,57.79166604984));
#6430 = CARTESIAN_POINT('',(-2.4,60.043332099679));
#6431 = CARTESIAN_POINT('',(-2.4,55.54));
#6432 = ( GEOMETRIC_REPRESENTATION_CONTEXT(2) 
PARAMETRIC_REPRESENTATION_CONTEXT() REPRESENTATION_CONTEXT('2D SPACE',''
  ) );
#6433 = ADVANCED_FACE('',(#6434),#5084,.F.);
#6434 = FACE_BOUND('',#6435,.T.);
#6435 = EDGE_LOOP('',(#6436,#6437,#6438,#6461));
#6436 = ORIENTED_EDGE('',*,*,#5068,.F.);
#6437 = ORIENTED_EDGE('',*,*,#6385,.T.);
#6438 = ORIENTED_EDGE('',*,*,#6439,.F.);
#6439 = EDGE_CURVE('',#6440,#6386,#6442,.T.);
#6440 = VERTEX_POINT('',#6441);
#6441 = CARTESIAN_POINT('',(5.,2.4,7.05));
#6442 = SURFACE_CURVE('',#6443,(#6447,#6454),.PCURVE_S1.);
#6443 = LINE('',#6444,#6445);
#6444 = CARTESIAN_POINT('',(127.9,2.4,7.05));
#6445 = VECTOR('',#6446,1.);
#6446 = DIRECTION('',(1.,0.,0.));
#6447 = PCURVE('',#5084,#6448);
#6448 = DEFINITIONAL_REPRESENTATION('',(#6449),#6453);
#6449 = LINE('',#6450,#6451);
#6450 = CARTESIAN_POINT('',(-10.,-1.2));
#6451 = VECTOR('',#6452,1.);
#6452 = DIRECTION('',(-0.,-1.));
#6453 = ( GEOMETRIC_REPRESENTATION_CONTEXT(2) 
PARAMETRIC_REPRESENTATION_CONTEXT() REPRESENTATION_CONTEXT('2D SPACE',''
  ) );
#6454 = PCURVE('',#3985,#6455);
#6455 = DEFINITIONAL_REPRESENTATION('',(#6456),#6460);
#6456 = LINE('',#6457,#6458);
#6457 = CARTESIAN_POINT('',(-1.2,58.14));
#6458 = VECTOR('',#6459,1.);
#6459 = DIRECTION('',(1.,-0.));
#6460 = ( GEOMETRIC_REPRESENTATION_CONTEXT(2) 
PARAMETRIC_REPRESENTATION_CONTEXT() REPRESENTATION_CONTEXT('2D SPACE',''
  ) );
#6461 = ORIENTED_EDGE('',*,*,#6462,.F.);
#6462 = EDGE_CURVE('',#5036,#6440,#6463,.T.);
#6463 = SURFACE_CURVE('',#6464,(#6468,#6475),.PCURVE_S1.);
#6464 = LINE('',#6465,#6466);
#6465 = CARTESIAN_POINT('',(5.,2.4,17.05));
#6466 = VECTOR('',#6467,1.);
#6467 = DIRECTION('',(0.,-1.224646799147E-16,-1.));
#6468 = PCURVE('',#5084,#6469);
#6469 = DEFINITIONAL_REPRESENTATION('',(#6470),#6474);
#6470 = LINE('',#6471,#6472);
#6471 = CARTESIAN_POINT('',(0.,121.7));
#6472 = VECTOR('',#6473,1.);
#6473 = DIRECTION('',(-1.,-0.));
#6474 = ( GEOMETRIC_REPRESENTATION_CONTEXT(2) 
PARAMETRIC_REPRESENTATION_CONTEXT() REPRESENTATION_CONTEXT('2D SPACE',''
  ) );
#6475 = PCURVE('',#5056,#6476);
#6476 = DEFINITIONAL_REPRESENTATION('',(#6477),#6481);
#6477 = LINE('',#6478,#6479);
#6478 = CARTESIAN_POINT('',(-1.570796326795,0.));
#6479 = VECTOR('',#6480,1.);
#6480 = DIRECTION('',(-0.,1.));
#6481 = ( GEOMETRIC_REPRESENTATION_CONTEXT(2) 
PARAMETRIC_REPRESENTATION_CONTEXT() REPRESENTATION_CONTEXT('2D SPACE',''
  ) );
#6482 = ADVANCED_FACE('',(#6483),#5056,.F.);
#6483 = FACE_BOUND('',#6484,.T.);
#6484 = EDGE_LOOP('',(#6485,#6508,#6509,#6510));
#6485 = ORIENTED_EDGE('',*,*,#6486,.F.);
#6486 = EDGE_CURVE('',#5008,#6487,#6489,.T.);
#6487 = VERTEX_POINT('',#6488);
#6488 = CARTESIAN_POINT('',(2.4,5.,7.05));
#6489 = SURFACE_CURVE('',#6490,(#6494,#6501),.PCURVE_S1.);
#6490 = LINE('',#6491,#6492);
#6491 = CARTESIAN_POINT('',(2.4,5.,17.05));
#6492 = VECTOR('',#6493,1.);
#6493 = DIRECTION('',(0.,-1.224646799147E-16,-1.));
#6494 = PCURVE('',#5056,#6495);
#6495 = DEFINITIONAL_REPRESENTATION('',(#6496),#6500);
#6496 = LINE('',#6497,#6498);
#6497 = CARTESIAN_POINT('',(-0.,0.));
#6498 = VECTOR('',#6499,1.);
#6499 = DIRECTION('',(-0.,1.));
#6500 = ( GEOMETRIC_REPRESENTATION_CONTEXT(2) 
PARAMETRIC_REPRESENTATION_CONTEXT() REPRESENTATION_CONTEXT('2D SPACE',''
  ) );
#6501 = PCURVE('',#5023,#6502);
#6502 = DEFINITIONAL_REPRESENTATION('',(#6503),#6507);
#6503 = LINE('',#6504,#6505);
#6504 = CARTESIAN_POINT('',(5.97654266932E-16,-53.14));
#6505 = VECTOR('',#6506,1.);
#6506 = DIRECTION('',(-1.,0.));
#6507 = ( GEOMETRIC_REPRESENTATION_CONTEXT(2) 
PARAMETRIC_REPRESENTATION_CONTEXT() REPRESENTATION_CONTEXT('2D SPACE',''
  ) );
#6508 = ORIENTED_EDGE('',*,*,#5035,.T.);
#6509 = ORIENTED_EDGE('',*,*,#6462,.T.);
#6510 = ORIENTED_EDGE('',*,*,#6511,.F.);
#6511 = EDGE_CURVE('',#6487,#6440,#6512,.T.);
#6512 = SURFACE_CURVE('',#6513,(#6518,#6525),.PCURVE_S1.);
#6513 = CIRCLE('',#6514,2.6);
#6514 = AXIS2_PLACEMENT_3D('',#6515,#6516,#6517);
#6515 = CARTESIAN_POINT('',(5.,5.,7.05));
#6516 = DIRECTION('',(0.,1.224646799147E-16,1.));
#6517 = DIRECTION('',(-1.,0.,0.));
#6518 = PCURVE('',#5056,#6519);
#6519 = DEFINITIONAL_REPRESENTATION('',(#6520),#6524);
#6520 = LINE('',#6521,#6522);
#6521 = CARTESIAN_POINT('',(-0.,10.));
#6522 = VECTOR('',#6523,1.);
#6523 = DIRECTION('',(-1.,0.));
#6524 = ( GEOMETRIC_REPRESENTATION_CONTEXT(2) 
PARAMETRIC_REPRESENTATION_CONTEXT() REPRESENTATION_CONTEXT('2D SPACE',''
  ) );
#6525 = PCURVE('',#3985,#6526);
#6526 = DEFINITIONAL_REPRESENTATION('',(#6527),#6535);
#6527 = ( BOUNDED_CURVE() B_SPLINE_CURVE(2,(#6528,#6529,#6530,#6531,
#6532,#6533,#6534),.UNSPECIFIED.,.T.,.F.) B_SPLINE_CURVE_WITH_KNOTS((1,2
    ,2,2,2,1),(-2.094395102393,0.,2.094395102393,4.188790204786,
6.28318530718,8.377580409573),.UNSPECIFIED.) CURVE() 
GEOMETRIC_REPRESENTATION_ITEM() RATIONAL_B_SPLINE_CURVE((1.,0.5,1.,0.5,
1.,0.5,1.)) REPRESENTATION_ITEM('') );
#6528 = CARTESIAN_POINT('',(-126.7,55.54));
#6529 = CARTESIAN_POINT('',(-126.7,60.043332099679));
#6530 = CARTESIAN_POINT('',(-122.8,57.79166604984));
#6531 = CARTESIAN_POINT('',(-118.9,55.54));
#6532 = CARTESIAN_POINT('',(-122.8,53.28833395016));
#6533 = CARTESIAN_POINT('',(-126.7,51.036667900321));
#6534 = CARTESIAN_POINT('',(-126.7,55.54));
#6535 = ( GEOMETRIC_REPRESENTATION_CONTEXT(2) 
PARAMETRIC_REPRESENTATION_CONTEXT() REPRESENTATION_CONTEXT('2D SPACE',''
  ) );
#6536 = ADVANCED_FACE('',(#6537),#5023,.F.);
#6537 = FACE_BOUND('',#6538,.T.);
#6538 = EDGE_LOOP('',(#6539,#6564,#6585,#6586,#6587,#6610,#6638,#6666));
#6539 = ORIENTED_EDGE('',*,*,#6540,.F.);
#6540 = EDGE_CURVE('',#6541,#6543,#6545,.T.);
#6541 = VERTEX_POINT('',#6542);
#6542 = CARTESIAN_POINT('',(2.4,55.54,7.05));
#6543 = VERTEX_POINT('',#6544);
#6544 = CARTESIAN_POINT('',(2.4,38.27,7.05));
#6545 = SURFACE_CURVE('',#6546,(#6550,#6557),.PCURVE_S1.);
#6546 = LINE('',#6547,#6548);
#6547 = CARTESIAN_POINT('',(2.4,59.34,7.05));
#6548 = VECTOR('',#6549,1.);
#6549 = DIRECTION('',(0.,-1.,1.224646799147E-16));
#6550 = PCURVE('',#5023,#6551);
#6551 = DEFINITIONAL_REPRESENTATION('',(#6552),#6556);
#6552 = LINE('',#6553,#6554);
#6553 = CARTESIAN_POINT('',(-10.,1.2));
#6554 = VECTOR('',#6555,1.);
#6555 = DIRECTION('',(-0.,-1.));
#6556 = ( GEOMETRIC_REPRESENTATION_CONTEXT(2) 
PARAMETRIC_REPRESENTATION_CONTEXT() REPRESENTATION_CONTEXT('2D SPACE',''
  ) );
#6557 = PCURVE('',#3985,#6558);
#6558 = DEFINITIONAL_REPRESENTATION('',(#6559),#6563);
#6559 = LINE('',#6560,#6561);
#6560 = CARTESIAN_POINT('',(-126.7,1.2));
#6561 = VECTOR('',#6562,1.);
#6562 = DIRECTION('',(-0.,1.));
#6563 = ( GEOMETRIC_REPRESENTATION_CONTEXT(2) 
PARAMETRIC_REPRESENTATION_CONTEXT() REPRESENTATION_CONTEXT('2D SPACE',''
  ) );
#6564 = ORIENTED_EDGE('',*,*,#6565,.F.);
#6565 = EDGE_CURVE('',#4979,#6541,#6566,.T.);
#6566 = SURFACE_CURVE('',#6567,(#6571,#6578),.PCURVE_S1.);
#6567 = LINE('',#6568,#6569);
#6568 = CARTESIAN_POINT('',(2.4,55.54,17.05));
#6569 = VECTOR('',#6570,1.);
#6570 = DIRECTION('',(0.,-1.224646799147E-16,-1.));
#6571 = PCURVE('',#5023,#6572);
#6572 = DEFINITIONAL_REPRESENTATION('',(#6573),#6577);
#6573 = LINE('',#6574,#6575);
#6574 = CARTESIAN_POINT('',(-3.184081677783E-16,-2.6));
#6575 = VECTOR('',#6576,1.);
#6576 = DIRECTION('',(-1.,0.));
#6577 = ( GEOMETRIC_REPRESENTATION_CONTEXT(2) 
PARAMETRIC_REPRESENTATION_CONTEXT() REPRESENTATION_CONTEXT('2D SPACE',''
  ) );
#6578 = PCURVE('',#4995,#6579);
#6579 = DEFINITIONAL_REPRESENTATION('',(#6580),#6584);
#6580 = LINE('',#6581,#6582);
#6581 = CARTESIAN_POINT('',(0.,0.));
#6582 = VECTOR('',#6583,1.);
#6583 = DIRECTION('',(0.,1.));
#6584 = ( GEOMETRIC_REPRESENTATION_CONTEXT(2) 
PARAMETRIC_REPRESENTATION_CONTEXT() REPRESENTATION_CONTEXT('2D SPACE',''
  ) );
#6585 = ORIENTED_EDGE('',*,*,#5007,.T.);
#6586 = ORIENTED_EDGE('',*,*,#6486,.T.);
#6587 = ORIENTED_EDGE('',*,*,#6588,.F.);
#6588 = EDGE_CURVE('',#6589,#6487,#6591,.T.);
#6589 = VERTEX_POINT('',#6590);
#6590 = CARTESIAN_POINT('',(2.4,22.27,7.05));
#6591 = SURFACE_CURVE('',#6592,(#6596,#6603),.PCURVE_S1.);
#6592 = LINE('',#6593,#6594);
#6593 = CARTESIAN_POINT('',(2.4,59.34,7.05));
#6594 = VECTOR('',#6595,1.);
#6595 = DIRECTION('',(0.,-1.,1.224646799147E-16));
#6596 = PCURVE('',#5023,#6597);
#6597 = DEFINITIONAL_REPRESENTATION('',(#6598),#6602);
#6598 = LINE('',#6599,#6600);
#6599 = CARTESIAN_POINT('',(-10.,1.2));
#6600 = VECTOR('',#6601,1.);
#6601 = DIRECTION('',(-0.,-1.));
#6602 = ( GEOMETRIC_REPRESENTATION_CONTEXT(2) 
PARAMETRIC_REPRESENTATION_CONTEXT() REPRESENTATION_CONTEXT('2D SPACE',''
  ) );
#6603 = PCURVE('',#3985,#6604);
#6604 = DEFINITIONAL_REPRESENTATION('',(#6605),#6609);
#6605 = LINE('',#6606,#6607);
#6606 = CARTESIAN_POINT('',(-126.7,1.2));
#6607 = VECTOR('',#6608,1.);
#6608 = DIRECTION('',(-0.,1.));
#6609 = ( GEOMETRIC_REPRESENTATION_CONTEXT(2) 
PARAMETRIC_REPRESENTATION_CONTEXT() REPRESENTATION_CONTEXT('2D SPACE',''
  ) );
#6610 = ORIENTED_EDGE('',*,*,#6611,.F.);
#6611 = EDGE_CURVE('',#6612,#6589,#6614,.T.);
#6612 = VERTEX_POINT('',#6613);
#6613 = CARTESIAN_POINT('',(2.4,22.27,15.05));
#6614 = SURFACE_CURVE('',#6615,(#6619,#6626),.PCURVE_S1.);
#6615 = LINE('',#6616,#6617);
#6616 = CARTESIAN_POINT('',(2.4,22.27,16.05));
#6617 = VECTOR('',#6618,1.);
#6618 = DIRECTION('',(0.,-1.224646799147E-16,-1.));
#6619 = PCURVE('',#5023,#6620);
#6620 = DEFINITIONAL_REPRESENTATION('',(#6621),#6625);
#6621 = LINE('',#6622,#6623);
#6622 = CARTESIAN_POINT('',(-1.,-35.87));
#6623 = VECTOR('',#6624,1.);
#6624 = DIRECTION('',(-1.,0.));
#6625 = ( GEOMETRIC_REPRESENTATION_CONTEXT(2) 
PARAMETRIC_REPRESENTATION_CONTEXT() REPRESENTATION_CONTEXT('2D SPACE',''
  ) );
#6626 = PCURVE('',#6627,#6632);
#6627 = PLANE('',#6628);
#6628 = AXIS2_PLACEMENT_3D('',#6629,#6630,#6631);
#6629 = CARTESIAN_POINT('',(3.4,22.27,15.05));
#6630 = DIRECTION('',(0.,-1.,1.224646799147E-16));
#6631 = DIRECTION('',(0.,1.224646799147E-16,1.));
#6632 = DEFINITIONAL_REPRESENTATION('',(#6633),#6637);
#6633 = LINE('',#6634,#6635);
#6634 = CARTESIAN_POINT('',(1.,1.));
#6635 = VECTOR('',#6636,1.);
#6636 = DIRECTION('',(-1.,-0.));
#6637 = ( GEOMETRIC_REPRESENTATION_CONTEXT(2) 
PARAMETRIC_REPRESENTATION_CONTEXT() REPRESENTATION_CONTEXT('2D SPACE',''
  ) );
#6638 = ORIENTED_EDGE('',*,*,#6639,.T.);
#6639 = EDGE_CURVE('',#6612,#6640,#6642,.T.);
#6640 = VERTEX_POINT('',#6641);
#6641 = CARTESIAN_POINT('',(2.4,38.27,15.05));
#6642 = SURFACE_CURVE('',#6643,(#6647,#6654),.PCURVE_S1.);
#6643 = LINE('',#6644,#6645);
#6644 = CARTESIAN_POINT('',(2.4,48.205,15.05));
#6645 = VECTOR('',#6646,1.);
#6646 = DIRECTION('',(-0.,1.,-1.224646799147E-16));
#6647 = PCURVE('',#5023,#6648);
#6648 = DEFINITIONAL_REPRESENTATION('',(#6649),#6653);
#6649 = LINE('',#6650,#6651);
#6650 = CARTESIAN_POINT('',(-2.,-9.935));
#6651 = VECTOR('',#6652,1.);
#6652 = DIRECTION('',(-0.,1.));
#6653 = ( GEOMETRIC_REPRESENTATION_CONTEXT(2) 
PARAMETRIC_REPRESENTATION_CONTEXT() REPRESENTATION_CONTEXT('2D SPACE',''
  ) );
#6654 = PCURVE('',#6655,#6660);
#6655 = PLANE('',#6656);
#6656 = AXIS2_PLACEMENT_3D('',#6657,#6658,#6659);
#6657 = CARTESIAN_POINT('',(3.4,38.27,15.05));
#6658 = DIRECTION('',(0.,-1.224646799147E-16,-1.));
#6659 = DIRECTION('',(1.,0.,-0.));
#6660 = DEFINITIONAL_REPRESENTATION('',(#6661),#6665);
#6661 = LINE('',#6662,#6663);
#6662 = CARTESIAN_POINT('',(-1.,-9.935));
#6663 = VECTOR('',#6664,1.);
#6664 = DIRECTION('',(-0.,-1.));
#6665 = ( GEOMETRIC_REPRESENTATION_CONTEXT(2) 
PARAMETRIC_REPRESENTATION_CONTEXT() REPRESENTATION_CONTEXT('2D SPACE',''
  ) );
#6666 = ORIENTED_EDGE('',*,*,#6667,.T.);
#6667 = EDGE_CURVE('',#6640,#6543,#6668,.T.);
#6668 = SURFACE_CURVE('',#6669,(#6673,#6680),.PCURVE_S1.);
#6669 = LINE('',#6670,#6671);
#6670 = CARTESIAN_POINT('',(2.4,38.27,16.05));
#6671 = VECTOR('',#6672,1.);
#6672 = DIRECTION('',(0.,-1.224646799147E-16,-1.));
#6673 = PCURVE('',#5023,#6674);
#6674 = DEFINITIONAL_REPRESENTATION('',(#6675),#6679);
#6675 = LINE('',#6676,#6677);
#6676 = CARTESIAN_POINT('',(-1.,-19.87));
#6677 = VECTOR('',#6678,1.);
#6678 = DIRECTION('',(-1.,0.));
#6679 = ( GEOMETRIC_REPRESENTATION_CONTEXT(2) 
PARAMETRIC_REPRESENTATION_CONTEXT() REPRESENTATION_CONTEXT('2D SPACE',''
  ) );
#6680 = PCURVE('',#6681,#6686);
#6681 = PLANE('',#6682);
#6682 = AXIS2_PLACEMENT_3D('',#6683,#6684,#6685);
#6683 = CARTESIAN_POINT('',(3.4,38.27,15.05));
#6684 = DIRECTION('',(0.,-1.,1.224646799147E-16));
#6685 = DIRECTION('',(0.,1.224646799147E-16,1.));
#6686 = DEFINITIONAL_REPRESENTATION('',(#6687),#6691);
#6687 = LINE('',#6688,#6689);
#6688 = CARTESIAN_POINT('',(1.,1.));
#6689 = VECTOR('',#6690,1.);
#6690 = DIRECTION('',(-1.,-0.));
#6691 = ( GEOMETRIC_REPRESENTATION_CONTEXT(2) 
PARAMETRIC_REPRESENTATION_CONTEXT() REPRESENTATION_CONTEXT('2D SPACE',''
  ) );
#6692 = ADVANCED_FACE('',(#6693),#6627,.F.);
#6693 = FACE_BOUND('',#6694,.T.);
#6694 = EDGE_LOOP('',(#6695,#6718,#6719,#6742));
#6695 = ORIENTED_EDGE('',*,*,#6696,.F.);
#6696 = EDGE_CURVE('',#6612,#6697,#6699,.T.);
#6697 = VERTEX_POINT('',#6698);
#6698 = CARTESIAN_POINT('',(0.,22.27,15.05));
#6699 = SURFACE_CURVE('',#6700,(#6704,#6711),.PCURVE_S1.);
#6700 = LINE('',#6701,#6702);
#6701 = CARTESIAN_POINT('',(3.4,22.27,15.05));
#6702 = VECTOR('',#6703,1.);
#6703 = DIRECTION('',(-1.,0.,0.));
#6704 = PCURVE('',#6627,#6705);
#6705 = DEFINITIONAL_REPRESENTATION('',(#6706),#6710);
#6706 = LINE('',#6707,#6708);
#6707 = CARTESIAN_POINT('',(-0.,0.));
#6708 = VECTOR('',#6709,1.);
#6709 = DIRECTION('',(0.,1.));
#6710 = ( GEOMETRIC_REPRESENTATION_CONTEXT(2) 
PARAMETRIC_REPRESENTATION_CONTEXT() REPRESENTATION_CONTEXT('2D SPACE',''
  ) );
#6711 = PCURVE('',#6655,#6712);
#6712 = DEFINITIONAL_REPRESENTATION('',(#6713),#6717);
#6713 = LINE('',#6714,#6715);
#6714 = CARTESIAN_POINT('',(-0.,16.));
#6715 = VECTOR('',#6716,1.);
#6716 = DIRECTION('',(-1.,0.));
#6717 = ( GEOMETRIC_REPRESENTATION_CONTEXT(2) 
PARAMETRIC_REPRESENTATION_CONTEXT() REPRESENTATION_CONTEXT('2D SPACE',''
  ) );
#6718 = ORIENTED_EDGE('',*,*,#6611,.T.);
#6719 = ORIENTED_EDGE('',*,*,#6720,.T.);
#6720 = EDGE_CURVE('',#6589,#6721,#6723,.T.);
#6721 = VERTEX_POINT('',#6722);
#6722 = CARTESIAN_POINT('',(0.,22.27,7.05));
#6723 = SURFACE_CURVE('',#6724,(#6728,#6735),.PCURVE_S1.);
#6724 = LINE('',#6725,#6726);
#6725 = CARTESIAN_POINT('',(3.4,22.27,7.05));
#6726 = VECTOR('',#6727,1.);
#6727 = DIRECTION('',(-1.,0.,0.));
#6728 = PCURVE('',#6627,#6729);
#6729 = DEFINITIONAL_REPRESENTATION('',(#6730),#6734);
#6730 = LINE('',#6731,#6732);
#6731 = CARTESIAN_POINT('',(-8.,0.));
#6732 = VECTOR('',#6733,1.);
#6733 = DIRECTION('',(0.,1.));
#6734 = ( GEOMETRIC_REPRESENTATION_CONTEXT(2) 
PARAMETRIC_REPRESENTATION_CONTEXT() REPRESENTATION_CONTEXT('2D SPACE',''
  ) );
#6735 = PCURVE('',#3985,#6736);
#6736 = DEFINITIONAL_REPRESENTATION('',(#6737),#6741);
#6737 = LINE('',#6738,#6739);
#6738 = CARTESIAN_POINT('',(-125.7,38.27));
#6739 = VECTOR('',#6740,1.);
#6740 = DIRECTION('',(-1.,0.));
#6741 = ( GEOMETRIC_REPRESENTATION_CONTEXT(2) 
PARAMETRIC_REPRESENTATION_CONTEXT() REPRESENTATION_CONTEXT('2D SPACE',''
  ) );
#6742 = ORIENTED_EDGE('',*,*,#6743,.F.);
#6743 = EDGE_CURVE('',#6697,#6721,#6744,.T.);
#6744 = SURFACE_CURVE('',#6745,(#6749,#6756),.PCURVE_S1.);
#6745 = LINE('',#6746,#6747);
#6746 = CARTESIAN_POINT('',(0.,22.27,17.05));
#6747 = VECTOR('',#6748,1.);
#6748 = DIRECTION('',(0.,-1.224646799147E-16,-1.));
#6749 = PCURVE('',#6627,#6750);
#6750 = DEFINITIONAL_REPRESENTATION('',(#6751),#6755);
#6751 = LINE('',#6752,#6753);
#6752 = CARTESIAN_POINT('',(2.,3.4));
#6753 = VECTOR('',#6754,1.);
#6754 = DIRECTION('',(-1.,-0.));
#6755 = ( GEOMETRIC_REPRESENTATION_CONTEXT(2) 
PARAMETRIC_REPRESENTATION_CONTEXT() REPRESENTATION_CONTEXT('2D SPACE',''
  ) );
#6756 = PCURVE('',#4184,#6757);
#6757 = DEFINITIONAL_REPRESENTATION('',(#6758),#6762);
#6758 = LINE('',#6759,#6760);
#6759 = CARTESIAN_POINT('',(-2.,-38.27));
#6760 = VECTOR('',#6761,1.);
#6761 = DIRECTION('',(-1.,0.));
#6762 = ( GEOMETRIC_REPRESENTATION_CONTEXT(2) 
PARAMETRIC_REPRESENTATION_CONTEXT() REPRESENTATION_CONTEXT('2D SPACE',''
  ) );
#6763 = ADVANCED_FACE('',(#6764),#6655,.T.);
#6764 = FACE_BOUND('',#6765,.F.);
#6765 = EDGE_LOOP('',(#6766,#6767,#6768,#6791));
#6766 = ORIENTED_EDGE('',*,*,#6696,.F.);
#6767 = ORIENTED_EDGE('',*,*,#6639,.T.);
#6768 = ORIENTED_EDGE('',*,*,#6769,.T.);
#6769 = EDGE_CURVE('',#6640,#6770,#6772,.T.);
#6770 = VERTEX_POINT('',#6771);
#6771 = CARTESIAN_POINT('',(0.,38.27,15.05));
#6772 = SURFACE_CURVE('',#6773,(#6777,#6784),.PCURVE_S1.);
#6773 = LINE('',#6774,#6775);
#6774 = CARTESIAN_POINT('',(3.4,38.27,15.05));
#6775 = VECTOR('',#6776,1.);
#6776 = DIRECTION('',(-1.,0.,0.));
#6777 = PCURVE('',#6655,#6778);
#6778 = DEFINITIONAL_REPRESENTATION('',(#6779),#6783);
#6779 = LINE('',#6780,#6781);
#6780 = CARTESIAN_POINT('',(-0.,0.));
#6781 = VECTOR('',#6782,1.);
#6782 = DIRECTION('',(-1.,0.));
#6783 = ( GEOMETRIC_REPRESENTATION_CONTEXT(2) 
PARAMETRIC_REPRESENTATION_CONTEXT() REPRESENTATION_CONTEXT('2D SPACE',''
  ) );
#6784 = PCURVE('',#6681,#6785);
#6785 = DEFINITIONAL_REPRESENTATION('',(#6786),#6790);
#6786 = LINE('',#6787,#6788);
#6787 = CARTESIAN_POINT('',(-0.,0.));
#6788 = VECTOR('',#6789,1.);
#6789 = DIRECTION('',(0.,1.));
#6790 = ( GEOMETRIC_REPRESENTATION_CONTEXT(2) 
PARAMETRIC_REPRESENTATION_CONTEXT() REPRESENTATION_CONTEXT('2D SPACE',''
  ) );
#6791 = ORIENTED_EDGE('',*,*,#6792,.F.);
#6792 = EDGE_CURVE('',#6697,#6770,#6793,.T.);
#6793 = SURFACE_CURVE('',#6794,(#6798,#6805),.PCURVE_S1.);
#6794 = LINE('',#6795,#6796);
#6795 = CARTESIAN_POINT('',(0.,49.405,15.05));
#6796 = VECTOR('',#6797,1.);
#6797 = DIRECTION('',(-0.,1.,-1.224646799147E-16));
#6798 = PCURVE('',#6655,#6799);
#6799 = DEFINITIONAL_REPRESENTATION('',(#6800),#6804);
#6800 = LINE('',#6801,#6802);
#6801 = CARTESIAN_POINT('',(-3.4,-11.135));
#6802 = VECTOR('',#6803,1.);
#6803 = DIRECTION('',(-0.,-1.));
#6804 = ( GEOMETRIC_REPRESENTATION_CONTEXT(2) 
PARAMETRIC_REPRESENTATION_CONTEXT() REPRESENTATION_CONTEXT('2D SPACE',''
  ) );
#6805 = PCURVE('',#4184,#6806);
#6806 = DEFINITIONAL_REPRESENTATION('',(#6807),#6811);
#6807 = LINE('',#6808,#6809);
#6808 = CARTESIAN_POINT('',(-4.,-11.135));
#6809 = VECTOR('',#6810,1.);
#6810 = DIRECTION('',(-0.,1.));
#6811 = ( GEOMETRIC_REPRESENTATION_CONTEXT(2) 
PARAMETRIC_REPRESENTATION_CONTEXT() REPRESENTATION_CONTEXT('2D SPACE',''
  ) );
#6812 = ADVANCED_FACE('',(#6813),#6681,.T.);
#6813 = FACE_BOUND('',#6814,.F.);
#6814 = EDGE_LOOP('',(#6815,#6816,#6817,#6840));
#6815 = ORIENTED_EDGE('',*,*,#6769,.F.);
#6816 = ORIENTED_EDGE('',*,*,#6667,.T.);
#6817 = ORIENTED_EDGE('',*,*,#6818,.T.);
#6818 = EDGE_CURVE('',#6543,#6819,#6821,.T.);
#6819 = VERTEX_POINT('',#6820);
#6820 = CARTESIAN_POINT('',(0.,38.27,7.05));
#6821 = SURFACE_CURVE('',#6822,(#6826,#6833),.PCURVE_S1.);
#6822 = LINE('',#6823,#6824);
#6823 = CARTESIAN_POINT('',(3.4,38.27,7.05));
#6824 = VECTOR('',#6825,1.);
#6825 = DIRECTION('',(-1.,0.,0.));
#6826 = PCURVE('',#6681,#6827);
#6827 = DEFINITIONAL_REPRESENTATION('',(#6828),#6832);
#6828 = LINE('',#6829,#6830);
#6829 = CARTESIAN_POINT('',(-8.,0.));
#6830 = VECTOR('',#6831,1.);
#6831 = DIRECTION('',(0.,1.));
#6832 = ( GEOMETRIC_REPRESENTATION_CONTEXT(2) 
PARAMETRIC_REPRESENTATION_CONTEXT() REPRESENTATION_CONTEXT('2D SPACE',''
  ) );
#6833 = PCURVE('',#3985,#6834);
#6834 = DEFINITIONAL_REPRESENTATION('',(#6835),#6839);
#6835 = LINE('',#6836,#6837);
#6836 = CARTESIAN_POINT('',(-125.7,22.27));
#6837 = VECTOR('',#6838,1.);
#6838 = DIRECTION('',(-1.,0.));
#6839 = ( GEOMETRIC_REPRESENTATION_CONTEXT(2) 
PARAMETRIC_REPRESENTATION_CONTEXT() REPRESENTATION_CONTEXT('2D SPACE',''
  ) );
#6840 = ORIENTED_EDGE('',*,*,#6841,.F.);
#6841 = EDGE_CURVE('',#6770,#6819,#6842,.T.);
#6842 = SURFACE_CURVE('',#6843,(#6847,#6854),.PCURVE_S1.);
#6843 = LINE('',#6844,#6845);
#6844 = CARTESIAN_POINT('',(0.,38.27,17.05));
#6845 = VECTOR('',#6846,1.);
#6846 = DIRECTION('',(0.,-1.224646799147E-16,-1.));
#6847 = PCURVE('',#6681,#6848);
#6848 = DEFINITIONAL_REPRESENTATION('',(#6849),#6853);
#6849 = LINE('',#6850,#6851);
#6850 = CARTESIAN_POINT('',(2.,3.4));
#6851 = VECTOR('',#6852,1.);
#6852 = DIRECTION('',(-1.,-0.));
#6853 = ( GEOMETRIC_REPRESENTATION_CONTEXT(2) 
PARAMETRIC_REPRESENTATION_CONTEXT() REPRESENTATION_CONTEXT('2D SPACE',''
  ) );
#6854 = PCURVE('',#4184,#6855);
#6855 = DEFINITIONAL_REPRESENTATION('',(#6856),#6860);
#6856 = LINE('',#6857,#6858);
#6857 = CARTESIAN_POINT('',(-2.,-22.27));
#6858 = VECTOR('',#6859,1.);
#6859 = DIRECTION('',(-1.,0.));
#6860 = ( GEOMETRIC_REPRESENTATION_CONTEXT(2) 
PARAMETRIC_REPRESENTATION_CONTEXT() REPRESENTATION_CONTEXT('2D SPACE',''
  ) );
#6861 = ADVANCED_FACE('',(#6862),#4995,.F.);
#6862 = FACE_BOUND('',#6863,.F.);
#6863 = EDGE_LOOP('',(#6864,#6865,#6866,#6889));
#6864 = ORIENTED_EDGE('',*,*,#6565,.F.);
#6865 = ORIENTED_EDGE('',*,*,#4978,.T.);
#6866 = ORIENTED_EDGE('',*,*,#6867,.T.);
#6867 = EDGE_CURVE('',#4951,#6868,#6870,.T.);
#6868 = VERTEX_POINT('',#6869);
#6869 = CARTESIAN_POINT('',(5.,58.14,7.05));
#6870 = SURFACE_CURVE('',#6871,(#6875,#6882),.PCURVE_S1.);
#6871 = LINE('',#6872,#6873);
#6872 = CARTESIAN_POINT('',(5.,58.14,17.05));
#6873 = VECTOR('',#6874,1.);
#6874 = DIRECTION('',(0.,-1.224646799147E-16,-1.));
#6875 = PCURVE('',#4995,#6876);
#6876 = DEFINITIONAL_REPRESENTATION('',(#6877),#6881);
#6877 = LINE('',#6878,#6879);
#6878 = CARTESIAN_POINT('',(1.570796326795,0.));
#6879 = VECTOR('',#6880,1.);
#6880 = DIRECTION('',(0.,1.));
#6881 = ( GEOMETRIC_REPRESENTATION_CONTEXT(2) 
PARAMETRIC_REPRESENTATION_CONTEXT() REPRESENTATION_CONTEXT('2D SPACE',''
  ) );
#6882 = PCURVE('',#4966,#6883);
#6883 = DEFINITIONAL_REPRESENTATION('',(#6884),#6888);
#6884 = LINE('',#6885,#6886);
#6885 = CARTESIAN_POINT('',(0.,121.7));
#6886 = VECTOR('',#6887,1.);
#6887 = DIRECTION('',(-1.,-0.));
#6888 = ( GEOMETRIC_REPRESENTATION_CONTEXT(2) 
PARAMETRIC_REPRESENTATION_CONTEXT() REPRESENTATION_CONTEXT('2D SPACE',''
  ) );
#6889 = ORIENTED_EDGE('',*,*,#6890,.T.);
#6890 = EDGE_CURVE('',#6868,#6541,#6891,.T.);
#6891 = SURFACE_CURVE('',#6892,(#6897,#6904),.PCURVE_S1.);
#6892 = CIRCLE('',#6893,2.6);
#6893 = AXIS2_PLACEMENT_3D('',#6894,#6895,#6896);
#6894 = CARTESIAN_POINT('',(5.,55.54,7.05));
#6895 = DIRECTION('',(0.,1.224646799147E-16,1.));
#6896 = DIRECTION('',(-1.,0.,0.));
#6897 = PCURVE('',#4995,#6898);
#6898 = DEFINITIONAL_REPRESENTATION('',(#6899),#6903);
#6899 = LINE('',#6900,#6901);
#6900 = CARTESIAN_POINT('',(6.28318530718,10.));
#6901 = VECTOR('',#6902,1.);
#6902 = DIRECTION('',(-1.,0.));
#6903 = ( GEOMETRIC_REPRESENTATION_CONTEXT(2) 
PARAMETRIC_REPRESENTATION_CONTEXT() REPRESENTATION_CONTEXT('2D SPACE',''
  ) );
#6904 = PCURVE('',#3985,#6905);
#6905 = DEFINITIONAL_REPRESENTATION('',(#6906),#6914);
#6906 = ( BOUNDED_CURVE() B_SPLINE_CURVE(2,(#6907,#6908,#6909,#6910,
#6911,#6912,#6913),.UNSPECIFIED.,.T.,.F.) B_SPLINE_CURVE_WITH_KNOTS((1,2
    ,2,2,2,1),(-2.094395102393,0.,2.094395102393,4.188790204786,
6.28318530718,8.377580409573),.UNSPECIFIED.) CURVE() 
GEOMETRIC_REPRESENTATION_ITEM() RATIONAL_B_SPLINE_CURVE((1.,0.5,1.,0.5,
1.,0.5,1.)) REPRESENTATION_ITEM('') );
#6907 = CARTESIAN_POINT('',(-126.7,5.));
#6908 = CARTESIAN_POINT('',(-126.7,9.503332099679));
#6909 = CARTESIAN_POINT('',(-122.8,7.25166604984));
#6910 = CARTESIAN_POINT('',(-118.9,5.));
#6911 = CARTESIAN_POINT('',(-122.8,2.74833395016));
#6912 = CARTESIAN_POINT('',(-126.7,0.496667900321));
#6913 = CARTESIAN_POINT('',(-126.7,5.));
#6914 = ( GEOMETRIC_REPRESENTATION_CONTEXT(2) 
PARAMETRIC_REPRESENTATION_CONTEXT() REPRESENTATION_CONTEXT('2D SPACE',''
  ) );
#6915 = ADVANCED_FACE('',(#6916),#4966,.T.);
#6916 = FACE_BOUND('',#6917,.F.);
#6917 = EDGE_LOOP('',(#6918,#6919,#6942,#6963));
#6918 = ORIENTED_EDGE('',*,*,#4950,.F.);
#6919 = ORIENTED_EDGE('',*,*,#6920,.T.);
#6920 = EDGE_CURVE('',#4918,#6921,#6923,.T.);
#6921 = VERTEX_POINT('',#6922);
#6922 = CARTESIAN_POINT('',(124.1,58.14,7.05));
#6923 = SURFACE_CURVE('',#6924,(#6928,#6935),.PCURVE_S1.);
#6924 = LINE('',#6925,#6926);
#6925 = CARTESIAN_POINT('',(124.1,58.14,17.05));
#6926 = VECTOR('',#6927,1.);
#6927 = DIRECTION('',(0.,-1.224646799147E-16,-1.));
#6928 = PCURVE('',#4966,#6929);
#6929 = DEFINITIONAL_REPRESENTATION('',(#6930),#6934);
#6930 = LINE('',#6931,#6932);
#6931 = CARTESIAN_POINT('',(0.,2.6));
#6932 = VECTOR('',#6933,1.);
#6933 = DIRECTION('',(-1.,-0.));
#6934 = ( GEOMETRIC_REPRESENTATION_CONTEXT(2) 
PARAMETRIC_REPRESENTATION_CONTEXT() REPRESENTATION_CONTEXT('2D SPACE',''
  ) );
#6935 = PCURVE('',#4938,#6936);
#6936 = DEFINITIONAL_REPRESENTATION('',(#6937),#6941);
#6937 = LINE('',#6938,#6939);
#6938 = CARTESIAN_POINT('',(-1.570796326795,0.));
#6939 = VECTOR('',#6940,1.);
#6940 = DIRECTION('',(-0.,1.));
#6941 = ( GEOMETRIC_REPRESENTATION_CONTEXT(2) 
PARAMETRIC_REPRESENTATION_CONTEXT() REPRESENTATION_CONTEXT('2D SPACE',''
  ) );
#6942 = ORIENTED_EDGE('',*,*,#6943,.F.);
#6943 = EDGE_CURVE('',#6868,#6921,#6944,.T.);
#6944 = SURFACE_CURVE('',#6945,(#6949,#6956),.PCURVE_S1.);
#6945 = LINE('',#6946,#6947);
#6946 = CARTESIAN_POINT('',(127.9,58.14,7.05));
#6947 = VECTOR('',#6948,1.);
#6948 = DIRECTION('',(1.,0.,0.));
#6949 = PCURVE('',#4966,#6950);
#6950 = DEFINITIONAL_REPRESENTATION('',(#6951),#6955);
#6951 = LINE('',#6952,#6953);
#6952 = CARTESIAN_POINT('',(-10.,-1.2));
#6953 = VECTOR('',#6954,1.);
#6954 = DIRECTION('',(-0.,-1.));
#6955 = ( GEOMETRIC_REPRESENTATION_CONTEXT(2) 
PARAMETRIC_REPRESENTATION_CONTEXT() REPRESENTATION_CONTEXT('2D SPACE',''
  ) );
#6956 = PCURVE('',#3985,#6957);
#6957 = DEFINITIONAL_REPRESENTATION('',(#6958),#6962);
#6958 = LINE('',#6959,#6960);
#6959 = CARTESIAN_POINT('',(-1.2,2.4));
#6960 = VECTOR('',#6961,1.);
#6961 = DIRECTION('',(1.,-0.));
#6962 = ( GEOMETRIC_REPRESENTATION_CONTEXT(2) 
PARAMETRIC_REPRESENTATION_CONTEXT() REPRESENTATION_CONTEXT('2D SPACE',''
  ) );
#6963 = ORIENTED_EDGE('',*,*,#6867,.F.);
#6964 = ADVANCED_FACE('',(#6965),#4938,.F.);
#6965 = FACE_BOUND('',#6966,.T.);
#6966 = EDGE_LOOP('',(#6967,#6990,#6991,#6992));
#6967 = ORIENTED_EDGE('',*,*,#6968,.F.);
#6968 = EDGE_CURVE('',#4888,#6969,#6971,.T.);
#6969 = VERTEX_POINT('',#6970);
#6970 = CARTESIAN_POINT('',(126.7,55.54,7.05));
#6971 = SURFACE_CURVE('',#6972,(#6976,#6983),.PCURVE_S1.);
#6972 = LINE('',#6973,#6974);
#6973 = CARTESIAN_POINT('',(126.7,55.54,17.05));
#6974 = VECTOR('',#6975,1.);
#6975 = DIRECTION('',(0.,-1.224646799147E-16,-1.));
#6976 = PCURVE('',#4938,#6977);
#6977 = DEFINITIONAL_REPRESENTATION('',(#6978),#6982);
#6978 = LINE('',#6979,#6980);
#6979 = CARTESIAN_POINT('',(-0.,0.));
#6980 = VECTOR('',#6981,1.);
#6981 = DIRECTION('',(-0.,1.));
#6982 = ( GEOMETRIC_REPRESENTATION_CONTEXT(2) 
PARAMETRIC_REPRESENTATION_CONTEXT() REPRESENTATION_CONTEXT('2D SPACE',''
  ) );
#6983 = PCURVE('',#4905,#6984);
#6984 = DEFINITIONAL_REPRESENTATION('',(#6985),#6989);
#6985 = LINE('',#6986,#6987);
#6986 = CARTESIAN_POINT('',(-3.184081677783E-16,-2.6));
#6987 = VECTOR('',#6988,1.);
#6988 = DIRECTION('',(-1.,0.));
#6989 = ( GEOMETRIC_REPRESENTATION_CONTEXT(2) 
PARAMETRIC_REPRESENTATION_CONTEXT() REPRESENTATION_CONTEXT('2D SPACE',''
  ) );
#6990 = ORIENTED_EDGE('',*,*,#4917,.T.);
#6991 = ORIENTED_EDGE('',*,*,#6920,.T.);
#6992 = ORIENTED_EDGE('',*,*,#6993,.F.);
#6993 = EDGE_CURVE('',#6969,#6921,#6994,.T.);
#6994 = SURFACE_CURVE('',#6995,(#7000,#7007),.PCURVE_S1.);
#6995 = CIRCLE('',#6996,2.6);
#6996 = AXIS2_PLACEMENT_3D('',#6997,#6998,#6999);
#6997 = CARTESIAN_POINT('',(124.1,55.54,7.05));
#6998 = DIRECTION('',(-0.,1.224646799147E-16,1.));
#6999 = DIRECTION('',(1.,0.,0.));
#7000 = PCURVE('',#4938,#7001);
#7001 = DEFINITIONAL_REPRESENTATION('',(#7002),#7006);
#7002 = LINE('',#7003,#7004);
#7003 = CARTESIAN_POINT('',(-0.,10.));
#7004 = VECTOR('',#7005,1.);
#7005 = DIRECTION('',(-1.,0.));
#7006 = ( GEOMETRIC_REPRESENTATION_CONTEXT(2) 
PARAMETRIC_REPRESENTATION_CONTEXT() REPRESENTATION_CONTEXT('2D SPACE',''
  ) );
#7007 = PCURVE('',#3985,#7008);
#7008 = DEFINITIONAL_REPRESENTATION('',(#7009),#7017);
#7009 = ( BOUNDED_CURVE() B_SPLINE_CURVE(2,(#7010,#7011,#7012,#7013,
#7014,#7015,#7016),.UNSPECIFIED.,.T.,.F.) B_SPLINE_CURVE_WITH_KNOTS((1,2
    ,2,2,2,1),(-2.094395102393,0.,2.094395102393,4.188790204786,
6.28318530718,8.377580409573),.UNSPECIFIED.) CURVE() 
GEOMETRIC_REPRESENTATION_ITEM() RATIONAL_B_SPLINE_CURVE((1.,0.5,1.,0.5,
1.,0.5,1.)) REPRESENTATION_ITEM('') );
#7010 = CARTESIAN_POINT('',(-2.4,5.));
#7011 = CARTESIAN_POINT('',(-2.4,0.496667900321));
#7012 = CARTESIAN_POINT('',(-6.3,2.74833395016));
#7013 = CARTESIAN_POINT('',(-10.2,5.));
#7014 = CARTESIAN_POINT('',(-6.3,7.25166604984));
#7015 = CARTESIAN_POINT('',(-2.4,9.503332099679));
#7016 = CARTESIAN_POINT('',(-2.4,5.));
#7017 = ( GEOMETRIC_REPRESENTATION_CONTEXT(2) 
PARAMETRIC_REPRESENTATION_CONTEXT() REPRESENTATION_CONTEXT('2D SPACE',''
  ) );
#7018 = ADVANCED_FACE('',(#7019),#4905,.T.);
#7019 = FACE_BOUND('',#7020,.F.);
#7020 = EDGE_LOOP('',(#7021,#7042,#7043,#7044));
#7021 = ORIENTED_EDGE('',*,*,#7022,.F.);
#7022 = EDGE_CURVE('',#6969,#6362,#7023,.T.);
#7023 = SURFACE_CURVE('',#7024,(#7028,#7035),.PCURVE_S1.);
#7024 = LINE('',#7025,#7026);
#7025 = CARTESIAN_POINT('',(126.7,59.34,7.05));
#7026 = VECTOR('',#7027,1.);
#7027 = DIRECTION('',(0.,-1.,1.224646799147E-16));
#7028 = PCURVE('',#4905,#7029);
#7029 = DEFINITIONAL_REPRESENTATION('',(#7030),#7034);
#7030 = LINE('',#7031,#7032);
#7031 = CARTESIAN_POINT('',(-10.,1.2));
#7032 = VECTOR('',#7033,1.);
#7033 = DIRECTION('',(-0.,-1.));
#7034 = ( GEOMETRIC_REPRESENTATION_CONTEXT(2) 
PARAMETRIC_REPRESENTATION_CONTEXT() REPRESENTATION_CONTEXT('2D SPACE',''
  ) );
#7035 = PCURVE('',#3985,#7036);
#7036 = DEFINITIONAL_REPRESENTATION('',(#7037),#7041);
#7037 = LINE('',#7038,#7039);
#7038 = CARTESIAN_POINT('',(-2.4,1.2));
#7039 = VECTOR('',#7040,1.);
#7040 = DIRECTION('',(-0.,1.));
#7041 = ( GEOMETRIC_REPRESENTATION_CONTEXT(2) 
PARAMETRIC_REPRESENTATION_CONTEXT() REPRESENTATION_CONTEXT('2D SPACE',''
  ) );
#7042 = ORIENTED_EDGE('',*,*,#6968,.F.);
#7043 = ORIENTED_EDGE('',*,*,#4887,.T.);
#7044 = ORIENTED_EDGE('',*,*,#6361,.T.);
#7045 = ADVANCED_FACE('',(#7046),#4598,.T.);
#7046 = FACE_BOUND('',#7047,.F.);
#7047 = EDGE_LOOP('',(#7048,#7069,#7070,#7091));
#7048 = ORIENTED_EDGE('',*,*,#7049,.F.);
#7049 = EDGE_CURVE('',#4557,#5476,#7050,.T.);
#7050 = SURFACE_CURVE('',#7051,(#7055,#7062),.PCURVE_S1.);
#7051 = LINE('',#7052,#7053);
#7052 = CARTESIAN_POINT('',(32.35,31.0052,19.55));
#7053 = VECTOR('',#7054,1.);
#7054 = DIRECTION('',(0.,-1.224646799147E-16,-1.));
#7055 = PCURVE('',#4598,#7056);
#7056 = DEFINITIONAL_REPRESENTATION('',(#7057),#7061);
#7057 = LINE('',#7058,#7059);
#7058 = CARTESIAN_POINT('',(0.,4.4));
#7059 = VECTOR('',#7060,1.);
#7060 = DIRECTION('',(-1.,-0.));
#7061 = ( GEOMETRIC_REPRESENTATION_CONTEXT(2) 
PARAMETRIC_REPRESENTATION_CONTEXT() REPRESENTATION_CONTEXT('2D SPACE',''
  ) );
#7062 = PCURVE('',#4572,#7063);
#7063 = DEFINITIONAL_REPRESENTATION('',(#7064),#7068);
#7064 = LINE('',#7065,#7066);
#7065 = CARTESIAN_POINT('',(-0.,0.));
#7066 = VECTOR('',#7067,1.);
#7067 = DIRECTION('',(-1.,0.));
#7068 = ( GEOMETRIC_REPRESENTATION_CONTEXT(2) 
PARAMETRIC_REPRESENTATION_CONTEXT() REPRESENTATION_CONTEXT('2D SPACE',''
  ) );
#7069 = ORIENTED_EDGE('',*,*,#4584,.T.);
#7070 = ORIENTED_EDGE('',*,*,#7071,.T.);
#7071 = EDGE_CURVE('',#4494,#5423,#7072,.T.);
#7072 = SURFACE_CURVE('',#7073,(#7077,#7084),.PCURVE_S1.);
#7073 = LINE('',#7074,#7075);
#7074 = CARTESIAN_POINT('',(36.75,31.0052,19.55));
#7075 = VECTOR('',#7076,1.);
#7076 = DIRECTION('',(0.,-1.224646799147E-16,-1.));
#7077 = PCURVE('',#4598,#7078);
#7078 = DEFINITIONAL_REPRESENTATION('',(#7079),#7083);
#7079 = LINE('',#7080,#7081);
#7080 = CARTESIAN_POINT('',(-0.,0.));
#7081 = VECTOR('',#7082,1.);
#7082 = DIRECTION('',(-1.,-0.));
#7083 = ( GEOMETRIC_REPRESENTATION_CONTEXT(2) 
PARAMETRIC_REPRESENTATION_CONTEXT() REPRESENTATION_CONTEXT('2D SPACE',''
  ) );
#7084 = PCURVE('',#4511,#7085);
#7085 = DEFINITIONAL_REPRESENTATION('',(#7086),#7090);
#7086 = LINE('',#7087,#7088);
#7087 = CARTESIAN_POINT('',(-0.,0.));
#7088 = VECTOR('',#7089,1.);
#7089 = DIRECTION('',(-1.,0.));
#7090 = ( GEOMETRIC_REPRESENTATION_CONTEXT(2) 
PARAMETRIC_REPRESENTATION_CONTEXT() REPRESENTATION_CONTEXT('2D SPACE',''
  ) );
#7091 = ORIENTED_EDGE('',*,*,#5498,.F.);
#7092 = ADVANCED_FACE('',(#7093),#4572,.F.);
#7093 = FACE_BOUND('',#7094,.T.);
#7094 = EDGE_LOOP('',(#7095,#7096,#7097,#7118));
#7095 = ORIENTED_EDGE('',*,*,#7049,.F.);
#7096 = ORIENTED_EDGE('',*,*,#4556,.T.);
#7097 = ORIENTED_EDGE('',*,*,#7098,.F.);
#7098 = EDGE_CURVE('',#5448,#4524,#7099,.T.);
#7099 = SURFACE_CURVE('',#7100,(#7104,#7111),.PCURVE_S1.);
#7100 = LINE('',#7101,#7102);
#7101 = CARTESIAN_POINT('',(32.35,26.582908764,19.55));
#7102 = VECTOR('',#7103,1.);
#7103 = DIRECTION('',(0.,1.224646799147E-16,1.));
#7104 = PCURVE('',#4572,#7105);
#7105 = DEFINITIONAL_REPRESENTATION('',(#7106),#7110);
#7106 = LINE('',#7107,#7108);
#7107 = CARTESIAN_POINT('',(-5.415744807065E-16,-4.422291236));
#7108 = VECTOR('',#7109,1.);
#7109 = DIRECTION('',(1.,-0.));
#7110 = ( GEOMETRIC_REPRESENTATION_CONTEXT(2) 
PARAMETRIC_REPRESENTATION_CONTEXT() REPRESENTATION_CONTEXT('2D SPACE',''
  ) );
#7111 = PCURVE('',#4544,#7112);
#7112 = DEFINITIONAL_REPRESENTATION('',(#7113),#7117);
#7113 = LINE('',#7114,#7115);
#7114 = CARTESIAN_POINT('',(5.263705949517,0.));
#7115 = VECTOR('',#7116,1.);
#7116 = DIRECTION('',(0.,1.));
#7117 = ( GEOMETRIC_REPRESENTATION_CONTEXT(2) 
PARAMETRIC_REPRESENTATION_CONTEXT() REPRESENTATION_CONTEXT('2D SPACE',''
  ) );
#7118 = ORIENTED_EDGE('',*,*,#5475,.F.);
#7119 = ADVANCED_FACE('',(#7120),#4544,.F.);
#7120 = FACE_BOUND('',#7121,.F.);
#7121 = EDGE_LOOP('',(#7122,#7123,#7124,#7125));
#7122 = ORIENTED_EDGE('',*,*,#4523,.F.);
#7123 = ORIENTED_EDGE('',*,*,#7098,.F.);
#7124 = ORIENTED_EDGE('',*,*,#5447,.T.);
#7125 = ORIENTED_EDGE('',*,*,#7126,.T.);
#7126 = EDGE_CURVE('',#5425,#4496,#7127,.T.);
#7127 = SURFACE_CURVE('',#7128,(#7132,#7139),.PCURVE_S1.);
#7128 = LINE('',#7129,#7130);
#7129 = CARTESIAN_POINT('',(36.75,26.582908764,19.55));
#7130 = VECTOR('',#7131,1.);
#7131 = DIRECTION('',(0.,1.224646799147E-16,1.));
#7132 = PCURVE('',#4544,#7133);
#7133 = DEFINITIONAL_REPRESENTATION('',(#7134),#7138);
#7134 = LINE('',#7135,#7136);
#7135 = CARTESIAN_POINT('',(10.444257318432,0.));
#7136 = VECTOR('',#7137,1.);
#7137 = DIRECTION('',(0.,1.));
#7138 = ( GEOMETRIC_REPRESENTATION_CONTEXT(2) 
PARAMETRIC_REPRESENTATION_CONTEXT() REPRESENTATION_CONTEXT('2D SPACE',''
  ) );
#7139 = PCURVE('',#4511,#7140);
#7140 = DEFINITIONAL_REPRESENTATION('',(#7141),#7145);
#7141 = LINE('',#7142,#7143);
#7142 = CARTESIAN_POINT('',(-5.415744807065E-16,-4.422291236));
#7143 = VECTOR('',#7144,1.);
#7144 = DIRECTION('',(1.,-0.));
#7145 = ( GEOMETRIC_REPRESENTATION_CONTEXT(2) 
PARAMETRIC_REPRESENTATION_CONTEXT() REPRESENTATION_CONTEXT('2D SPACE',''
  ) );
#7146 = ADVANCED_FACE('',(#7147),#4511,.T.);
#7147 = FACE_BOUND('',#7148,.F.);
#7148 = EDGE_LOOP('',(#7149,#7150,#7151,#7152));
#7149 = ORIENTED_EDGE('',*,*,#7071,.F.);
#7150 = ORIENTED_EDGE('',*,*,#4493,.T.);
#7151 = ORIENTED_EDGE('',*,*,#7126,.F.);
#7152 = ORIENTED_EDGE('',*,*,#5422,.F.);
#7153 = ADVANCED_FACE('',(#7154),#4479,.F.);
#7154 = FACE_BOUND('',#7155,.F.);
#7155 = EDGE_LOOP('',(#7156,#7157,#7178,#7179));
#7156 = ORIENTED_EDGE('',*,*,#4462,.T.);
#7157 = ORIENTED_EDGE('',*,*,#7158,.T.);
#7158 = EDGE_CURVE('',#4463,#5836,#7159,.T.);
#7159 = SEAM_CURVE('',#7160,(#7164,#7171),.PCURVE_S1.);
#7160 = LINE('',#7161,#7162);
#7161 = CARTESIAN_POINT('',(119.,7.4,19.06));
#7162 = VECTOR('',#7163,1.);
#7163 = DIRECTION('',(0.,-1.224646799147E-16,-1.));
#7164 = PCURVE('',#4479,#7165);
#7165 = DEFINITIONAL_REPRESENTATION('',(#7166),#7170);
#7166 = LINE('',#7167,#7168);
#7167 = CARTESIAN_POINT('',(6.28318530718,0.));
#7168 = VECTOR('',#7169,1.);
#7169 = DIRECTION('',(0.,-1.));
#7170 = ( GEOMETRIC_REPRESENTATION_CONTEXT(2) 
PARAMETRIC_REPRESENTATION_CONTEXT() REPRESENTATION_CONTEXT('2D SPACE',''
  ) );
#7171 = PCURVE('',#4479,#7172);
#7172 = DEFINITIONAL_REPRESENTATION('',(#7173),#7177);
#7173 = LINE('',#7174,#7175);
#7174 = CARTESIAN_POINT('',(0.,0.));
#7175 = VECTOR('',#7176,1.);
#7176 = DIRECTION('',(0.,-1.));
#7177 = ( GEOMETRIC_REPRESENTATION_CONTEXT(2) 
PARAMETRIC_REPRESENTATION_CONTEXT() REPRESENTATION_CONTEXT('2D SPACE',''
  ) );
#7178 = ORIENTED_EDGE('',*,*,#5835,.T.);
#7179 = ORIENTED_EDGE('',*,*,#7158,.F.);
#7180 = ADVANCED_FACE('',(#7181),#4448,.T.);
#7181 = FACE_BOUND('',#7182,.F.);
#7182 = EDGE_LOOP('',(#7183,#7204,#7205,#7226));
#7183 = ORIENTED_EDGE('',*,*,#7184,.F.);
#7184 = EDGE_CURVE('',#4407,#5311,#7185,.T.);
#7185 = SURFACE_CURVE('',#7186,(#7190,#7197),.PCURVE_S1.);
#7186 = LINE('',#7187,#7188);
#7187 = CARTESIAN_POINT('',(92.35,31.0052,19.55));
#7188 = VECTOR('',#7189,1.);
#7189 = DIRECTION('',(0.,-1.224646799147E-16,-1.));
#7190 = PCURVE('',#4448,#7191);
#7191 = DEFINITIONAL_REPRESENTATION('',(#7192),#7196);
#7192 = LINE('',#7193,#7194);
#7193 = CARTESIAN_POINT('',(0.,4.4));
#7194 = VECTOR('',#7195,1.);
#7195 = DIRECTION('',(-1.,-0.));
#7196 = ( GEOMETRIC_REPRESENTATION_CONTEXT(2) 
PARAMETRIC_REPRESENTATION_CONTEXT() REPRESENTATION_CONTEXT('2D SPACE',''
  ) );
#7197 = PCURVE('',#4422,#7198);
#7198 = DEFINITIONAL_REPRESENTATION('',(#7199),#7203);
#7199 = LINE('',#7200,#7201);
#7200 = CARTESIAN_POINT('',(-0.,0.));
#7201 = VECTOR('',#7202,1.);
#7202 = DIRECTION('',(-1.,0.));
#7203 = ( GEOMETRIC_REPRESENTATION_CONTEXT(2) 
PARAMETRIC_REPRESENTATION_CONTEXT() REPRESENTATION_CONTEXT('2D SPACE',''
  ) );
#7204 = ORIENTED_EDGE('',*,*,#4434,.T.);
#7205 = ORIENTED_EDGE('',*,*,#7206,.T.);
#7206 = EDGE_CURVE('',#4344,#5258,#7207,.T.);
#7207 = SURFACE_CURVE('',#7208,(#7212,#7219),.PCURVE_S1.);
#7208 = LINE('',#7209,#7210);
#7209 = CARTESIAN_POINT('',(96.75,31.0052,19.55));
#7210 = VECTOR('',#7211,1.);
#7211 = DIRECTION('',(0.,-1.224646799147E-16,-1.));
#7212 = PCURVE('',#4448,#7213);
#7213 = DEFINITIONAL_REPRESENTATION('',(#7214),#7218);
#7214 = LINE('',#7215,#7216);
#7215 = CARTESIAN_POINT('',(-0.,0.));
#7216 = VECTOR('',#7217,1.);
#7217 = DIRECTION('',(-1.,-0.));
#7218 = ( GEOMETRIC_REPRESENTATION_CONTEXT(2) 
PARAMETRIC_REPRESENTATION_CONTEXT() REPRESENTATION_CONTEXT('2D SPACE',''
  ) );
#7219 = PCURVE('',#4361,#7220);
#7220 = DEFINITIONAL_REPRESENTATION('',(#7221),#7225);
#7221 = LINE('',#7222,#7223);
#7222 = CARTESIAN_POINT('',(-0.,0.));
#7223 = VECTOR('',#7224,1.);
#7224 = DIRECTION('',(-1.,0.));
#7225 = ( GEOMETRIC_REPRESENTATION_CONTEXT(2) 
PARAMETRIC_REPRESENTATION_CONTEXT() REPRESENTATION_CONTEXT('2D SPACE',''
  ) );
#7226 = ORIENTED_EDGE('',*,*,#5333,.F.);
#7227 = ADVANCED_FACE('',(#7228),#4422,.F.);
#7228 = FACE_BOUND('',#7229,.T.);
#7229 = EDGE_LOOP('',(#7230,#7231,#7232,#7253));
#7230 = ORIENTED_EDGE('',*,*,#7184,.F.);
#7231 = ORIENTED_EDGE('',*,*,#4406,.T.);
#7232 = ORIENTED_EDGE('',*,*,#7233,.F.);
#7233 = EDGE_CURVE('',#5283,#4374,#7234,.T.);
#7234 = SURFACE_CURVE('',#7235,(#7239,#7246),.PCURVE_S1.);
#7235 = LINE('',#7236,#7237);
#7236 = CARTESIAN_POINT('',(92.35,26.582908764,19.55));
#7237 = VECTOR('',#7238,1.);
#7238 = DIRECTION('',(0.,1.224646799147E-16,1.));
#7239 = PCURVE('',#4422,#7240);
#7240 = DEFINITIONAL_REPRESENTATION('',(#7241),#7245);
#7241 = LINE('',#7242,#7243);
#7242 = CARTESIAN_POINT('',(-5.415744807065E-16,-4.422291236));
#7243 = VECTOR('',#7244,1.);
#7244 = DIRECTION('',(1.,-0.));
#7245 = ( GEOMETRIC_REPRESENTATION_CONTEXT(2) 
PARAMETRIC_REPRESENTATION_CONTEXT() REPRESENTATION_CONTEXT('2D SPACE',''
  ) );
#7246 = PCURVE('',#4394,#7247);
#7247 = DEFINITIONAL_REPRESENTATION('',(#7248),#7252);
#7248 = LINE('',#7249,#7250);
#7249 = CARTESIAN_POINT('',(5.263705949517,0.));
#7250 = VECTOR('',#7251,1.);
#7251 = DIRECTION('',(0.,1.));
#7252 = ( GEOMETRIC_REPRESENTATION_CONTEXT(2) 
PARAMETRIC_REPRESENTATION_CONTEXT() REPRESENTATION_CONTEXT('2D SPACE',''
  ) );
#7253 = ORIENTED_EDGE('',*,*,#5310,.F.);
#7254 = ADVANCED_FACE('',(#7255),#4394,.F.);
#7255 = FACE_BOUND('',#7256,.F.);
#7256 = EDGE_LOOP('',(#7257,#7258,#7259,#7260));
#7257 = ORIENTED_EDGE('',*,*,#4373,.F.);
#7258 = ORIENTED_EDGE('',*,*,#7233,.F.);
#7259 = ORIENTED_EDGE('',*,*,#5282,.T.);
#7260 = ORIENTED_EDGE('',*,*,#7261,.T.);
#7261 = EDGE_CURVE('',#5260,#4346,#7262,.T.);
#7262 = SURFACE_CURVE('',#7263,(#7267,#7274),.PCURVE_S1.);
#7263 = LINE('',#7264,#7265);
#7264 = CARTESIAN_POINT('',(96.75,26.582908764,19.55));
#7265 = VECTOR('',#7266,1.);
#7266 = DIRECTION('',(0.,1.224646799147E-16,1.));
#7267 = PCURVE('',#4394,#7268);
#7268 = DEFINITIONAL_REPRESENTATION('',(#7269),#7273);
#7269 = LINE('',#7270,#7271);
#7270 = CARTESIAN_POINT('',(10.444257318432,0.));
#7271 = VECTOR('',#7272,1.);
#7272 = DIRECTION('',(0.,1.));
#7273 = ( GEOMETRIC_REPRESENTATION_CONTEXT(2) 
PARAMETRIC_REPRESENTATION_CONTEXT() REPRESENTATION_CONTEXT('2D SPACE',''
  ) );
#7274 = PCURVE('',#4361,#7275);
#7275 = DEFINITIONAL_REPRESENTATION('',(#7276),#7280);
#7276 = LINE('',#7277,#7278);
#7277 = CARTESIAN_POINT('',(-5.415744807065E-16,-4.422291236));
#7278 = VECTOR('',#7279,1.);
#7279 = DIRECTION('',(1.,-0.));
#7280 = ( GEOMETRIC_REPRESENTATION_CONTEXT(2) 
PARAMETRIC_REPRESENTATION_CONTEXT() REPRESENTATION_CONTEXT('2D SPACE',''
  ) );
#7281 = ADVANCED_FACE('',(#7282),#4361,.T.);
#7282 = FACE_BOUND('',#7283,.F.);
#7283 = EDGE_LOOP('',(#7284,#7285,#7286,#7287));
#7284 = ORIENTED_EDGE('',*,*,#7206,.F.);
#7285 = ORIENTED_EDGE('',*,*,#4343,.T.);
#7286 = ORIENTED_EDGE('',*,*,#7261,.F.);
#7287 = ORIENTED_EDGE('',*,*,#5257,.F.);
#7288 = ADVANCED_FACE('',(#7289),#4329,.F.);
#7289 = FACE_BOUND('',#7290,.F.);
#7290 = EDGE_LOOP('',(#7291,#7292,#7313,#7314));
#7291 = ORIENTED_EDGE('',*,*,#4312,.T.);
#7292 = ORIENTED_EDGE('',*,*,#7293,.T.);
#7293 = EDGE_CURVE('',#4313,#6019,#7294,.T.);
#7294 = SEAM_CURVE('',#7295,(#7299,#7306),.PCURVE_S1.);
#7295 = LINE('',#7296,#7297);
#7296 = CARTESIAN_POINT('',(6.2,53.14,19.06));
#7297 = VECTOR('',#7298,1.);
#7298 = DIRECTION('',(0.,-1.224646799147E-16,-1.));
#7299 = PCURVE('',#4329,#7300);
#7300 = DEFINITIONAL_REPRESENTATION('',(#7301),#7305);
#7301 = LINE('',#7302,#7303);
#7302 = CARTESIAN_POINT('',(6.28318530718,0.));
#7303 = VECTOR('',#7304,1.);
#7304 = DIRECTION('',(0.,-1.));
#7305 = ( GEOMETRIC_REPRESENTATION_CONTEXT(2) 
PARAMETRIC_REPRESENTATION_CONTEXT() REPRESENTATION_CONTEXT('2D SPACE',''
  ) );
#7306 = PCURVE('',#4329,#7307);
#7307 = DEFINITIONAL_REPRESENTATION('',(#7308),#7312);
#7308 = LINE('',#7309,#7310);
#7309 = CARTESIAN_POINT('',(0.,0.));
#7310 = VECTOR('',#7311,1.);
#7311 = DIRECTION('',(0.,-1.));
#7312 = ( GEOMETRIC_REPRESENTATION_CONTEXT(2) 
PARAMETRIC_REPRESENTATION_CONTEXT() REPRESENTATION_CONTEXT('2D SPACE',''
  ) );
#7313 = ORIENTED_EDGE('',*,*,#6018,.T.);
#7314 = ORIENTED_EDGE('',*,*,#7293,.F.);
#7315 = ADVANCED_FACE('',(#7316),#4298,.F.);
#7316 = FACE_BOUND('',#7317,.F.);
#7317 = EDGE_LOOP('',(#7318,#7319,#7340,#7341));
#7318 = ORIENTED_EDGE('',*,*,#4281,.T.);
#7319 = ORIENTED_EDGE('',*,*,#7320,.T.);
#7320 = EDGE_CURVE('',#4282,#6328,#7321,.T.);
#7321 = SEAM_CURVE('',#7322,(#7326,#7333),.PCURVE_S1.);
#7322 = LINE('',#7323,#7324);
#7323 = CARTESIAN_POINT('',(119.,53.14,19.06));
#7324 = VECTOR('',#7325,1.);
#7325 = DIRECTION('',(0.,-1.224646799147E-16,-1.));
#7326 = PCURVE('',#4298,#7327);
#7327 = DEFINITIONAL_REPRESENTATION('',(#7328),#7332);
#7328 = LINE('',#7329,#7330);
#7329 = CARTESIAN_POINT('',(6.28318530718,0.));
#7330 = VECTOR('',#7331,1.);
#7331 = DIRECTION('',(0.,-1.));
#7332 = ( GEOMETRIC_REPRESENTATION_CONTEXT(2) 
PARAMETRIC_REPRESENTATION_CONTEXT() REPRESENTATION_CONTEXT('2D SPACE',''
  ) );
#7333 = PCURVE('',#4298,#7334);
#7334 = DEFINITIONAL_REPRESENTATION('',(#7335),#7339);
#7335 = LINE('',#7336,#7337);
#7336 = CARTESIAN_POINT('',(0.,0.));
#7337 = VECTOR('',#7338,1.);
#7338 = DIRECTION('',(0.,-1.));
#7339 = ( GEOMETRIC_REPRESENTATION_CONTEXT(2) 
PARAMETRIC_REPRESENTATION_CONTEXT() REPRESENTATION_CONTEXT('2D SPACE',''
  ) );
#7340 = ORIENTED_EDGE('',*,*,#6327,.T.);
#7341 = ORIENTED_EDGE('',*,*,#7320,.F.);
#7342 = ADVANCED_FACE('',(#7343),#4245,.T.);
#7343 = FACE_BOUND('',#7344,.F.);
#7344 = EDGE_LOOP('',(#7345,#7346,#7369,#7392));
#7345 = ORIENTED_EDGE('',*,*,#4229,.F.);
#7346 = ORIENTED_EDGE('',*,*,#7347,.T.);
#7347 = EDGE_CURVE('',#4230,#7348,#7350,.T.);
#7348 = VERTEX_POINT('',#7349);
#7349 = CARTESIAN_POINT('',(124.1,0.,7.05));
#7350 = SURFACE_CURVE('',#7351,(#7355,#7362),.PCURVE_S1.);
#7351 = LINE('',#7352,#7353);
#7352 = CARTESIAN_POINT('',(124.1,0.,19.05));
#7353 = VECTOR('',#7354,1.);
#7354 = DIRECTION('',(0.,-1.224646799147E-16,-1.));
#7355 = PCURVE('',#4245,#7356);
#7356 = DEFINITIONAL_REPRESENTATION('',(#7357),#7361);
#7357 = LINE('',#7358,#7359);
#7358 = CARTESIAN_POINT('',(0.,5.));
#7359 = VECTOR('',#7360,1.);
#7360 = DIRECTION('',(-1.,-0.));
#7361 = ( GEOMETRIC_REPRESENTATION_CONTEXT(2) 
PARAMETRIC_REPRESENTATION_CONTEXT() REPRESENTATION_CONTEXT('2D SPACE',''
  ) );
#7362 = PCURVE('',#4067,#7363);
#7363 = DEFINITIONAL_REPRESENTATION('',(#7364),#7368);
#7364 = LINE('',#7365,#7366);
#7365 = CARTESIAN_POINT('',(1.570796326795,0.));
#7366 = VECTOR('',#7367,1.);
#7367 = DIRECTION('',(0.,1.));
#7368 = ( GEOMETRIC_REPRESENTATION_CONTEXT(2) 
PARAMETRIC_REPRESENTATION_CONTEXT() REPRESENTATION_CONTEXT('2D SPACE',''
  ) );
#7369 = ORIENTED_EDGE('',*,*,#7370,.T.);
#7370 = EDGE_CURVE('',#7348,#7371,#7373,.T.);
#7371 = VERTEX_POINT('',#7372);
#7372 = CARTESIAN_POINT('',(5.,0.,7.05));
#7373 = SURFACE_CURVE('',#7374,(#7378,#7385),.PCURVE_S1.);
#7374 = LINE('',#7375,#7376);
#7375 = CARTESIAN_POINT('',(129.1,0.,7.05));
#7376 = VECTOR('',#7377,1.);
#7377 = DIRECTION('',(-1.,0.,0.));
#7378 = PCURVE('',#4245,#7379);
#7379 = DEFINITIONAL_REPRESENTATION('',(#7380),#7384);
#7380 = LINE('',#7381,#7382);
#7381 = CARTESIAN_POINT('',(-12.,-0.));
#7382 = VECTOR('',#7383,1.);
#7383 = DIRECTION('',(0.,1.));
#7384 = ( GEOMETRIC_REPRESENTATION_CONTEXT(2) 
PARAMETRIC_REPRESENTATION_CONTEXT() REPRESENTATION_CONTEXT('2D SPACE',''
  ) );
#7385 = PCURVE('',#3985,#7386);
#7386 = DEFINITIONAL_REPRESENTATION('',(#7387),#7391);
#7387 = LINE('',#7388,#7389);
#7388 = CARTESIAN_POINT('',(-0.,60.54));
#7389 = VECTOR('',#7390,1.);
#7390 = DIRECTION('',(-1.,0.));
#7391 = ( GEOMETRIC_REPRESENTATION_CONTEXT(2) 
PARAMETRIC_REPRESENTATION_CONTEXT() REPRESENTATION_CONTEXT('2D SPACE',''
  ) );
#7392 = ORIENTED_EDGE('',*,*,#7393,.F.);
#7393 = EDGE_CURVE('',#4197,#7371,#7394,.T.);
#7394 = SURFACE_CURVE('',#7395,(#7399,#7406),.PCURVE_S1.);
#7395 = LINE('',#7396,#7397);
#7396 = CARTESIAN_POINT('',(5.,0.,19.05));
#7397 = VECTOR('',#7398,1.);
#7398 = DIRECTION('',(0.,-1.224646799147E-16,-1.));
#7399 = PCURVE('',#4245,#7400);
#7400 = DEFINITIONAL_REPRESENTATION('',(#7401),#7405);
#7401 = LINE('',#7402,#7403);
#7402 = CARTESIAN_POINT('',(0.,124.1));
#7403 = VECTOR('',#7404,1.);
#7404 = DIRECTION('',(-1.,-0.));
#7405 = ( GEOMETRIC_REPRESENTATION_CONTEXT(2) 
PARAMETRIC_REPRESENTATION_CONTEXT() REPRESENTATION_CONTEXT('2D SPACE',''
  ) );
#7406 = PCURVE('',#4217,#7407);
#7407 = DEFINITIONAL_REPRESENTATION('',(#7408),#7412);
#7408 = LINE('',#7409,#7410);
#7409 = CARTESIAN_POINT('',(-1.570796326795,0.));
#7410 = VECTOR('',#7411,1.);
#7411 = DIRECTION('',(-0.,1.));
#7412 = ( GEOMETRIC_REPRESENTATION_CONTEXT(2) 
PARAMETRIC_REPRESENTATION_CONTEXT() REPRESENTATION_CONTEXT('2D SPACE',''
  ) );
#7413 = ADVANCED_FACE('',(#7414),#4217,.T.);
#7414 = FACE_BOUND('',#7415,.F.);
#7415 = EDGE_LOOP('',(#7416,#7417,#7418,#7446));
#7416 = ORIENTED_EDGE('',*,*,#4196,.T.);
#7417 = ORIENTED_EDGE('',*,*,#7393,.T.);
#7418 = ORIENTED_EDGE('',*,*,#7419,.F.);
#7419 = EDGE_CURVE('',#7420,#7371,#7422,.T.);
#7420 = VERTEX_POINT('',#7421);
#7421 = CARTESIAN_POINT('',(0.,5.,7.05));
#7422 = SURFACE_CURVE('',#7423,(#7428,#7435),.PCURVE_S1.);
#7423 = CIRCLE('',#7424,5.);
#7424 = AXIS2_PLACEMENT_3D('',#7425,#7426,#7427);
#7425 = CARTESIAN_POINT('',(5.,5.,7.05));
#7426 = DIRECTION('',(0.,1.224646799147E-16,1.));
#7427 = DIRECTION('',(-0.,1.,-1.224646799147E-16));
#7428 = PCURVE('',#4217,#7429);
#7429 = DEFINITIONAL_REPRESENTATION('',(#7430),#7434);
#7430 = LINE('',#7431,#7432);
#7431 = CARTESIAN_POINT('',(1.570796326795,12.));
#7432 = VECTOR('',#7433,1.);
#7433 = DIRECTION('',(-1.,0.));
#7434 = ( GEOMETRIC_REPRESENTATION_CONTEXT(2) 
PARAMETRIC_REPRESENTATION_CONTEXT() REPRESENTATION_CONTEXT('2D SPACE',''
  ) );
#7435 = PCURVE('',#3985,#7436);
#7436 = DEFINITIONAL_REPRESENTATION('',(#7437),#7445);
#7437 = ( BOUNDED_CURVE() B_SPLINE_CURVE(2,(#7438,#7439,#7440,#7441,
#7442,#7443,#7444),.UNSPECIFIED.,.T.,.F.) B_SPLINE_CURVE_WITH_KNOTS((1,2
    ,2,2,2,1),(-2.094395102393,0.,2.094395102393,4.188790204786,
6.28318530718,8.377580409573),.UNSPECIFIED.) CURVE() 
GEOMETRIC_REPRESENTATION_ITEM() RATIONAL_B_SPLINE_CURVE((1.,0.5,1.,0.5,
1.,0.5,1.)) REPRESENTATION_ITEM('') );
#7438 = CARTESIAN_POINT('',(-124.1,50.54));
#7439 = CARTESIAN_POINT('',(-132.7602540378,50.54));
#7440 = CARTESIAN_POINT('',(-128.4301270189,58.04));
#7441 = CARTESIAN_POINT('',(-124.1,65.54));
#7442 = CARTESIAN_POINT('',(-119.769872981,58.04));
#7443 = CARTESIAN_POINT('',(-115.4397459621,50.54));
#7444 = CARTESIAN_POINT('',(-124.1,50.54));
#7445 = ( GEOMETRIC_REPRESENTATION_CONTEXT(2) 
PARAMETRIC_REPRESENTATION_CONTEXT() REPRESENTATION_CONTEXT('2D SPACE',''
  ) );
#7446 = ORIENTED_EDGE('',*,*,#7447,.F.);
#7447 = EDGE_CURVE('',#4169,#7420,#7448,.T.);
#7448 = SURFACE_CURVE('',#7449,(#7453,#7460),.PCURVE_S1.);
#7449 = LINE('',#7450,#7451);
#7450 = CARTESIAN_POINT('',(0.,5.,19.05));
#7451 = VECTOR('',#7452,1.);
#7452 = DIRECTION('',(0.,-1.224646799147E-16,-1.));
#7453 = PCURVE('',#4217,#7454);
#7454 = DEFINITIONAL_REPRESENTATION('',(#7455),#7459);
#7455 = LINE('',#7456,#7457);
#7456 = CARTESIAN_POINT('',(-0.,0.));
#7457 = VECTOR('',#7458,1.);
#7458 = DIRECTION('',(-0.,1.));
#7459 = ( GEOMETRIC_REPRESENTATION_CONTEXT(2) 
PARAMETRIC_REPRESENTATION_CONTEXT() REPRESENTATION_CONTEXT('2D SPACE',''
  ) );
#7460 = PCURVE('',#4184,#7461);
#7461 = DEFINITIONAL_REPRESENTATION('',(#7462),#7466);
#7462 = LINE('',#7463,#7464);
#7463 = CARTESIAN_POINT('',(3.037390351366E-16,-55.54));
#7464 = VECTOR('',#7465,1.);
#7465 = DIRECTION('',(-1.,0.));
#7466 = ( GEOMETRIC_REPRESENTATION_CONTEXT(2) 
PARAMETRIC_REPRESENTATION_CONTEXT() REPRESENTATION_CONTEXT('2D SPACE',''
  ) );
#7467 = ADVANCED_FACE('',(#7468),#4184,.T.);
#7468 = FACE_BOUND('',#7469,.F.);
#7469 = EDGE_LOOP('',(#7470,#7493,#7514,#7515,#7516,#7537,#7538,#7539));
#7470 = ORIENTED_EDGE('',*,*,#7471,.F.);
#7471 = EDGE_CURVE('',#7472,#6819,#7474,.T.);
#7472 = VERTEX_POINT('',#7473);
#7473 = CARTESIAN_POINT('',(0.,55.54,7.05));
#7474 = SURFACE_CURVE('',#7475,(#7479,#7486),.PCURVE_S1.);
#7475 = LINE('',#7476,#7477);
#7476 = CARTESIAN_POINT('',(0.,60.54,7.05));
#7477 = VECTOR('',#7478,1.);
#7478 = DIRECTION('',(0.,-1.,1.224646799147E-16));
#7479 = PCURVE('',#4184,#7480);
#7480 = DEFINITIONAL_REPRESENTATION('',(#7481),#7485);
#7481 = LINE('',#7482,#7483);
#7482 = CARTESIAN_POINT('',(-12.,1.469576158977E-15));
#7483 = VECTOR('',#7484,1.);
#7484 = DIRECTION('',(-0.,-1.));
#7485 = ( GEOMETRIC_REPRESENTATION_CONTEXT(2) 
PARAMETRIC_REPRESENTATION_CONTEXT() REPRESENTATION_CONTEXT('2D SPACE',''
  ) );
#7486 = PCURVE('',#3985,#7487);
#7487 = DEFINITIONAL_REPRESENTATION('',(#7488),#7492);
#7488 = LINE('',#7489,#7490);
#7489 = CARTESIAN_POINT('',(-129.1,0.));
#7490 = VECTOR('',#7491,1.);
#7491 = DIRECTION('',(-0.,1.));
#7492 = ( GEOMETRIC_REPRESENTATION_CONTEXT(2) 
PARAMETRIC_REPRESENTATION_CONTEXT() REPRESENTATION_CONTEXT('2D SPACE',''
  ) );
#7493 = ORIENTED_EDGE('',*,*,#7494,.F.);
#7494 = EDGE_CURVE('',#4140,#7472,#7495,.T.);
#7495 = SURFACE_CURVE('',#7496,(#7500,#7507),.PCURVE_S1.);
#7496 = LINE('',#7497,#7498);
#7497 = CARTESIAN_POINT('',(0.,55.54,19.05));
#7498 = VECTOR('',#7499,1.);
#7499 = DIRECTION('',(0.,-1.224646799147E-16,-1.));
#7500 = PCURVE('',#4184,#7501);
#7501 = DEFINITIONAL_REPRESENTATION('',(#7502),#7506);
#7502 = LINE('',#7503,#7504);
#7503 = CARTESIAN_POINT('',(-6.123233995737E-16,-5.));
#7504 = VECTOR('',#7505,1.);
#7505 = DIRECTION('',(-1.,0.));
#7506 = ( GEOMETRIC_REPRESENTATION_CONTEXT(2) 
PARAMETRIC_REPRESENTATION_CONTEXT() REPRESENTATION_CONTEXT('2D SPACE',''
  ) );
#7507 = PCURVE('',#4156,#7508);
#7508 = DEFINITIONAL_REPRESENTATION('',(#7509),#7513);
#7509 = LINE('',#7510,#7511);
#7510 = CARTESIAN_POINT('',(0.,0.));
#7511 = VECTOR('',#7512,1.);
#7512 = DIRECTION('',(0.,1.));
#7513 = ( GEOMETRIC_REPRESENTATION_CONTEXT(2) 
PARAMETRIC_REPRESENTATION_CONTEXT() REPRESENTATION_CONTEXT('2D SPACE',''
  ) );
#7514 = ORIENTED_EDGE('',*,*,#4168,.T.);
#7515 = ORIENTED_EDGE('',*,*,#7447,.T.);
#7516 = ORIENTED_EDGE('',*,*,#7517,.F.);
#7517 = EDGE_CURVE('',#6721,#7420,#7518,.T.);
#7518 = SURFACE_CURVE('',#7519,(#7523,#7530),.PCURVE_S1.);
#7519 = LINE('',#7520,#7521);
#7520 = CARTESIAN_POINT('',(0.,60.54,7.05));
#7521 = VECTOR('',#7522,1.);
#7522 = DIRECTION('',(0.,-1.,1.224646799147E-16));
#7523 = PCURVE('',#4184,#7524);
#7524 = DEFINITIONAL_REPRESENTATION('',(#7525),#7529);
#7525 = LINE('',#7526,#7527);
#7526 = CARTESIAN_POINT('',(-12.,1.469576158977E-15));
#7527 = VECTOR('',#7528,1.);
#7528 = DIRECTION('',(-0.,-1.));
#7529 = ( GEOMETRIC_REPRESENTATION_CONTEXT(2) 
PARAMETRIC_REPRESENTATION_CONTEXT() REPRESENTATION_CONTEXT('2D SPACE',''
  ) );
#7530 = PCURVE('',#3985,#7531);
#7531 = DEFINITIONAL_REPRESENTATION('',(#7532),#7536);
#7532 = LINE('',#7533,#7534);
#7533 = CARTESIAN_POINT('',(-129.1,0.));
#7534 = VECTOR('',#7535,1.);
#7535 = DIRECTION('',(-0.,1.));
#7536 = ( GEOMETRIC_REPRESENTATION_CONTEXT(2) 
PARAMETRIC_REPRESENTATION_CONTEXT() REPRESENTATION_CONTEXT('2D SPACE',''
  ) );
#7537 = ORIENTED_EDGE('',*,*,#6743,.F.);
#7538 = ORIENTED_EDGE('',*,*,#6792,.T.);
#7539 = ORIENTED_EDGE('',*,*,#6841,.T.);
#7540 = ADVANCED_FACE('',(#7541),#4156,.T.);
#7541 = FACE_BOUND('',#7542,.T.);
#7542 = EDGE_LOOP('',(#7543,#7544,#7567,#7589));
#7543 = ORIENTED_EDGE('',*,*,#4139,.T.);
#7544 = ORIENTED_EDGE('',*,*,#7545,.T.);
#7545 = EDGE_CURVE('',#4112,#7546,#7548,.T.);
#7546 = VERTEX_POINT('',#7547);
#7547 = CARTESIAN_POINT('',(5.,60.54,7.05));
#7548 = SURFACE_CURVE('',#7549,(#7553,#7560),.PCURVE_S1.);
#7549 = LINE('',#7550,#7551);
#7550 = CARTESIAN_POINT('',(5.,60.54,19.05));
#7551 = VECTOR('',#7552,1.);
#7552 = DIRECTION('',(0.,-1.224646799147E-16,-1.));
#7553 = PCURVE('',#4156,#7554);
#7554 = DEFINITIONAL_REPRESENTATION('',(#7555),#7559);
#7555 = LINE('',#7556,#7557);
#7556 = CARTESIAN_POINT('',(1.570796326795,0.));
#7557 = VECTOR('',#7558,1.);
#7558 = DIRECTION('',(0.,1.));
#7559 = ( GEOMETRIC_REPRESENTATION_CONTEXT(2) 
PARAMETRIC_REPRESENTATION_CONTEXT() REPRESENTATION_CONTEXT('2D SPACE',''
  ) );
#7560 = PCURVE('',#4127,#7561);
#7561 = DEFINITIONAL_REPRESENTATION('',(#7562),#7566);
#7562 = LINE('',#7563,#7564);
#7563 = CARTESIAN_POINT('',(0.,124.1));
#7564 = VECTOR('',#7565,1.);
#7565 = DIRECTION('',(-1.,-0.));
#7566 = ( GEOMETRIC_REPRESENTATION_CONTEXT(2) 
PARAMETRIC_REPRESENTATION_CONTEXT() REPRESENTATION_CONTEXT('2D SPACE',''
  ) );
#7567 = ORIENTED_EDGE('',*,*,#7568,.F.);
#7568 = EDGE_CURVE('',#7472,#7546,#7569,.T.);
#7569 = SURFACE_CURVE('',#7570,(#7575,#7582),.PCURVE_S1.);
#7570 = CIRCLE('',#7571,5.);
#7571 = AXIS2_PLACEMENT_3D('',#7572,#7573,#7574);
#7572 = CARTESIAN_POINT('',(5.,55.54,7.05));
#7573 = DIRECTION('',(0.,-1.224646799147E-16,-1.));
#7574 = DIRECTION('',(-0.,1.,-1.224646799147E-16));
#7575 = PCURVE('',#4156,#7576);
#7576 = DEFINITIONAL_REPRESENTATION('',(#7577),#7581);
#7577 = LINE('',#7578,#7579);
#7578 = CARTESIAN_POINT('',(-4.712388980385,12.));
#7579 = VECTOR('',#7580,1.);
#7580 = DIRECTION('',(1.,0.));
#7581 = ( GEOMETRIC_REPRESENTATION_CONTEXT(2) 
PARAMETRIC_REPRESENTATION_CONTEXT() REPRESENTATION_CONTEXT('2D SPACE',''
  ) );
#7582 = PCURVE('',#3985,#7583);
#7583 = DEFINITIONAL_REPRESENTATION('',(#7584),#7588);
#7584 = CIRCLE('',#7585,5.);
#7585 = AXIS2_PLACEMENT_2D('',#7586,#7587);
#7586 = CARTESIAN_POINT('',(-124.1,5.));
#7587 = DIRECTION('',(-0.,-1.));
#7588 = ( GEOMETRIC_REPRESENTATION_CONTEXT(2) 
PARAMETRIC_REPRESENTATION_CONTEXT() REPRESENTATION_CONTEXT('2D SPACE',''
  ) );
#7589 = ORIENTED_EDGE('',*,*,#7494,.F.);
#7590 = ADVANCED_FACE('',(#7591),#4127,.F.);
#7591 = FACE_BOUND('',#7592,.T.);
#7592 = EDGE_LOOP('',(#7593,#7594,#7617,#7638));
#7593 = ORIENTED_EDGE('',*,*,#4111,.F.);
#7594 = ORIENTED_EDGE('',*,*,#7595,.T.);
#7595 = EDGE_CURVE('',#4084,#7596,#7598,.T.);
#7596 = VERTEX_POINT('',#7597);
#7597 = CARTESIAN_POINT('',(124.1,60.54,7.05));
#7598 = SURFACE_CURVE('',#7599,(#7603,#7610),.PCURVE_S1.);
#7599 = LINE('',#7600,#7601);
#7600 = CARTESIAN_POINT('',(124.1,60.54,19.05));
#7601 = VECTOR('',#7602,1.);
#7602 = DIRECTION('',(0.,-1.224646799147E-16,-1.));
#7603 = PCURVE('',#4127,#7604);
#7604 = DEFINITIONAL_REPRESENTATION('',(#7605),#7609);
#7605 = LINE('',#7606,#7607);
#7606 = CARTESIAN_POINT('',(0.,5.));
#7607 = VECTOR('',#7608,1.);
#7608 = DIRECTION('',(-1.,-0.));
#7609 = ( GEOMETRIC_REPRESENTATION_CONTEXT(2) 
PARAMETRIC_REPRESENTATION_CONTEXT() REPRESENTATION_CONTEXT('2D SPACE',''
  ) );
#7610 = PCURVE('',#4013,#7611);
#7611 = DEFINITIONAL_REPRESENTATION('',(#7612),#7616);
#7612 = LINE('',#7613,#7614);
#7613 = CARTESIAN_POINT('',(-1.570796326795,0.));
#7614 = VECTOR('',#7615,1.);
#7615 = DIRECTION('',(-0.,1.));
#7616 = ( GEOMETRIC_REPRESENTATION_CONTEXT(2) 
PARAMETRIC_REPRESENTATION_CONTEXT() REPRESENTATION_CONTEXT('2D SPACE',''
  ) );
#7617 = ORIENTED_EDGE('',*,*,#7618,.T.);
#7618 = EDGE_CURVE('',#7596,#7546,#7619,.T.);
#7619 = SURFACE_CURVE('',#7620,(#7624,#7631),.PCURVE_S1.);
#7620 = LINE('',#7621,#7622);
#7621 = CARTESIAN_POINT('',(129.1,60.54,7.05));
#7622 = VECTOR('',#7623,1.);
#7623 = DIRECTION('',(-1.,0.,0.));
#7624 = PCURVE('',#4127,#7625);
#7625 = DEFINITIONAL_REPRESENTATION('',(#7626),#7630);
#7626 = LINE('',#7627,#7628);
#7627 = CARTESIAN_POINT('',(-12.,0.));
#7628 = VECTOR('',#7629,1.);
#7629 = DIRECTION('',(0.,1.));
#7630 = ( GEOMETRIC_REPRESENTATION_CONTEXT(2) 
PARAMETRIC_REPRESENTATION_CONTEXT() REPRESENTATION_CONTEXT('2D SPACE',''
  ) );
#7631 = PCURVE('',#3985,#7632);
#7632 = DEFINITIONAL_REPRESENTATION('',(#7633),#7637);
#7633 = LINE('',#7634,#7635);
#7634 = CARTESIAN_POINT('',(-0.,0.));
#7635 = VECTOR('',#7636,1.);
#7636 = DIRECTION('',(-1.,0.));
#7637 = ( GEOMETRIC_REPRESENTATION_CONTEXT(2) 
PARAMETRIC_REPRESENTATION_CONTEXT() REPRESENTATION_CONTEXT('2D SPACE',''
  ) );
#7638 = ORIENTED_EDGE('',*,*,#7545,.F.);
#7639 = ADVANCED_FACE('',(#7640),#4067,.T.);
#7640 = FACE_BOUND('',#7641,.T.);
#7641 = EDGE_LOOP('',(#7642,#7643,#7644,#7666));
#7642 = ORIENTED_EDGE('',*,*,#4257,.T.);
#7643 = ORIENTED_EDGE('',*,*,#7347,.T.);
#7644 = ORIENTED_EDGE('',*,*,#7645,.F.);
#7645 = EDGE_CURVE('',#3965,#7348,#7646,.T.);
#7646 = SURFACE_CURVE('',#7647,(#7652,#7659),.PCURVE_S1.);
#7647 = CIRCLE('',#7648,5.);
#7648 = AXIS2_PLACEMENT_3D('',#7649,#7650,#7651);
#7649 = CARTESIAN_POINT('',(124.1,5.,7.05));
#7650 = DIRECTION('',(0.,-1.224646799147E-16,-1.));
#7651 = DIRECTION('',(-0.,1.,-1.224646799147E-16));
#7652 = PCURVE('',#4067,#7653);
#7653 = DEFINITIONAL_REPRESENTATION('',(#7654),#7658);
#7654 = LINE('',#7655,#7656);
#7655 = CARTESIAN_POINT('',(-1.570796326795,12.));
#7656 = VECTOR('',#7657,1.);
#7657 = DIRECTION('',(1.,0.));
#7658 = ( GEOMETRIC_REPRESENTATION_CONTEXT(2) 
PARAMETRIC_REPRESENTATION_CONTEXT() REPRESENTATION_CONTEXT('2D SPACE',''
  ) );
#7659 = PCURVE('',#3985,#7660);
#7660 = DEFINITIONAL_REPRESENTATION('',(#7661),#7665);
#7661 = CIRCLE('',#7662,5.);
#7662 = AXIS2_PLACEMENT_2D('',#7663,#7664);
#7663 = CARTESIAN_POINT('',(-5.,55.54));
#7664 = DIRECTION('',(-0.,-1.));
#7665 = ( GEOMETRIC_REPRESENTATION_CONTEXT(2) 
PARAMETRIC_REPRESENTATION_CONTEXT() REPRESENTATION_CONTEXT('2D SPACE',''
  ) );
#7666 = ORIENTED_EDGE('',*,*,#4053,.F.);
#7667 = ADVANCED_FACE('',(#7668),#4013,.T.);
#7668 = FACE_BOUND('',#7669,.F.);
#7669 = EDGE_LOOP('',(#7670,#7671,#7672,#7698));
#7670 = ORIENTED_EDGE('',*,*,#4083,.T.);
#7671 = ORIENTED_EDGE('',*,*,#7595,.T.);
#7672 = ORIENTED_EDGE('',*,*,#7673,.F.);
#7673 = EDGE_CURVE('',#3963,#7596,#7674,.T.);
#7674 = SURFACE_CURVE('',#7675,(#7680,#7687),.PCURVE_S1.);
#7675 = CIRCLE('',#7676,5.);
#7676 = AXIS2_PLACEMENT_3D('',#7677,#7678,#7679);
#7677 = CARTESIAN_POINT('',(124.1,55.54,7.05));
#7678 = DIRECTION('',(0.,1.224646799147E-16,1.));
#7679 = DIRECTION('',(-0.,1.,-1.224646799147E-16));
#7680 = PCURVE('',#4013,#7681);
#7681 = DEFINITIONAL_REPRESENTATION('',(#7682),#7686);
#7682 = LINE('',#7683,#7684);
#7683 = CARTESIAN_POINT('',(4.712388980385,12.));
#7684 = VECTOR('',#7685,1.);
#7685 = DIRECTION('',(-1.,0.));
#7686 = ( GEOMETRIC_REPRESENTATION_CONTEXT(2) 
PARAMETRIC_REPRESENTATION_CONTEXT() REPRESENTATION_CONTEXT('2D SPACE',''
  ) );
#7687 = PCURVE('',#3985,#7688);
#7688 = DEFINITIONAL_REPRESENTATION('',(#7689),#7697);
#7689 = ( BOUNDED_CURVE() B_SPLINE_CURVE(2,(#7690,#7691,#7692,#7693,
#7694,#7695,#7696),.UNSPECIFIED.,.T.,.F.) B_SPLINE_CURVE_WITH_KNOTS((1,2
    ,2,2,2,1),(-2.094395102393,0.,2.094395102393,4.188790204786,
6.28318530718,8.377580409573),.UNSPECIFIED.) CURVE() 
GEOMETRIC_REPRESENTATION_ITEM() RATIONAL_B_SPLINE_CURVE((1.,0.5,1.,0.5,
1.,0.5,1.)) REPRESENTATION_ITEM('') );
#7690 = CARTESIAN_POINT('',(-5.,0.));
#7691 = CARTESIAN_POINT('',(-13.66025403784,0.));
#7692 = CARTESIAN_POINT('',(-9.330127018922,7.5));
#7693 = CARTESIAN_POINT('',(-5.,15.));
#7694 = CARTESIAN_POINT('',(-0.669872981078,7.5));
#7695 = CARTESIAN_POINT('',(3.660254037844,7.993605777301E-15));
#7696 = CARTESIAN_POINT('',(-5.,0.));
#7697 = ( GEOMETRIC_REPRESENTATION_CONTEXT(2) 
PARAMETRIC_REPRESENTATION_CONTEXT() REPRESENTATION_CONTEXT('2D SPACE',''
  ) );
#7698 = ORIENTED_EDGE('',*,*,#3997,.F.);
#7699 = ADVANCED_FACE('',(#7700),#3985,.T.);
#7700 = FACE_BOUND('',#7701,.F.);
#7701 = EDGE_LOOP('',(#7702,#7703,#7704,#7705,#7706,#7707,#7708,#7709,
    #7710,#7711,#7712,#7713,#7714,#7715,#7716,#7717,#7718,#7719,#7720,
    #7721));
#7702 = ORIENTED_EDGE('',*,*,#3962,.F.);
#7703 = ORIENTED_EDGE('',*,*,#7673,.T.);
#7704 = ORIENTED_EDGE('',*,*,#7618,.T.);
#7705 = ORIENTED_EDGE('',*,*,#7568,.F.);
#7706 = ORIENTED_EDGE('',*,*,#7471,.T.);
#7707 = ORIENTED_EDGE('',*,*,#6818,.F.);
#7708 = ORIENTED_EDGE('',*,*,#6540,.F.);
#7709 = ORIENTED_EDGE('',*,*,#6890,.F.);
#7710 = ORIENTED_EDGE('',*,*,#6943,.T.);
#7711 = ORIENTED_EDGE('',*,*,#6993,.F.);
#7712 = ORIENTED_EDGE('',*,*,#7022,.T.);
#7713 = ORIENTED_EDGE('',*,*,#6408,.F.);
#7714 = ORIENTED_EDGE('',*,*,#6439,.F.);
#7715 = ORIENTED_EDGE('',*,*,#6511,.F.);
#7716 = ORIENTED_EDGE('',*,*,#6588,.F.);
#7717 = ORIENTED_EDGE('',*,*,#6720,.T.);
#7718 = ORIENTED_EDGE('',*,*,#7517,.T.);
#7719 = ORIENTED_EDGE('',*,*,#7419,.T.);
#7720 = ORIENTED_EDGE('',*,*,#7370,.F.);
#7721 = ORIENTED_EDGE('',*,*,#7645,.F.);
#7722 = ( GEOMETRIC_REPRESENTATION_CONTEXT(3) 
GLOBAL_UNCERTAINTY_ASSIGNED_CONTEXT((#7726)) 
GLOBAL_UNIT_ASSIGNED_CONTEXT((#7723,#7724,#7725)) REPRESENTATION_CONTEXT
('Context #1','3D Context with UNIT and UNCERTAINTY') );
#7723 = ( LENGTH_UNIT() NAMED_UNIT(*) SI_UNIT(.MILLI.,.METRE.) );
#7724 = ( NAMED_UNIT(*) PLANE_ANGLE_UNIT() SI_UNIT($,.RADIAN.) );
#7725 = ( NAMED_UNIT(*) SI_UNIT($,.STERADIAN.) SOLID_ANGLE_UNIT() );
#7726 = UNCERTAINTY_MEASURE_WITH_UNIT(LENGTH_MEASURE(1.E-07),#7723,
  'distance_accuracy_value','confusion accuracy');
#7727 = CONTEXT_DEPENDENT_SHAPE_REPRESENTATION(#7728,#7730);
#7728 = ( REPRESENTATION_RELATIONSHIP('','',#3955,#10) 
REPRESENTATION_RELATIONSHIP_WITH_TRANSFORMATION(#7729) 
SHAPE_REPRESENTATION_RELATIONSHIP() );
#7729 = ITEM_DEFINED_TRANSFORMATION('','',#11,#19);
#7730 = PRODUCT_DEFINITION_SHAPE('Placement','Placement of an item',
  #7731);
#7731 = NEXT_ASSEMBLY_USAGE_OCCURRENCE('2','achterkant','',#5,#3950,$);
#7732 = PRODUCT_RELATED_PRODUCT_CATEGORY('part',$,(#3952));
#7733 = SHAPE_DEFINITION_REPRESENTATION(#7734,#7740);
#7734 = PRODUCT_DEFINITION_SHAPE('','',#7735);
#7735 = PRODUCT_DEFINITION('design','',#7736,#7739);
#7736 = PRODUCT_DEFINITION_FORMATION('','',#7737);
#7737 = PRODUCT('voet','voet','',(#7738));
#7738 = PRODUCT_CONTEXT('',#2,'mechanical');
#7739 = PRODUCT_DEFINITION_CONTEXT('part definition',#2,'design');
#7740 = ADVANCED_BREP_SHAPE_REPRESENTATION('',(#11,#7741),#8719);
#7741 = MANIFOLD_SOLID_BREP('',#7742);
#7742 = CLOSED_SHELL('',(#7743,#7975,#8113,#8162,#8211,#8260,#8371,#8425
    ,#8573,#8600,#8651,#8678,#8685,#8712));
#7743 = ADVANCED_FACE('',(#7744),#7758,.F.);
#7744 = FACE_BOUND('',#7745,.F.);
#7745 = EDGE_LOOP('',(#7746,#7781,#7809,#7837,#7865,#7893,#7921,#7949));
#7746 = ORIENTED_EDGE('',*,*,#7747,.F.);
#7747 = EDGE_CURVE('',#7748,#7750,#7752,.T.);
#7748 = VERTEX_POINT('',#7749);
#7749 = CARTESIAN_POINT('',(19.55,-74.,16.));
#7750 = VERTEX_POINT('',#7751);
#7751 = CARTESIAN_POINT('',(19.55,-64.26004574064,16.));
#7752 = SURFACE_CURVE('',#7753,(#7757,#7769),.PCURVE_S1.);
#7753 = LINE('',#7754,#7755);
#7754 = CARTESIAN_POINT('',(19.55,-80.,16.));
#7755 = VECTOR('',#7756,1.);
#7756 = DIRECTION('',(0.,1.,0.));
#7757 = PCURVE('',#7758,#7763);
#7758 = PLANE('',#7759);
#7759 = AXIS2_PLACEMENT_3D('',#7760,#7761,#7762);
#7760 = CARTESIAN_POINT('',(19.55,-80.,0.));
#7761 = DIRECTION('',(1.,0.,0.));
#7762 = DIRECTION('',(0.,0.,1.));
#7763 = DEFINITIONAL_REPRESENTATION('',(#7764),#7768);
#7764 = LINE('',#7765,#7766);
#7765 = CARTESIAN_POINT('',(16.,0.));
#7766 = VECTOR('',#7767,1.);
#7767 = DIRECTION('',(0.,-1.));
#7768 = ( GEOMETRIC_REPRESENTATION_CONTEXT(2) 
PARAMETRIC_REPRESENTATION_CONTEXT() REPRESENTATION_CONTEXT('2D SPACE',''
  ) );
#7769 = PCURVE('',#7770,#7775);
#7770 = PLANE('',#7771);
#7771 = AXIS2_PLACEMENT_3D('',#7772,#7773,#7774);
#7772 = CARTESIAN_POINT('',(19.55,-80.,16.));
#7773 = DIRECTION('',(0.,0.,1.));
#7774 = DIRECTION('',(1.,0.,0.));
#7775 = DEFINITIONAL_REPRESENTATION('',(#7776),#7780);
#7776 = LINE('',#7777,#7778);
#7777 = CARTESIAN_POINT('',(0.,0.));
#7778 = VECTOR('',#7779,1.);
#7779 = DIRECTION('',(0.,1.));
#7780 = ( GEOMETRIC_REPRESENTATION_CONTEXT(2) 
PARAMETRIC_REPRESENTATION_CONTEXT() REPRESENTATION_CONTEXT('2D SPACE',''
  ) );
#7781 = ORIENTED_EDGE('',*,*,#7782,.F.);
#7782 = EDGE_CURVE('',#7783,#7748,#7785,.T.);
#7783 = VERTEX_POINT('',#7784);
#7784 = CARTESIAN_POINT('',(19.55,-74.,0.));
#7785 = SURFACE_CURVE('',#7786,(#7790,#7797),.PCURVE_S1.);
#7786 = LINE('',#7787,#7788);
#7787 = CARTESIAN_POINT('',(19.55,-74.,0.));
#7788 = VECTOR('',#7789,1.);
#7789 = DIRECTION('',(0.,0.,1.));
#7790 = PCURVE('',#7758,#7791);
#7791 = DEFINITIONAL_REPRESENTATION('',(#7792),#7796);
#7792 = LINE('',#7793,#7794);
#7793 = CARTESIAN_POINT('',(0.,-6.));
#7794 = VECTOR('',#7795,1.);
#7795 = DIRECTION('',(1.,0.));
#7796 = ( GEOMETRIC_REPRESENTATION_CONTEXT(2) 
PARAMETRIC_REPRESENTATION_CONTEXT() REPRESENTATION_CONTEXT('2D SPACE',''
  ) );
#7797 = PCURVE('',#7798,#7803);
#7798 = CYLINDRICAL_SURFACE('',#7799,6.);
#7799 = AXIS2_PLACEMENT_3D('',#7800,#7801,#7802);
#7800 = CARTESIAN_POINT('',(25.55,-74.,0.));
#7801 = DIRECTION('',(0.,0.,1.));
#7802 = DIRECTION('',(-1.,-0.,0.));
#7803 = DEFINITIONAL_REPRESENTATION('',(#7804),#7808);
#7804 = LINE('',#7805,#7806);
#7805 = CARTESIAN_POINT('',(0.,0.));
#7806 = VECTOR('',#7807,1.);
#7807 = DIRECTION('',(0.,1.));
#7808 = ( GEOMETRIC_REPRESENTATION_CONTEXT(2) 
PARAMETRIC_REPRESENTATION_CONTEXT() REPRESENTATION_CONTEXT('2D SPACE',''
  ) );
#7809 = ORIENTED_EDGE('',*,*,#7810,.T.);
#7810 = EDGE_CURVE('',#7783,#7811,#7813,.T.);
#7811 = VERTEX_POINT('',#7812);
#7812 = CARTESIAN_POINT('',(19.55,-31.,0.));
#7813 = SURFACE_CURVE('',#7814,(#7818,#7825),.PCURVE_S1.);
#7814 = LINE('',#7815,#7816);
#7815 = CARTESIAN_POINT('',(19.55,-80.,0.));
#7816 = VECTOR('',#7817,1.);
#7817 = DIRECTION('',(0.,1.,0.));
#7818 = PCURVE('',#7758,#7819);
#7819 = DEFINITIONAL_REPRESENTATION('',(#7820),#7824);
#7820 = LINE('',#7821,#7822);
#7821 = CARTESIAN_POINT('',(0.,0.));
#7822 = VECTOR('',#7823,1.);
#7823 = DIRECTION('',(0.,-1.));
#7824 = ( GEOMETRIC_REPRESENTATION_CONTEXT(2) 
PARAMETRIC_REPRESENTATION_CONTEXT() REPRESENTATION_CONTEXT('2D SPACE',''
  ) );
#7825 = PCURVE('',#7826,#7831);
#7826 = PLANE('',#7827);
#7827 = AXIS2_PLACEMENT_3D('',#7828,#7829,#7830);
#7828 = CARTESIAN_POINT('',(19.55,-80.,0.));
#7829 = DIRECTION('',(0.,0.,1.));
#7830 = DIRECTION('',(1.,0.,0.));
#7831 = DEFINITIONAL_REPRESENTATION('',(#7832),#7836);
#7832 = LINE('',#7833,#7834);
#7833 = CARTESIAN_POINT('',(0.,0.));
#7834 = VECTOR('',#7835,1.);
#7835 = DIRECTION('',(0.,1.));
#7836 = ( GEOMETRIC_REPRESENTATION_CONTEXT(2) 
PARAMETRIC_REPRESENTATION_CONTEXT() REPRESENTATION_CONTEXT('2D SPACE',''
  ) );
#7837 = ORIENTED_EDGE('',*,*,#7838,.T.);
#7838 = EDGE_CURVE('',#7811,#7839,#7841,.T.);
#7839 = VERTEX_POINT('',#7840);
#7840 = CARTESIAN_POINT('',(19.55,-31.,16.));
#7841 = SURFACE_CURVE('',#7842,(#7846,#7853),.PCURVE_S1.);
#7842 = LINE('',#7843,#7844);
#7843 = CARTESIAN_POINT('',(19.55,-31.,0.));
#7844 = VECTOR('',#7845,1.);
#7845 = DIRECTION('',(0.,0.,1.));
#7846 = PCURVE('',#7758,#7847);
#7847 = DEFINITIONAL_REPRESENTATION('',(#7848),#7852);
#7848 = LINE('',#7849,#7850);
#7849 = CARTESIAN_POINT('',(0.,-49.));
#7850 = VECTOR('',#7851,1.);
#7851 = DIRECTION('',(1.,0.));
#7852 = ( GEOMETRIC_REPRESENTATION_CONTEXT(2) 
PARAMETRIC_REPRESENTATION_CONTEXT() REPRESENTATION_CONTEXT('2D SPACE',''
  ) );
#7853 = PCURVE('',#7854,#7859);
#7854 = CYLINDRICAL_SURFACE('',#7855,6.);
#7855 = AXIS2_PLACEMENT_3D('',#7856,#7857,#7858);
#7856 = CARTESIAN_POINT('',(25.55,-31.,0.));
#7857 = DIRECTION('',(0.,0.,1.));
#7858 = DIRECTION('',(-1.,-0.,0.));
#7859 = DEFINITIONAL_REPRESENTATION('',(#7860),#7864);
#7860 = LINE('',#7861,#7862);
#7861 = CARTESIAN_POINT('',(-0.,0.));
#7862 = VECTOR('',#7863,1.);
#7863 = DIRECTION('',(-0.,1.));
#7864 = ( GEOMETRIC_REPRESENTATION_CONTEXT(2) 
PARAMETRIC_REPRESENTATION_CONTEXT() REPRESENTATION_CONTEXT('2D SPACE',''
  ) );
#7865 = ORIENTED_EDGE('',*,*,#7866,.F.);
#7866 = EDGE_CURVE('',#7867,#7839,#7869,.T.);
#7867 = VERTEX_POINT('',#7868);
#7868 = CARTESIAN_POINT('',(19.55,-43.91686879559,16.));
#7869 = SURFACE_CURVE('',#7870,(#7874,#7881),.PCURVE_S1.);
#7870 = LINE('',#7871,#7872);
#7871 = CARTESIAN_POINT('',(19.55,-80.,16.));
#7872 = VECTOR('',#7873,1.);
#7873 = DIRECTION('',(0.,1.,0.));
#7874 = PCURVE('',#7758,#7875);
#7875 = DEFINITIONAL_REPRESENTATION('',(#7876),#7880);
#7876 = LINE('',#7877,#7878);
#7877 = CARTESIAN_POINT('',(16.,0.));
#7878 = VECTOR('',#7879,1.);
#7879 = DIRECTION('',(0.,-1.));
#7880 = ( GEOMETRIC_REPRESENTATION_CONTEXT(2) 
PARAMETRIC_REPRESENTATION_CONTEXT() REPRESENTATION_CONTEXT('2D SPACE',''
  ) );
#7881 = PCURVE('',#7882,#7887);
#7882 = PLANE('',#7883);
#7883 = AXIS2_PLACEMENT_3D('',#7884,#7885,#7886);
#7884 = CARTESIAN_POINT('',(19.55,-80.,16.));
#7885 = DIRECTION('',(0.,0.,1.));
#7886 = DIRECTION('',(1.,0.,0.));
#7887 = DEFINITIONAL_REPRESENTATION('',(#7888),#7892);
#7888 = LINE('',#7889,#7890);
#7889 = CARTESIAN_POINT('',(0.,0.));
#7890 = VECTOR('',#7891,1.);
#7891 = DIRECTION('',(0.,1.));
#7892 = ( GEOMETRIC_REPRESENTATION_CONTEXT(2) 
PARAMETRIC_REPRESENTATION_CONTEXT() REPRESENTATION_CONTEXT('2D SPACE',''
  ) );
#7893 = ORIENTED_EDGE('',*,*,#7894,.F.);
#7894 = EDGE_CURVE('',#7895,#7867,#7897,.T.);
#7895 = VERTEX_POINT('',#7896);
#7896 = CARTESIAN_POINT('',(19.55,-47.00977875671,4.457102881868));
#7897 = SURFACE_CURVE('',#7898,(#7902,#7909),.PCURVE_S1.);
#7898 = LINE('',#7899,#7900);
#7899 = CARTESIAN_POINT('',(19.55,-48.67187950947,-1.745941574755));
#7900 = VECTOR('',#7901,1.);
#7901 = DIRECTION('',(-0.,0.258819045103,0.965925826289));
#7902 = PCURVE('',#7758,#7903);
#7903 = DEFINITIONAL_REPRESENTATION('',(#7904),#7908);
#7904 = LINE('',#7905,#7906);
#7905 = CARTESIAN_POINT('',(-1.745941574755,-31.32812049052));
#7906 = VECTOR('',#7907,1.);
#7907 = DIRECTION('',(0.965925826289,-0.258819045103));
#7908 = ( GEOMETRIC_REPRESENTATION_CONTEXT(2) 
PARAMETRIC_REPRESENTATION_CONTEXT() REPRESENTATION_CONTEXT('2D SPACE',''
  ) );
#7909 = PCURVE('',#7910,#7915);
#7910 = PLANE('',#7911);
#7911 = AXIS2_PLACEMENT_3D('',#7912,#7913,#7914);
#7912 = CARTESIAN_POINT('',(18.55,-47.00977875671,4.457102881868));
#7913 = DIRECTION('',(0.,0.965925826289,-0.258819045103));
#7914 = DIRECTION('',(0.,0.258819045103,0.965925826289));
#7915 = DEFINITIONAL_REPRESENTATION('',(#7916),#7920);
#7916 = LINE('',#7917,#7918);
#7917 = CARTESIAN_POINT('',(-6.421864171966,1.));
#7918 = VECTOR('',#7919,1.);
#7919 = DIRECTION('',(1.,0.));
#7920 = ( GEOMETRIC_REPRESENTATION_CONTEXT(2) 
PARAMETRIC_REPRESENTATION_CONTEXT() REPRESENTATION_CONTEXT('2D SPACE',''
  ) );
#7921 = ORIENTED_EDGE('',*,*,#7922,.T.);
#7922 = EDGE_CURVE('',#7895,#7923,#7925,.T.);
#7923 = VERTEX_POINT('',#7924);
#7924 = CARTESIAN_POINT('',(19.55,-65.99022124329,9.542897118132));
#7925 = SURFACE_CURVE('',#7926,(#7930,#7937),.PCURVE_S1.);
#7926 = LINE('',#7927,#7928);
#7927 = CARTESIAN_POINT('',(19.55,-71.33300986887,10.974493015689));
#7928 = VECTOR('',#7929,1.);
#7929 = DIRECTION('',(0.,-0.965925826289,0.258819045103));
#7930 = PCURVE('',#7758,#7931);
#7931 = DEFINITIONAL_REPRESENTATION('',(#7932),#7936);
#7932 = LINE('',#7933,#7934);
#7933 = CARTESIAN_POINT('',(10.974493015689,-8.666990131121));
#7934 = VECTOR('',#7935,1.);
#7935 = DIRECTION('',(0.258819045103,0.965925826289));
#7936 = ( GEOMETRIC_REPRESENTATION_CONTEXT(2) 
PARAMETRIC_REPRESENTATION_CONTEXT() REPRESENTATION_CONTEXT('2D SPACE',''
  ) );
#7937 = PCURVE('',#7938,#7943);
#7938 = PLANE('',#7939);
#7939 = AXIS2_PLACEMENT_3D('',#7940,#7941,#7942);
#7940 = CARTESIAN_POINT('',(18.55,-65.99022124329,9.542897118132));
#7941 = DIRECTION('',(0.,0.258819045103,0.965925826289));
#7942 = DIRECTION('',(1.,0.,0.));
#7943 = DEFINITIONAL_REPRESENTATION('',(#7944),#7948);
#7944 = LINE('',#7945,#7946);
#7945 = CARTESIAN_POINT('',(1.,-5.531261801038));
#7946 = VECTOR('',#7947,1.);
#7947 = DIRECTION('',(0.,-1.));
#7948 = ( GEOMETRIC_REPRESENTATION_CONTEXT(2) 
PARAMETRIC_REPRESENTATION_CONTEXT() REPRESENTATION_CONTEXT('2D SPACE',''
  ) );
#7949 = ORIENTED_EDGE('',*,*,#7950,.T.);
#7950 = EDGE_CURVE('',#7923,#7750,#7951,.T.);
#7951 = SURFACE_CURVE('',#7952,(#7956,#7963),.PCURVE_S1.);
#7952 = LINE('',#7953,#7954);
#7953 = CARTESIAN_POINT('',(19.55,-67.65232199605,3.339852661509));
#7954 = VECTOR('',#7955,1.);
#7955 = DIRECTION('',(-0.,0.258819045103,0.965925826289));
#7956 = PCURVE('',#7758,#7957);
#7957 = DEFINITIONAL_REPRESENTATION('',(#7958),#7962);
#7958 = LINE('',#7959,#7960);
#7959 = CARTESIAN_POINT('',(3.339852661509,-12.34767800394));
#7960 = VECTOR('',#7961,1.);
#7961 = DIRECTION('',(0.965925826289,-0.258819045103));
#7962 = ( GEOMETRIC_REPRESENTATION_CONTEXT(2) 
PARAMETRIC_REPRESENTATION_CONTEXT() REPRESENTATION_CONTEXT('2D SPACE',''
  ) );
#7963 = PCURVE('',#7964,#7969);
#7964 = PLANE('',#7965);
#7965 = AXIS2_PLACEMENT_3D('',#7966,#7967,#7968);
#7966 = CARTESIAN_POINT('',(18.55,-65.99022124329,9.542897118132));
#7967 = DIRECTION('',(0.,0.965925826289,-0.258819045103));
#7968 = DIRECTION('',(0.,0.258819045103,0.965925826289));
#7969 = DEFINITIONAL_REPRESENTATION('',(#7970),#7974);
#7970 = LINE('',#7971,#7972);
#7971 = CARTESIAN_POINT('',(-6.421864171966,1.));
#7972 = VECTOR('',#7973,1.);
#7973 = DIRECTION('',(1.,0.));
#7974 = ( GEOMETRIC_REPRESENTATION_CONTEXT(2) 
PARAMETRIC_REPRESENTATION_CONTEXT() REPRESENTATION_CONTEXT('2D SPACE',''
  ) );
#7975 = ADVANCED_FACE('',(#7976),#7770,.T.);
#7976 = FACE_BOUND('',#7977,.T.);
#7977 = EDGE_LOOP('',(#7978,#7979,#8003,#8031,#8064,#8092));
#7978 = ORIENTED_EDGE('',*,*,#7747,.F.);
#7979 = ORIENTED_EDGE('',*,*,#7980,.T.);
#7980 = EDGE_CURVE('',#7748,#7981,#7983,.T.);
#7981 = VERTEX_POINT('',#7982);
#7982 = CARTESIAN_POINT('',(25.55,-80.,16.));
#7983 = SURFACE_CURVE('',#7984,(#7989,#7996),.PCURVE_S1.);
#7984 = CIRCLE('',#7985,6.);
#7985 = AXIS2_PLACEMENT_3D('',#7986,#7987,#7988);
#7986 = CARTESIAN_POINT('',(25.55,-74.,16.));
#7987 = DIRECTION('',(0.,0.,1.));
#7988 = DIRECTION('',(0.,-1.,0.));
#7989 = PCURVE('',#7770,#7990);
#7990 = DEFINITIONAL_REPRESENTATION('',(#7991),#7995);
#7991 = CIRCLE('',#7992,6.);
#7992 = AXIS2_PLACEMENT_2D('',#7993,#7994);
#7993 = CARTESIAN_POINT('',(6.,6.));
#7994 = DIRECTION('',(0.,-1.));
#7995 = ( GEOMETRIC_REPRESENTATION_CONTEXT(2) 
PARAMETRIC_REPRESENTATION_CONTEXT() REPRESENTATION_CONTEXT('2D SPACE',''
  ) );
#7996 = PCURVE('',#7798,#7997);
#7997 = DEFINITIONAL_REPRESENTATION('',(#7998),#8002);
#7998 = LINE('',#7999,#8000);
#7999 = CARTESIAN_POINT('',(-4.712388980385,16.));
#8000 = VECTOR('',#8001,1.);
#8001 = DIRECTION('',(1.,0.));
#8002 = ( GEOMETRIC_REPRESENTATION_CONTEXT(2) 
PARAMETRIC_REPRESENTATION_CONTEXT() REPRESENTATION_CONTEXT('2D SPACE',''
  ) );
#8003 = ORIENTED_EDGE('',*,*,#8004,.T.);
#8004 = EDGE_CURVE('',#7981,#8005,#8007,.T.);
#8005 = VERTEX_POINT('',#8006);
#8006 = CARTESIAN_POINT('',(103.55,-80.,16.));
#8007 = SURFACE_CURVE('',#8008,(#8012,#8019),.PCURVE_S1.);
#8008 = LINE('',#8009,#8010);
#8009 = CARTESIAN_POINT('',(19.55,-80.,16.));
#8010 = VECTOR('',#8011,1.);
#8011 = DIRECTION('',(1.,0.,0.));
#8012 = PCURVE('',#7770,#8013);
#8013 = DEFINITIONAL_REPRESENTATION('',(#8014),#8018);
#8014 = LINE('',#8015,#8016);
#8015 = CARTESIAN_POINT('',(0.,0.));
#8016 = VECTOR('',#8017,1.);
#8017 = DIRECTION('',(1.,0.));
#8018 = ( GEOMETRIC_REPRESENTATION_CONTEXT(2) 
PARAMETRIC_REPRESENTATION_CONTEXT() REPRESENTATION_CONTEXT('2D SPACE',''
  ) );
#8019 = PCURVE('',#8020,#8025);
#8020 = PLANE('',#8021);
#8021 = AXIS2_PLACEMENT_3D('',#8022,#8023,#8024);
#8022 = CARTESIAN_POINT('',(19.55,-80.,0.));
#8023 = DIRECTION('',(0.,1.,0.));
#8024 = DIRECTION('',(0.,0.,1.));
#8025 = DEFINITIONAL_REPRESENTATION('',(#8026),#8030);
#8026 = LINE('',#8027,#8028);
#8027 = CARTESIAN_POINT('',(16.,0.));
#8028 = VECTOR('',#8029,1.);
#8029 = DIRECTION('',(0.,1.));
#8030 = ( GEOMETRIC_REPRESENTATION_CONTEXT(2) 
PARAMETRIC_REPRESENTATION_CONTEXT() REPRESENTATION_CONTEXT('2D SPACE',''
  ) );
#8031 = ORIENTED_EDGE('',*,*,#8032,.F.);
#8032 = EDGE_CURVE('',#8033,#8005,#8035,.T.);
#8033 = VERTEX_POINT('',#8034);
#8034 = CARTESIAN_POINT('',(109.55,-74.,16.));
#8035 = SURFACE_CURVE('',#8036,(#8041,#8052),.PCURVE_S1.);
#8036 = CIRCLE('',#8037,6.);
#8037 = AXIS2_PLACEMENT_3D('',#8038,#8039,#8040);
#8038 = CARTESIAN_POINT('',(103.55,-74.,16.));
#8039 = DIRECTION('',(-0.,-0.,-1.));
#8040 = DIRECTION('',(0.,-1.,0.));
#8041 = PCURVE('',#7770,#8042);
#8042 = DEFINITIONAL_REPRESENTATION('',(#8043),#8051);
#8043 = ( BOUNDED_CURVE() B_SPLINE_CURVE(2,(#8044,#8045,#8046,#8047,
#8048,#8049,#8050),.UNSPECIFIED.,.T.,.F.) B_SPLINE_CURVE_WITH_KNOTS((1,2
    ,2,2,2,1),(-2.094395102393,0.,2.094395102393,4.188790204786,
6.28318530718,8.377580409573),.UNSPECIFIED.) CURVE() 
GEOMETRIC_REPRESENTATION_ITEM() RATIONAL_B_SPLINE_CURVE((1.,0.5,1.,0.5,
1.,0.5,1.)) REPRESENTATION_ITEM('') );
#8044 = CARTESIAN_POINT('',(84.,0.));
#8045 = CARTESIAN_POINT('',(73.607695154587,0.));
#8046 = CARTESIAN_POINT('',(78.803847577293,9.));
#8047 = CARTESIAN_POINT('',(84.,18.));
#8048 = CARTESIAN_POINT('',(89.196152422707,9.));
#8049 = CARTESIAN_POINT('',(94.392304845413,8.881784197001E-15));
#8050 = CARTESIAN_POINT('',(84.,0.));
#8051 = ( GEOMETRIC_REPRESENTATION_CONTEXT(2) 
PARAMETRIC_REPRESENTATION_CONTEXT() REPRESENTATION_CONTEXT('2D SPACE',''
  ) );
#8052 = PCURVE('',#8053,#8058);
#8053 = CYLINDRICAL_SURFACE('',#8054,6.);
#8054 = AXIS2_PLACEMENT_3D('',#8055,#8056,#8057);
#8055 = CARTESIAN_POINT('',(103.55,-74.,0.));
#8056 = DIRECTION('',(0.,0.,1.));
#8057 = DIRECTION('',(1.,0.,-0.));
#8058 = DEFINITIONAL_REPRESENTATION('',(#8059),#8063);
#8059 = LINE('',#8060,#8061);
#8060 = CARTESIAN_POINT('',(4.712388980385,16.));
#8061 = VECTOR('',#8062,1.);
#8062 = DIRECTION('',(-1.,0.));
#8063 = ( GEOMETRIC_REPRESENTATION_CONTEXT(2) 
PARAMETRIC_REPRESENTATION_CONTEXT() REPRESENTATION_CONTEXT('2D SPACE',''
  ) );
#8064 = ORIENTED_EDGE('',*,*,#8065,.T.);
#8065 = EDGE_CURVE('',#8033,#8066,#8068,.T.);
#8066 = VERTEX_POINT('',#8067);
#8067 = CARTESIAN_POINT('',(109.55,-64.26004574064,16.));
#8068 = SURFACE_CURVE('',#8069,(#8073,#8080),.PCURVE_S1.);
#8069 = LINE('',#8070,#8071);
#8070 = CARTESIAN_POINT('',(109.55,-80.,16.));
#8071 = VECTOR('',#8072,1.);
#8072 = DIRECTION('',(0.,1.,0.));
#8073 = PCURVE('',#7770,#8074);
#8074 = DEFINITIONAL_REPRESENTATION('',(#8075),#8079);
#8075 = LINE('',#8076,#8077);
#8076 = CARTESIAN_POINT('',(90.,0.));
#8077 = VECTOR('',#8078,1.);
#8078 = DIRECTION('',(0.,1.));
#8079 = ( GEOMETRIC_REPRESENTATION_CONTEXT(2) 
PARAMETRIC_REPRESENTATION_CONTEXT() REPRESENTATION_CONTEXT('2D SPACE',''
  ) );
#8080 = PCURVE('',#8081,#8086);
#8081 = PLANE('',#8082);
#8082 = AXIS2_PLACEMENT_3D('',#8083,#8084,#8085);
#8083 = CARTESIAN_POINT('',(109.55,-80.,0.));
#8084 = DIRECTION('',(1.,0.,0.));
#8085 = DIRECTION('',(0.,0.,1.));
#8086 = DEFINITIONAL_REPRESENTATION('',(#8087),#8091);
#8087 = LINE('',#8088,#8089);
#8088 = CARTESIAN_POINT('',(16.,0.));
#8089 = VECTOR('',#8090,1.);
#8090 = DIRECTION('',(0.,-1.));
#8091 = ( GEOMETRIC_REPRESENTATION_CONTEXT(2) 
PARAMETRIC_REPRESENTATION_CONTEXT() REPRESENTATION_CONTEXT('2D SPACE',''
  ) );
#8092 = ORIENTED_EDGE('',*,*,#8093,.T.);
#8093 = EDGE_CURVE('',#8066,#7750,#8094,.T.);
#8094 = SURFACE_CURVE('',#8095,(#8099,#8106),.PCURVE_S1.);
#8095 = LINE('',#8096,#8097);
#8096 = CARTESIAN_POINT('',(19.05,-64.26004574064,16.));
#8097 = VECTOR('',#8098,1.);
#8098 = DIRECTION('',(-1.,0.,0.));
#8099 = PCURVE('',#7770,#8100);
#8100 = DEFINITIONAL_REPRESENTATION('',(#8101),#8105);
#8101 = LINE('',#8102,#8103);
#8102 = CARTESIAN_POINT('',(-0.5,15.739954259351));
#8103 = VECTOR('',#8104,1.);
#8104 = DIRECTION('',(-1.,0.));
#8105 = ( GEOMETRIC_REPRESENTATION_CONTEXT(2) 
PARAMETRIC_REPRESENTATION_CONTEXT() REPRESENTATION_CONTEXT('2D SPACE',''
  ) );
#8106 = PCURVE('',#7964,#8107);
#8107 = DEFINITIONAL_REPRESENTATION('',(#8108),#8112);
#8108 = LINE('',#8109,#8110);
#8109 = CARTESIAN_POINT('',(6.684884808055,0.5));
#8110 = VECTOR('',#8111,1.);
#8111 = DIRECTION('',(0.,-1.));
#8112 = ( GEOMETRIC_REPRESENTATION_CONTEXT(2) 
PARAMETRIC_REPRESENTATION_CONTEXT() REPRESENTATION_CONTEXT('2D SPACE',''
  ) );
#8113 = ADVANCED_FACE('',(#8114),#7964,.T.);
#8114 = FACE_BOUND('',#8115,.T.);
#8115 = EDGE_LOOP('',(#8116,#8139,#8140,#8141));
#8116 = ORIENTED_EDGE('',*,*,#8117,.F.);
#8117 = EDGE_CURVE('',#7923,#8118,#8120,.T.);
#8118 = VERTEX_POINT('',#8119);
#8119 = CARTESIAN_POINT('',(109.55,-65.99022124329,9.542897118132));
#8120 = SURFACE_CURVE('',#8121,(#8125,#8132),.PCURVE_S1.);
#8121 = LINE('',#8122,#8123);
#8122 = CARTESIAN_POINT('',(18.55,-65.99022124329,9.542897118132));
#8123 = VECTOR('',#8124,1.);
#8124 = DIRECTION('',(1.,0.,0.));
#8125 = PCURVE('',#7964,#8126);
#8126 = DEFINITIONAL_REPRESENTATION('',(#8127),#8131);
#8127 = LINE('',#8128,#8129);
#8128 = CARTESIAN_POINT('',(0.,0.));
#8129 = VECTOR('',#8130,1.);
#8130 = DIRECTION('',(0.,1.));
#8131 = ( GEOMETRIC_REPRESENTATION_CONTEXT(2) 
PARAMETRIC_REPRESENTATION_CONTEXT() REPRESENTATION_CONTEXT('2D SPACE',''
  ) );
#8132 = PCURVE('',#7938,#8133);
#8133 = DEFINITIONAL_REPRESENTATION('',(#8134),#8138);
#8134 = LINE('',#8135,#8136);
#8135 = CARTESIAN_POINT('',(0.,0.));
#8136 = VECTOR('',#8137,1.);
#8137 = DIRECTION('',(1.,0.));
#8138 = ( GEOMETRIC_REPRESENTATION_CONTEXT(2) 
PARAMETRIC_REPRESENTATION_CONTEXT() REPRESENTATION_CONTEXT('2D SPACE',''
  ) );
#8139 = ORIENTED_EDGE('',*,*,#7950,.T.);
#8140 = ORIENTED_EDGE('',*,*,#8093,.F.);
#8141 = ORIENTED_EDGE('',*,*,#8142,.F.);
#8142 = EDGE_CURVE('',#8118,#8066,#8143,.T.);
#8143 = SURFACE_CURVE('',#8144,(#8148,#8155),.PCURVE_S1.);
#8144 = LINE('',#8145,#8146);
#8145 = CARTESIAN_POINT('',(109.55,-67.65232199605,3.339852661509));
#8146 = VECTOR('',#8147,1.);
#8147 = DIRECTION('',(-0.,0.258819045103,0.965925826289));
#8148 = PCURVE('',#7964,#8149);
#8149 = DEFINITIONAL_REPRESENTATION('',(#8150),#8154);
#8150 = LINE('',#8151,#8152);
#8151 = CARTESIAN_POINT('',(-6.421864171966,91.));
#8152 = VECTOR('',#8153,1.);
#8153 = DIRECTION('',(1.,0.));
#8154 = ( GEOMETRIC_REPRESENTATION_CONTEXT(2) 
PARAMETRIC_REPRESENTATION_CONTEXT() REPRESENTATION_CONTEXT('2D SPACE',''
  ) );
#8155 = PCURVE('',#8081,#8156);
#8156 = DEFINITIONAL_REPRESENTATION('',(#8157),#8161);
#8157 = LINE('',#8158,#8159);
#8158 = CARTESIAN_POINT('',(3.339852661509,-12.34767800394));
#8159 = VECTOR('',#8160,1.);
#8160 = DIRECTION('',(0.965925826289,-0.258819045103));
#8161 = ( GEOMETRIC_REPRESENTATION_CONTEXT(2) 
PARAMETRIC_REPRESENTATION_CONTEXT() REPRESENTATION_CONTEXT('2D SPACE',''
  ) );
#8162 = ADVANCED_FACE('',(#8163),#7938,.T.);
#8163 = FACE_BOUND('',#8164,.T.);
#8164 = EDGE_LOOP('',(#8165,#8188,#8189,#8190));
#8165 = ORIENTED_EDGE('',*,*,#8166,.F.);
#8166 = EDGE_CURVE('',#7895,#8167,#8169,.T.);
#8167 = VERTEX_POINT('',#8168);
#8168 = CARTESIAN_POINT('',(109.55,-47.00977875671,4.457102881868));
#8169 = SURFACE_CURVE('',#8170,(#8174,#8181),.PCURVE_S1.);
#8170 = LINE('',#8171,#8172);
#8171 = CARTESIAN_POINT('',(18.55,-47.00977875671,4.457102881868));
#8172 = VECTOR('',#8173,1.);
#8173 = DIRECTION('',(1.,0.,0.));
#8174 = PCURVE('',#7938,#8175);
#8175 = DEFINITIONAL_REPRESENTATION('',(#8176),#8180);
#8176 = LINE('',#8177,#8178);
#8177 = CARTESIAN_POINT('',(0.,19.65));
#8178 = VECTOR('',#8179,1.);
#8179 = DIRECTION('',(1.,0.));
#8180 = ( GEOMETRIC_REPRESENTATION_CONTEXT(2) 
PARAMETRIC_REPRESENTATION_CONTEXT() REPRESENTATION_CONTEXT('2D SPACE',''
  ) );
#8181 = PCURVE('',#7910,#8182);
#8182 = DEFINITIONAL_REPRESENTATION('',(#8183),#8187);
#8183 = LINE('',#8184,#8185);
#8184 = CARTESIAN_POINT('',(0.,0.));
#8185 = VECTOR('',#8186,1.);
#8186 = DIRECTION('',(0.,1.));
#8187 = ( GEOMETRIC_REPRESENTATION_CONTEXT(2) 
PARAMETRIC_REPRESENTATION_CONTEXT() REPRESENTATION_CONTEXT('2D SPACE',''
  ) );
#8188 = ORIENTED_EDGE('',*,*,#7922,.T.);
#8189 = ORIENTED_EDGE('',*,*,#8117,.T.);
#8190 = ORIENTED_EDGE('',*,*,#8191,.F.);
#8191 = EDGE_CURVE('',#8167,#8118,#8192,.T.);
#8192 = SURFACE_CURVE('',#8193,(#8197,#8204),.PCURVE_S1.);
#8193 = LINE('',#8194,#8195);
#8194 = CARTESIAN_POINT('',(109.55,-71.33300986887,10.974493015689));
#8195 = VECTOR('',#8196,1.);
#8196 = DIRECTION('',(0.,-0.965925826289,0.258819045103));
#8197 = PCURVE('',#7938,#8198);
#8198 = DEFINITIONAL_REPRESENTATION('',(#8199),#8203);
#8199 = LINE('',#8200,#8201);
#8200 = CARTESIAN_POINT('',(91.,-5.531261801038));
#8201 = VECTOR('',#8202,1.);
#8202 = DIRECTION('',(0.,-1.));
#8203 = ( GEOMETRIC_REPRESENTATION_CONTEXT(2) 
PARAMETRIC_REPRESENTATION_CONTEXT() REPRESENTATION_CONTEXT('2D SPACE',''
  ) );
#8204 = PCURVE('',#8081,#8205);
#8205 = DEFINITIONAL_REPRESENTATION('',(#8206),#8210);
#8206 = LINE('',#8207,#8208);
#8207 = CARTESIAN_POINT('',(10.974493015689,-8.666990131121));
#8208 = VECTOR('',#8209,1.);
#8209 = DIRECTION('',(0.258819045103,0.965925826289));
#8210 = ( GEOMETRIC_REPRESENTATION_CONTEXT(2) 
PARAMETRIC_REPRESENTATION_CONTEXT() REPRESENTATION_CONTEXT('2D SPACE',''
  ) );
#8211 = ADVANCED_FACE('',(#8212),#7910,.F.);
#8212 = FACE_BOUND('',#8213,.F.);
#8213 = EDGE_LOOP('',(#8214,#8215,#8216,#8239));
#8214 = ORIENTED_EDGE('',*,*,#8166,.F.);
#8215 = ORIENTED_EDGE('',*,*,#7894,.T.);
#8216 = ORIENTED_EDGE('',*,*,#8217,.F.);
#8217 = EDGE_CURVE('',#8218,#7867,#8220,.T.);
#8218 = VERTEX_POINT('',#8219);
#8219 = CARTESIAN_POINT('',(109.55,-43.91686879559,16.));
#8220 = SURFACE_CURVE('',#8221,(#8225,#8232),.PCURVE_S1.);
#8221 = LINE('',#8222,#8223);
#8222 = CARTESIAN_POINT('',(19.05,-43.91686879559,16.));
#8223 = VECTOR('',#8224,1.);
#8224 = DIRECTION('',(-1.,0.,0.));
#8225 = PCURVE('',#7910,#8226);
#8226 = DEFINITIONAL_REPRESENTATION('',(#8227),#8231);
#8227 = LINE('',#8228,#8229);
#8228 = CARTESIAN_POINT('',(11.950086439327,0.5));
#8229 = VECTOR('',#8230,1.);
#8230 = DIRECTION('',(0.,-1.));
#8231 = ( GEOMETRIC_REPRESENTATION_CONTEXT(2) 
PARAMETRIC_REPRESENTATION_CONTEXT() REPRESENTATION_CONTEXT('2D SPACE',''
  ) );
#8232 = PCURVE('',#7882,#8233);
#8233 = DEFINITIONAL_REPRESENTATION('',(#8234),#8238);
#8234 = LINE('',#8235,#8236);
#8235 = CARTESIAN_POINT('',(-0.5,36.083131204409));
#8236 = VECTOR('',#8237,1.);
#8237 = DIRECTION('',(-1.,0.));
#8238 = ( GEOMETRIC_REPRESENTATION_CONTEXT(2) 
PARAMETRIC_REPRESENTATION_CONTEXT() REPRESENTATION_CONTEXT('2D SPACE',''
  ) );
#8239 = ORIENTED_EDGE('',*,*,#8240,.F.);
#8240 = EDGE_CURVE('',#8167,#8218,#8241,.T.);
#8241 = SURFACE_CURVE('',#8242,(#8246,#8253),.PCURVE_S1.);
#8242 = LINE('',#8243,#8244);
#8243 = CARTESIAN_POINT('',(109.55,-48.67187950947,-1.745941574755));
#8244 = VECTOR('',#8245,1.);
#8245 = DIRECTION('',(-0.,0.258819045103,0.965925826289));
#8246 = PCURVE('',#7910,#8247);
#8247 = DEFINITIONAL_REPRESENTATION('',(#8248),#8252);
#8248 = LINE('',#8249,#8250);
#8249 = CARTESIAN_POINT('',(-6.421864171966,91.));
#8250 = VECTOR('',#8251,1.);
#8251 = DIRECTION('',(1.,0.));
#8252 = ( GEOMETRIC_REPRESENTATION_CONTEXT(2) 
PARAMETRIC_REPRESENTATION_CONTEXT() REPRESENTATION_CONTEXT('2D SPACE',''
  ) );
#8253 = PCURVE('',#8081,#8254);
#8254 = DEFINITIONAL_REPRESENTATION('',(#8255),#8259);
#8255 = LINE('',#8256,#8257);
#8256 = CARTESIAN_POINT('',(-1.745941574755,-31.32812049052));
#8257 = VECTOR('',#8258,1.);
#8258 = DIRECTION('',(0.965925826289,-0.258819045103));
#8259 = ( GEOMETRIC_REPRESENTATION_CONTEXT(2) 
PARAMETRIC_REPRESENTATION_CONTEXT() REPRESENTATION_CONTEXT('2D SPACE',''
  ) );
#8260 = ADVANCED_FACE('',(#8261),#7882,.T.);
#8261 = FACE_BOUND('',#8262,.T.);
#8262 = EDGE_LOOP('',(#8263,#8264,#8265,#8288,#8317,#8345));
#8263 = ORIENTED_EDGE('',*,*,#7866,.F.);
#8264 = ORIENTED_EDGE('',*,*,#8217,.F.);
#8265 = ORIENTED_EDGE('',*,*,#8266,.T.);
#8266 = EDGE_CURVE('',#8218,#8267,#8269,.T.);
#8267 = VERTEX_POINT('',#8268);
#8268 = CARTESIAN_POINT('',(109.55,-31.,16.));
#8269 = SURFACE_CURVE('',#8270,(#8274,#8281),.PCURVE_S1.);
#8270 = LINE('',#8271,#8272);
#8271 = CARTESIAN_POINT('',(109.55,-80.,16.));
#8272 = VECTOR('',#8273,1.);
#8273 = DIRECTION('',(0.,1.,0.));
#8274 = PCURVE('',#7882,#8275);
#8275 = DEFINITIONAL_REPRESENTATION('',(#8276),#8280);
#8276 = LINE('',#8277,#8278);
#8277 = CARTESIAN_POINT('',(90.,0.));
#8278 = VECTOR('',#8279,1.);
#8279 = DIRECTION('',(0.,1.));
#8280 = ( GEOMETRIC_REPRESENTATION_CONTEXT(2) 
PARAMETRIC_REPRESENTATION_CONTEXT() REPRESENTATION_CONTEXT('2D SPACE',''
  ) );
#8281 = PCURVE('',#8081,#8282);
#8282 = DEFINITIONAL_REPRESENTATION('',(#8283),#8287);
#8283 = LINE('',#8284,#8285);
#8284 = CARTESIAN_POINT('',(16.,0.));
#8285 = VECTOR('',#8286,1.);
#8286 = DIRECTION('',(0.,-1.));
#8287 = ( GEOMETRIC_REPRESENTATION_CONTEXT(2) 
PARAMETRIC_REPRESENTATION_CONTEXT() REPRESENTATION_CONTEXT('2D SPACE',''
  ) );
#8288 = ORIENTED_EDGE('',*,*,#8289,.T.);
#8289 = EDGE_CURVE('',#8267,#8290,#8292,.T.);
#8290 = VERTEX_POINT('',#8291);
#8291 = CARTESIAN_POINT('',(103.55,-25.,16.));
#8292 = SURFACE_CURVE('',#8293,(#8298,#8305),.PCURVE_S1.);
#8293 = CIRCLE('',#8294,6.);
#8294 = AXIS2_PLACEMENT_3D('',#8295,#8296,#8297);
#8295 = CARTESIAN_POINT('',(103.55,-31.,16.));
#8296 = DIRECTION('',(0.,0.,1.));
#8297 = DIRECTION('',(0.,-1.,0.));
#8298 = PCURVE('',#7882,#8299);
#8299 = DEFINITIONAL_REPRESENTATION('',(#8300),#8304);
#8300 = CIRCLE('',#8301,6.);
#8301 = AXIS2_PLACEMENT_2D('',#8302,#8303);
#8302 = CARTESIAN_POINT('',(84.,49.));
#8303 = DIRECTION('',(0.,-1.));
#8304 = ( GEOMETRIC_REPRESENTATION_CONTEXT(2) 
PARAMETRIC_REPRESENTATION_CONTEXT() REPRESENTATION_CONTEXT('2D SPACE',''
  ) );
#8305 = PCURVE('',#8306,#8311);
#8306 = CYLINDRICAL_SURFACE('',#8307,6.);
#8307 = AXIS2_PLACEMENT_3D('',#8308,#8309,#8310);
#8308 = CARTESIAN_POINT('',(103.55,-31.,0.));
#8309 = DIRECTION('',(0.,0.,1.));
#8310 = DIRECTION('',(1.,0.,-0.));
#8311 = DEFINITIONAL_REPRESENTATION('',(#8312),#8316);
#8312 = LINE('',#8313,#8314);
#8313 = CARTESIAN_POINT('',(-1.570796326795,16.));
#8314 = VECTOR('',#8315,1.);
#8315 = DIRECTION('',(1.,0.));
#8316 = ( GEOMETRIC_REPRESENTATION_CONTEXT(2) 
PARAMETRIC_REPRESENTATION_CONTEXT() REPRESENTATION_CONTEXT('2D SPACE',''
  ) );
#8317 = ORIENTED_EDGE('',*,*,#8318,.F.);
#8318 = EDGE_CURVE('',#8319,#8290,#8321,.T.);
#8319 = VERTEX_POINT('',#8320);
#8320 = CARTESIAN_POINT('',(25.55,-25.,16.));
#8321 = SURFACE_CURVE('',#8322,(#8326,#8333),.PCURVE_S1.);
#8322 = LINE('',#8323,#8324);
#8323 = CARTESIAN_POINT('',(19.55,-25.,16.));
#8324 = VECTOR('',#8325,1.);
#8325 = DIRECTION('',(1.,0.,0.));
#8326 = PCURVE('',#7882,#8327);
#8327 = DEFINITIONAL_REPRESENTATION('',(#8328),#8332);
#8328 = LINE('',#8329,#8330);
#8329 = CARTESIAN_POINT('',(0.,55.));
#8330 = VECTOR('',#8331,1.);
#8331 = DIRECTION('',(1.,0.));
#8332 = ( GEOMETRIC_REPRESENTATION_CONTEXT(2) 
PARAMETRIC_REPRESENTATION_CONTEXT() REPRESENTATION_CONTEXT('2D SPACE',''
  ) );
#8333 = PCURVE('',#8334,#8339);
#8334 = PLANE('',#8335);
#8335 = AXIS2_PLACEMENT_3D('',#8336,#8337,#8338);
#8336 = CARTESIAN_POINT('',(19.55,-25.,0.));
#8337 = DIRECTION('',(0.,1.,0.));
#8338 = DIRECTION('',(0.,0.,1.));
#8339 = DEFINITIONAL_REPRESENTATION('',(#8340),#8344);
#8340 = LINE('',#8341,#8342);
#8341 = CARTESIAN_POINT('',(16.,0.));
#8342 = VECTOR('',#8343,1.);
#8343 = DIRECTION('',(0.,1.));
#8344 = ( GEOMETRIC_REPRESENTATION_CONTEXT(2) 
PARAMETRIC_REPRESENTATION_CONTEXT() REPRESENTATION_CONTEXT('2D SPACE',''
  ) );
#8345 = ORIENTED_EDGE('',*,*,#8346,.F.);
#8346 = EDGE_CURVE('',#7839,#8319,#8347,.T.);
#8347 = SURFACE_CURVE('',#8348,(#8353,#8364),.PCURVE_S1.);
#8348 = CIRCLE('',#8349,6.);
#8349 = AXIS2_PLACEMENT_3D('',#8350,#8351,#8352);
#8350 = CARTESIAN_POINT('',(25.55,-31.,16.));
#8351 = DIRECTION('',(-0.,-0.,-1.));
#8352 = DIRECTION('',(0.,-1.,0.));
#8353 = PCURVE('',#7882,#8354);
#8354 = DEFINITIONAL_REPRESENTATION('',(#8355),#8363);
#8355 = ( BOUNDED_CURVE() B_SPLINE_CURVE(2,(#8356,#8357,#8358,#8359,
#8360,#8361,#8362),.UNSPECIFIED.,.T.,.F.) B_SPLINE_CURVE_WITH_KNOTS((1,2
    ,2,2,2,1),(-2.094395102393,0.,2.094395102393,4.188790204786,
6.28318530718,8.377580409573),.UNSPECIFIED.) CURVE() 
GEOMETRIC_REPRESENTATION_ITEM() RATIONAL_B_SPLINE_CURVE((1.,0.5,1.,0.5,
1.,0.5,1.)) REPRESENTATION_ITEM('') );
#8356 = CARTESIAN_POINT('',(6.,43.));
#8357 = CARTESIAN_POINT('',(-4.392304845413,43.));
#8358 = CARTESIAN_POINT('',(0.803847577293,52.));
#8359 = CARTESIAN_POINT('',(6.,61.));
#8360 = CARTESIAN_POINT('',(11.196152422707,52.));
#8361 = CARTESIAN_POINT('',(16.392304845413,43.));
#8362 = CARTESIAN_POINT('',(6.,43.));
#8363 = ( GEOMETRIC_REPRESENTATION_CONTEXT(2) 
PARAMETRIC_REPRESENTATION_CONTEXT() REPRESENTATION_CONTEXT('2D SPACE',''
  ) );
#8364 = PCURVE('',#7854,#8365);
#8365 = DEFINITIONAL_REPRESENTATION('',(#8366),#8370);
#8366 = LINE('',#8367,#8368);
#8367 = CARTESIAN_POINT('',(1.570796326795,16.));
#8368 = VECTOR('',#8369,1.);
#8369 = DIRECTION('',(-1.,0.));
#8370 = ( GEOMETRIC_REPRESENTATION_CONTEXT(2) 
PARAMETRIC_REPRESENTATION_CONTEXT() REPRESENTATION_CONTEXT('2D SPACE',''
  ) );
#8371 = ADVANCED_FACE('',(#8372),#7854,.T.);
#8372 = FACE_BOUND('',#8373,.F.);
#8373 = EDGE_LOOP('',(#8374,#8402,#8423,#8424));
#8374 = ORIENTED_EDGE('',*,*,#8375,.T.);
#8375 = EDGE_CURVE('',#7811,#8376,#8378,.T.);
#8376 = VERTEX_POINT('',#8377);
#8377 = CARTESIAN_POINT('',(25.55,-25.,0.));
#8378 = SURFACE_CURVE('',#8379,(#8384,#8391),.PCURVE_S1.);
#8379 = CIRCLE('',#8380,6.);
#8380 = AXIS2_PLACEMENT_3D('',#8381,#8382,#8383);
#8381 = CARTESIAN_POINT('',(25.55,-31.,0.));
#8382 = DIRECTION('',(-0.,-0.,-1.));
#8383 = DIRECTION('',(0.,-1.,0.));
#8384 = PCURVE('',#7854,#8385);
#8385 = DEFINITIONAL_REPRESENTATION('',(#8386),#8390);
#8386 = LINE('',#8387,#8388);
#8387 = CARTESIAN_POINT('',(1.570796326795,-0.));
#8388 = VECTOR('',#8389,1.);
#8389 = DIRECTION('',(-1.,0.));
#8390 = ( GEOMETRIC_REPRESENTATION_CONTEXT(2) 
PARAMETRIC_REPRESENTATION_CONTEXT() REPRESENTATION_CONTEXT('2D SPACE',''
  ) );
#8391 = PCURVE('',#7826,#8392);
#8392 = DEFINITIONAL_REPRESENTATION('',(#8393),#8401);
#8393 = ( BOUNDED_CURVE() B_SPLINE_CURVE(2,(#8394,#8395,#8396,#8397,
#8398,#8399,#8400),.UNSPECIFIED.,.T.,.F.) B_SPLINE_CURVE_WITH_KNOTS((1,2
    ,2,2,2,1),(-2.094395102393,0.,2.094395102393,4.188790204786,
6.28318530718,8.377580409573),.UNSPECIFIED.) CURVE() 
GEOMETRIC_REPRESENTATION_ITEM() RATIONAL_B_SPLINE_CURVE((1.,0.5,1.,0.5,
1.,0.5,1.)) REPRESENTATION_ITEM('') );
#8394 = CARTESIAN_POINT('',(6.,43.));
#8395 = CARTESIAN_POINT('',(-4.392304845413,43.));
#8396 = CARTESIAN_POINT('',(0.803847577293,52.));
#8397 = CARTESIAN_POINT('',(6.,61.));
#8398 = CARTESIAN_POINT('',(11.196152422707,52.));
#8399 = CARTESIAN_POINT('',(16.392304845413,43.));
#8400 = CARTESIAN_POINT('',(6.,43.));
#8401 = ( GEOMETRIC_REPRESENTATION_CONTEXT(2) 
PARAMETRIC_REPRESENTATION_CONTEXT() REPRESENTATION_CONTEXT('2D SPACE',''
  ) );
#8402 = ORIENTED_EDGE('',*,*,#8403,.T.);
#8403 = EDGE_CURVE('',#8376,#8319,#8404,.T.);
#8404 = SURFACE_CURVE('',#8405,(#8409,#8416),.PCURVE_S1.);
#8405 = LINE('',#8406,#8407);
#8406 = CARTESIAN_POINT('',(25.55,-25.,0.));
#8407 = VECTOR('',#8408,1.);
#8408 = DIRECTION('',(0.,0.,1.));
#8409 = PCURVE('',#7854,#8410);
#8410 = DEFINITIONAL_REPRESENTATION('',(#8411),#8415);
#8411 = LINE('',#8412,#8413);
#8412 = CARTESIAN_POINT('',(-1.570796326795,0.));
#8413 = VECTOR('',#8414,1.);
#8414 = DIRECTION('',(-0.,1.));
#8415 = ( GEOMETRIC_REPRESENTATION_CONTEXT(2) 
PARAMETRIC_REPRESENTATION_CONTEXT() REPRESENTATION_CONTEXT('2D SPACE',''
  ) );
#8416 = PCURVE('',#8334,#8417);
#8417 = DEFINITIONAL_REPRESENTATION('',(#8418),#8422);
#8418 = LINE('',#8419,#8420);
#8419 = CARTESIAN_POINT('',(0.,6.));
#8420 = VECTOR('',#8421,1.);
#8421 = DIRECTION('',(1.,0.));
#8422 = ( GEOMETRIC_REPRESENTATION_CONTEXT(2) 
PARAMETRIC_REPRESENTATION_CONTEXT() REPRESENTATION_CONTEXT('2D SPACE',''
  ) );
#8423 = ORIENTED_EDGE('',*,*,#8346,.F.);
#8424 = ORIENTED_EDGE('',*,*,#7838,.F.);
#8425 = ADVANCED_FACE('',(#8426),#7826,.F.);
#8426 = FACE_BOUND('',#8427,.F.);
#8427 = EDGE_LOOP('',(#8428,#8429,#8453,#8476,#8504,#8527,#8551,#8572));
#8428 = ORIENTED_EDGE('',*,*,#7810,.F.);
#8429 = ORIENTED_EDGE('',*,*,#8430,.T.);
#8430 = EDGE_CURVE('',#7783,#8431,#8433,.T.);
#8431 = VERTEX_POINT('',#8432);
#8432 = CARTESIAN_POINT('',(25.55,-80.,0.));
#8433 = SURFACE_CURVE('',#8434,(#8439,#8446),.PCURVE_S1.);
#8434 = CIRCLE('',#8435,6.);
#8435 = AXIS2_PLACEMENT_3D('',#8436,#8437,#8438);
#8436 = CARTESIAN_POINT('',(25.55,-74.,0.));
#8437 = DIRECTION('',(0.,0.,1.));
#8438 = DIRECTION('',(0.,-1.,0.));
#8439 = PCURVE('',#7826,#8440);
#8440 = DEFINITIONAL_REPRESENTATION('',(#8441),#8445);
#8441 = CIRCLE('',#8442,6.);
#8442 = AXIS2_PLACEMENT_2D('',#8443,#8444);
#8443 = CARTESIAN_POINT('',(6.,6.));
#8444 = DIRECTION('',(0.,-1.));
#8445 = ( GEOMETRIC_REPRESENTATION_CONTEXT(2) 
PARAMETRIC_REPRESENTATION_CONTEXT() REPRESENTATION_CONTEXT('2D SPACE',''
  ) );
#8446 = PCURVE('',#7798,#8447);
#8447 = DEFINITIONAL_REPRESENTATION('',(#8448),#8452);
#8448 = LINE('',#8449,#8450);
#8449 = CARTESIAN_POINT('',(-4.712388980385,0.));
#8450 = VECTOR('',#8451,1.);
#8451 = DIRECTION('',(1.,0.));
#8452 = ( GEOMETRIC_REPRESENTATION_CONTEXT(2) 
PARAMETRIC_REPRESENTATION_CONTEXT() REPRESENTATION_CONTEXT('2D SPACE',''
  ) );
#8453 = ORIENTED_EDGE('',*,*,#8454,.T.);
#8454 = EDGE_CURVE('',#8431,#8455,#8457,.T.);
#8455 = VERTEX_POINT('',#8456);
#8456 = CARTESIAN_POINT('',(103.55,-80.,0.));
#8457 = SURFACE_CURVE('',#8458,(#8462,#8469),.PCURVE_S1.);
#8458 = LINE('',#8459,#8460);
#8459 = CARTESIAN_POINT('',(19.55,-80.,0.));
#8460 = VECTOR('',#8461,1.);
#8461 = DIRECTION('',(1.,0.,0.));
#8462 = PCURVE('',#7826,#8463);
#8463 = DEFINITIONAL_REPRESENTATION('',(#8464),#8468);
#8464 = LINE('',#8465,#8466);
#8465 = CARTESIAN_POINT('',(0.,0.));
#8466 = VECTOR('',#8467,1.);
#8467 = DIRECTION('',(1.,0.));
#8468 = ( GEOMETRIC_REPRESENTATION_CONTEXT(2) 
PARAMETRIC_REPRESENTATION_CONTEXT() REPRESENTATION_CONTEXT('2D SPACE',''
  ) );
#8469 = PCURVE('',#8020,#8470);
#8470 = DEFINITIONAL_REPRESENTATION('',(#8471),#8475);
#8471 = LINE('',#8472,#8473);
#8472 = CARTESIAN_POINT('',(0.,0.));
#8473 = VECTOR('',#8474,1.);
#8474 = DIRECTION('',(0.,1.));
#8475 = ( GEOMETRIC_REPRESENTATION_CONTEXT(2) 
PARAMETRIC_REPRESENTATION_CONTEXT() REPRESENTATION_CONTEXT('2D SPACE',''
  ) );
#8476 = ORIENTED_EDGE('',*,*,#8477,.F.);
#8477 = EDGE_CURVE('',#8478,#8455,#8480,.T.);
#8478 = VERTEX_POINT('',#8479);
#8479 = CARTESIAN_POINT('',(109.55,-74.,0.));
#8480 = SURFACE_CURVE('',#8481,(#8486,#8497),.PCURVE_S1.);
#8481 = CIRCLE('',#8482,6.);
#8482 = AXIS2_PLACEMENT_3D('',#8483,#8484,#8485);
#8483 = CARTESIAN_POINT('',(103.55,-74.,0.));
#8484 = DIRECTION('',(-0.,-0.,-1.));
#8485 = DIRECTION('',(0.,-1.,0.));
#8486 = PCURVE('',#7826,#8487);
#8487 = DEFINITIONAL_REPRESENTATION('',(#8488),#8496);
#8488 = ( BOUNDED_CURVE() B_SPLINE_CURVE(2,(#8489,#8490,#8491,#8492,
#8493,#8494,#8495),.UNSPECIFIED.,.T.,.F.) B_SPLINE_CURVE_WITH_KNOTS((1,2
    ,2,2,2,1),(-2.094395102393,0.,2.094395102393,4.188790204786,
6.28318530718,8.377580409573),.UNSPECIFIED.) CURVE() 
GEOMETRIC_REPRESENTATION_ITEM() RATIONAL_B_SPLINE_CURVE((1.,0.5,1.,0.5,
1.,0.5,1.)) REPRESENTATION_ITEM('') );
#8489 = CARTESIAN_POINT('',(84.,0.));
#8490 = CARTESIAN_POINT('',(73.607695154587,0.));
#8491 = CARTESIAN_POINT('',(78.803847577293,9.));
#8492 = CARTESIAN_POINT('',(84.,18.));
#8493 = CARTESIAN_POINT('',(89.196152422707,9.));
#8494 = CARTESIAN_POINT('',(94.392304845413,8.881784197001E-15));
#8495 = CARTESIAN_POINT('',(84.,0.));
#8496 = ( GEOMETRIC_REPRESENTATION_CONTEXT(2) 
PARAMETRIC_REPRESENTATION_CONTEXT() REPRESENTATION_CONTEXT('2D SPACE',''
  ) );
#8497 = PCURVE('',#8053,#8498);
#8498 = DEFINITIONAL_REPRESENTATION('',(#8499),#8503);
#8499 = LINE('',#8500,#8501);
#8500 = CARTESIAN_POINT('',(4.712388980385,-0.));
#8501 = VECTOR('',#8502,1.);
#8502 = DIRECTION('',(-1.,0.));
#8503 = ( GEOMETRIC_REPRESENTATION_CONTEXT(2) 
PARAMETRIC_REPRESENTATION_CONTEXT() REPRESENTATION_CONTEXT('2D SPACE',''
  ) );
#8504 = ORIENTED_EDGE('',*,*,#8505,.T.);
#8505 = EDGE_CURVE('',#8478,#8506,#8508,.T.);
#8506 = VERTEX_POINT('',#8507);
#8507 = CARTESIAN_POINT('',(109.55,-31.,0.));
#8508 = SURFACE_CURVE('',#8509,(#8513,#8520),.PCURVE_S1.);
#8509 = LINE('',#8510,#8511);
#8510 = CARTESIAN_POINT('',(109.55,-80.,0.));
#8511 = VECTOR('',#8512,1.);
#8512 = DIRECTION('',(0.,1.,0.));
#8513 = PCURVE('',#7826,#8514);
#8514 = DEFINITIONAL_REPRESENTATION('',(#8515),#8519);
#8515 = LINE('',#8516,#8517);
#8516 = CARTESIAN_POINT('',(90.,0.));
#8517 = VECTOR('',#8518,1.);
#8518 = DIRECTION('',(0.,1.));
#8519 = ( GEOMETRIC_REPRESENTATION_CONTEXT(2) 
PARAMETRIC_REPRESENTATION_CONTEXT() REPRESENTATION_CONTEXT('2D SPACE',''
  ) );
#8520 = PCURVE('',#8081,#8521);
#8521 = DEFINITIONAL_REPRESENTATION('',(#8522),#8526);
#8522 = LINE('',#8523,#8524);
#8523 = CARTESIAN_POINT('',(0.,0.));
#8524 = VECTOR('',#8525,1.);
#8525 = DIRECTION('',(0.,-1.));
#8526 = ( GEOMETRIC_REPRESENTATION_CONTEXT(2) 
PARAMETRIC_REPRESENTATION_CONTEXT() REPRESENTATION_CONTEXT('2D SPACE',''
  ) );
#8527 = ORIENTED_EDGE('',*,*,#8528,.T.);
#8528 = EDGE_CURVE('',#8506,#8529,#8531,.T.);
#8529 = VERTEX_POINT('',#8530);
#8530 = CARTESIAN_POINT('',(103.55,-25.,0.));
#8531 = SURFACE_CURVE('',#8532,(#8537,#8544),.PCURVE_S1.);
#8532 = CIRCLE('',#8533,6.);
#8533 = AXIS2_PLACEMENT_3D('',#8534,#8535,#8536);
#8534 = CARTESIAN_POINT('',(103.55,-31.,0.));
#8535 = DIRECTION('',(0.,0.,1.));
#8536 = DIRECTION('',(0.,-1.,0.));
#8537 = PCURVE('',#7826,#8538);
#8538 = DEFINITIONAL_REPRESENTATION('',(#8539),#8543);
#8539 = CIRCLE('',#8540,6.);
#8540 = AXIS2_PLACEMENT_2D('',#8541,#8542);
#8541 = CARTESIAN_POINT('',(84.,49.));
#8542 = DIRECTION('',(0.,-1.));
#8543 = ( GEOMETRIC_REPRESENTATION_CONTEXT(2) 
PARAMETRIC_REPRESENTATION_CONTEXT() REPRESENTATION_CONTEXT('2D SPACE',''
  ) );
#8544 = PCURVE('',#8306,#8545);
#8545 = DEFINITIONAL_REPRESENTATION('',(#8546),#8550);
#8546 = LINE('',#8547,#8548);
#8547 = CARTESIAN_POINT('',(-1.570796326795,0.));
#8548 = VECTOR('',#8549,1.);
#8549 = DIRECTION('',(1.,0.));
#8550 = ( GEOMETRIC_REPRESENTATION_CONTEXT(2) 
PARAMETRIC_REPRESENTATION_CONTEXT() REPRESENTATION_CONTEXT('2D SPACE',''
  ) );
#8551 = ORIENTED_EDGE('',*,*,#8552,.F.);
#8552 = EDGE_CURVE('',#8376,#8529,#8553,.T.);
#8553 = SURFACE_CURVE('',#8554,(#8558,#8565),.PCURVE_S1.);
#8554 = LINE('',#8555,#8556);
#8555 = CARTESIAN_POINT('',(19.55,-25.,0.));
#8556 = VECTOR('',#8557,1.);
#8557 = DIRECTION('',(1.,0.,0.));
#8558 = PCURVE('',#7826,#8559);
#8559 = DEFINITIONAL_REPRESENTATION('',(#8560),#8564);
#8560 = LINE('',#8561,#8562);
#8561 = CARTESIAN_POINT('',(0.,55.));
#8562 = VECTOR('',#8563,1.);
#8563 = DIRECTION('',(1.,0.));
#8564 = ( GEOMETRIC_REPRESENTATION_CONTEXT(2) 
PARAMETRIC_REPRESENTATION_CONTEXT() REPRESENTATION_CONTEXT('2D SPACE',''
  ) );
#8565 = PCURVE('',#8334,#8566);
#8566 = DEFINITIONAL_REPRESENTATION('',(#8567),#8571);
#8567 = LINE('',#8568,#8569);
#8568 = CARTESIAN_POINT('',(0.,0.));
#8569 = VECTOR('',#8570,1.);
#8570 = DIRECTION('',(0.,1.));
#8571 = ( GEOMETRIC_REPRESENTATION_CONTEXT(2) 
PARAMETRIC_REPRESENTATION_CONTEXT() REPRESENTATION_CONTEXT('2D SPACE',''
  ) );
#8572 = ORIENTED_EDGE('',*,*,#8375,.F.);
#8573 = ADVANCED_FACE('',(#8574),#7798,.T.);
#8574 = FACE_BOUND('',#8575,.T.);
#8575 = EDGE_LOOP('',(#8576,#8577,#8598,#8599));
#8576 = ORIENTED_EDGE('',*,*,#8430,.T.);
#8577 = ORIENTED_EDGE('',*,*,#8578,.T.);
#8578 = EDGE_CURVE('',#8431,#7981,#8579,.T.);
#8579 = SURFACE_CURVE('',#8580,(#8584,#8591),.PCURVE_S1.);
#8580 = LINE('',#8581,#8582);
#8581 = CARTESIAN_POINT('',(25.55,-80.,0.));
#8582 = VECTOR('',#8583,1.);
#8583 = DIRECTION('',(0.,0.,1.));
#8584 = PCURVE('',#7798,#8585);
#8585 = DEFINITIONAL_REPRESENTATION('',(#8586),#8590);
#8586 = LINE('',#8587,#8588);
#8587 = CARTESIAN_POINT('',(1.570796326795,0.));
#8588 = VECTOR('',#8589,1.);
#8589 = DIRECTION('',(0.,1.));
#8590 = ( GEOMETRIC_REPRESENTATION_CONTEXT(2) 
PARAMETRIC_REPRESENTATION_CONTEXT() REPRESENTATION_CONTEXT('2D SPACE',''
  ) );
#8591 = PCURVE('',#8020,#8592);
#8592 = DEFINITIONAL_REPRESENTATION('',(#8593),#8597);
#8593 = LINE('',#8594,#8595);
#8594 = CARTESIAN_POINT('',(0.,6.));
#8595 = VECTOR('',#8596,1.);
#8596 = DIRECTION('',(1.,0.));
#8597 = ( GEOMETRIC_REPRESENTATION_CONTEXT(2) 
PARAMETRIC_REPRESENTATION_CONTEXT() REPRESENTATION_CONTEXT('2D SPACE',''
  ) );
#8598 = ORIENTED_EDGE('',*,*,#7980,.F.);
#8599 = ORIENTED_EDGE('',*,*,#7782,.F.);
#8600 = ADVANCED_FACE('',(#8601),#8081,.T.);
#8601 = FACE_BOUND('',#8602,.T.);
#8602 = EDGE_LOOP('',(#8603,#8604,#8625,#8626,#8647,#8648,#8649,#8650));
#8603 = ORIENTED_EDGE('',*,*,#8065,.F.);
#8604 = ORIENTED_EDGE('',*,*,#8605,.F.);
#8605 = EDGE_CURVE('',#8478,#8033,#8606,.T.);
#8606 = SURFACE_CURVE('',#8607,(#8611,#8618),.PCURVE_S1.);
#8607 = LINE('',#8608,#8609);
#8608 = CARTESIAN_POINT('',(109.55,-74.,0.));
#8609 = VECTOR('',#8610,1.);
#8610 = DIRECTION('',(0.,0.,1.));
#8611 = PCURVE('',#8081,#8612);
#8612 = DEFINITIONAL_REPRESENTATION('',(#8613),#8617);
#8613 = LINE('',#8614,#8615);
#8614 = CARTESIAN_POINT('',(0.,-6.));
#8615 = VECTOR('',#8616,1.);
#8616 = DIRECTION('',(1.,0.));
#8617 = ( GEOMETRIC_REPRESENTATION_CONTEXT(2) 
PARAMETRIC_REPRESENTATION_CONTEXT() REPRESENTATION_CONTEXT('2D SPACE',''
  ) );
#8618 = PCURVE('',#8053,#8619);
#8619 = DEFINITIONAL_REPRESENTATION('',(#8620),#8624);
#8620 = LINE('',#8621,#8622);
#8621 = CARTESIAN_POINT('',(-0.,0.));
#8622 = VECTOR('',#8623,1.);
#8623 = DIRECTION('',(-0.,1.));
#8624 = ( GEOMETRIC_REPRESENTATION_CONTEXT(2) 
PARAMETRIC_REPRESENTATION_CONTEXT() REPRESENTATION_CONTEXT('2D SPACE',''
  ) );
#8625 = ORIENTED_EDGE('',*,*,#8505,.T.);
#8626 = ORIENTED_EDGE('',*,*,#8627,.T.);
#8627 = EDGE_CURVE('',#8506,#8267,#8628,.T.);
#8628 = SURFACE_CURVE('',#8629,(#8633,#8640),.PCURVE_S1.);
#8629 = LINE('',#8630,#8631);
#8630 = CARTESIAN_POINT('',(109.55,-31.,0.));
#8631 = VECTOR('',#8632,1.);
#8632 = DIRECTION('',(0.,0.,1.));
#8633 = PCURVE('',#8081,#8634);
#8634 = DEFINITIONAL_REPRESENTATION('',(#8635),#8639);
#8635 = LINE('',#8636,#8637);
#8636 = CARTESIAN_POINT('',(0.,-49.));
#8637 = VECTOR('',#8638,1.);
#8638 = DIRECTION('',(1.,0.));
#8639 = ( GEOMETRIC_REPRESENTATION_CONTEXT(2) 
PARAMETRIC_REPRESENTATION_CONTEXT() REPRESENTATION_CONTEXT('2D SPACE',''
  ) );
#8640 = PCURVE('',#8306,#8641);
#8641 = DEFINITIONAL_REPRESENTATION('',(#8642),#8646);
#8642 = LINE('',#8643,#8644);
#8643 = CARTESIAN_POINT('',(0.,0.));
#8644 = VECTOR('',#8645,1.);
#8645 = DIRECTION('',(0.,1.));
#8646 = ( GEOMETRIC_REPRESENTATION_CONTEXT(2) 
PARAMETRIC_REPRESENTATION_CONTEXT() REPRESENTATION_CONTEXT('2D SPACE',''
  ) );
#8647 = ORIENTED_EDGE('',*,*,#8266,.F.);
#8648 = ORIENTED_EDGE('',*,*,#8240,.F.);
#8649 = ORIENTED_EDGE('',*,*,#8191,.T.);
#8650 = ORIENTED_EDGE('',*,*,#8142,.T.);
#8651 = ADVANCED_FACE('',(#8652),#8053,.T.);
#8652 = FACE_BOUND('',#8653,.F.);
#8653 = EDGE_LOOP('',(#8654,#8655,#8676,#8677));
#8654 = ORIENTED_EDGE('',*,*,#8477,.T.);
#8655 = ORIENTED_EDGE('',*,*,#8656,.T.);
#8656 = EDGE_CURVE('',#8455,#8005,#8657,.T.);
#8657 = SURFACE_CURVE('',#8658,(#8662,#8669),.PCURVE_S1.);
#8658 = LINE('',#8659,#8660);
#8659 = CARTESIAN_POINT('',(103.55,-80.,0.));
#8660 = VECTOR('',#8661,1.);
#8661 = DIRECTION('',(0.,0.,1.));
#8662 = PCURVE('',#8053,#8663);
#8663 = DEFINITIONAL_REPRESENTATION('',(#8664),#8668);
#8664 = LINE('',#8665,#8666);
#8665 = CARTESIAN_POINT('',(-1.570796326795,0.));
#8666 = VECTOR('',#8667,1.);
#8667 = DIRECTION('',(-0.,1.));
#8668 = ( GEOMETRIC_REPRESENTATION_CONTEXT(2) 
PARAMETRIC_REPRESENTATION_CONTEXT() REPRESENTATION_CONTEXT('2D SPACE',''
  ) );
#8669 = PCURVE('',#8020,#8670);
#8670 = DEFINITIONAL_REPRESENTATION('',(#8671),#8675);
#8671 = LINE('',#8672,#8673);
#8672 = CARTESIAN_POINT('',(0.,84.));
#8673 = VECTOR('',#8674,1.);
#8674 = DIRECTION('',(1.,0.));
#8675 = ( GEOMETRIC_REPRESENTATION_CONTEXT(2) 
PARAMETRIC_REPRESENTATION_CONTEXT() REPRESENTATION_CONTEXT('2D SPACE',''
  ) );
#8676 = ORIENTED_EDGE('',*,*,#8032,.F.);
#8677 = ORIENTED_EDGE('',*,*,#8605,.F.);
#8678 = ADVANCED_FACE('',(#8679),#8020,.F.);
#8679 = FACE_BOUND('',#8680,.F.);
#8680 = EDGE_LOOP('',(#8681,#8682,#8683,#8684));
#8681 = ORIENTED_EDGE('',*,*,#8454,.F.);
#8682 = ORIENTED_EDGE('',*,*,#8578,.T.);
#8683 = ORIENTED_EDGE('',*,*,#8004,.T.);
#8684 = ORIENTED_EDGE('',*,*,#8656,.F.);
#8685 = ADVANCED_FACE('',(#8686),#8334,.T.);
#8686 = FACE_BOUND('',#8687,.T.);
#8687 = EDGE_LOOP('',(#8688,#8689,#8690,#8691));
#8688 = ORIENTED_EDGE('',*,*,#8552,.F.);
#8689 = ORIENTED_EDGE('',*,*,#8403,.T.);
#8690 = ORIENTED_EDGE('',*,*,#8318,.T.);
#8691 = ORIENTED_EDGE('',*,*,#8692,.F.);
#8692 = EDGE_CURVE('',#8529,#8290,#8693,.T.);
#8693 = SURFACE_CURVE('',#8694,(#8698,#8705),.PCURVE_S1.);
#8694 = LINE('',#8695,#8696);
#8695 = CARTESIAN_POINT('',(103.55,-25.,0.));
#8696 = VECTOR('',#8697,1.);
#8697 = DIRECTION('',(0.,0.,1.));
#8698 = PCURVE('',#8334,#8699);
#8699 = DEFINITIONAL_REPRESENTATION('',(#8700),#8704);
#8700 = LINE('',#8701,#8702);
#8701 = CARTESIAN_POINT('',(0.,84.));
#8702 = VECTOR('',#8703,1.);
#8703 = DIRECTION('',(1.,0.));
#8704 = ( GEOMETRIC_REPRESENTATION_CONTEXT(2) 
PARAMETRIC_REPRESENTATION_CONTEXT() REPRESENTATION_CONTEXT('2D SPACE',''
  ) );
#8705 = PCURVE('',#8306,#8706);
#8706 = DEFINITIONAL_REPRESENTATION('',(#8707),#8711);
#8707 = LINE('',#8708,#8709);
#8708 = CARTESIAN_POINT('',(1.570796326795,0.));
#8709 = VECTOR('',#8710,1.);
#8710 = DIRECTION('',(0.,1.));
#8711 = ( GEOMETRIC_REPRESENTATION_CONTEXT(2) 
PARAMETRIC_REPRESENTATION_CONTEXT() REPRESENTATION_CONTEXT('2D SPACE',''
  ) );
#8712 = ADVANCED_FACE('',(#8713),#8306,.T.);
#8713 = FACE_BOUND('',#8714,.T.);
#8714 = EDGE_LOOP('',(#8715,#8716,#8717,#8718));
#8715 = ORIENTED_EDGE('',*,*,#8528,.T.);
#8716 = ORIENTED_EDGE('',*,*,#8692,.T.);
#8717 = ORIENTED_EDGE('',*,*,#8289,.F.);
#8718 = ORIENTED_EDGE('',*,*,#8627,.F.);
#8719 = ( GEOMETRIC_REPRESENTATION_CONTEXT(3) 
GLOBAL_UNCERTAINTY_ASSIGNED_CONTEXT((#8723)) 
GLOBAL_UNIT_ASSIGNED_CONTEXT((#8720,#8721,#8722)) REPRESENTATION_CONTEXT
('Context #1','3D Context with UNIT and UNCERTAINTY') );
#8720 = ( LENGTH_UNIT() NAMED_UNIT(*) SI_UNIT(.MILLI.,.METRE.) );
#8721 = ( NAMED_UNIT(*) PLANE_ANGLE_UNIT() SI_UNIT($,.RADIAN.) );
#8722 = ( NAMED_UNIT(*) SI_UNIT($,.STERADIAN.) SOLID_ANGLE_UNIT() );
#8723 = UNCERTAINTY_MEASURE_WITH_UNIT(LENGTH_MEASURE(1.E-07),#8720,
  'distance_accuracy_value','confusion accuracy');
#8724 = CONTEXT_DEPENDENT_SHAPE_REPRESENTATION(#8725,#8727);
#8725 = ( REPRESENTATION_RELATIONSHIP('','',#7740,#10) 
REPRESENTATION_RELATIONSHIP_WITH_TRANSFORMATION(#8726) 
SHAPE_REPRESENTATION_RELATIONSHIP() );
#8726 = ITEM_DEFINED_TRANSFORMATION('','',#11,#23);
#8727 = PRODUCT_DEFINITION_SHAPE('Placement','Placement of an item',
  #8728);
#8728 = NEXT_ASSEMBLY_USAGE_OCCURRENCE('3','voet','',#5,#7735,$);
#8729 = PRODUCT_RELATED_PRODUCT_CATEGORY('part',$,(#7737));
#8730 = MECHANICAL_DESIGN_GEOMETRIC_PRESENTATION_REPRESENTATION('',(
    #8731),#7722);
#8731 = STYLED_ITEM('color',(#8732),#3956);
#8732 = PRESENTATION_STYLE_ASSIGNMENT((#8733));
#8733 = SURFACE_STYLE_USAGE(.BOTH.,#8734);
#8734 = SURFACE_SIDE_STYLE('',(#8735));
#8735 = SURFACE_STYLE_FILL_AREA(#8736);
#8736 = FILL_AREA_STYLE('',(#8737));
#8737 = FILL_AREA_STYLE_COLOUR('',#8738);
#8738 = COLOUR_RGB('',0.599999994755,0.649999988539,0.620000000292);
#8739 = MECHANICAL_DESIGN_GEOMETRIC_PRESENTATION_REPRESENTATION('',(
    #8740),#8719);
#8740 = STYLED_ITEM('color',(#8741),#7741);
#8741 = PRESENTATION_STYLE_ASSIGNMENT((#8742));
#8742 = SURFACE_STYLE_USAGE(.BOTH.,#8743);
#8743 = SURFACE_SIDE_STYLE('',(#8744));
#8744 = SURFACE_STYLE_FILL_AREA(#8745);
#8745 = FILL_AREA_STYLE('',(#8746));
#8746 = FILL_AREA_STYLE_COLOUR('',#8747);
#8747 = COLOUR_RGB('',0.180000002302,0.420000006308,0.309999994343);
#8748 = MECHANICAL_DESIGN_GEOMETRIC_PRESENTATION_REPRESENTATION('',(
    #8749),#3937);
#8749 = STYLED_ITEM('color',(#8750),#41);
#8750 = PRESENTATION_STYLE_ASSIGNMENT((#8751));
#8751 = SURFACE_STYLE_USAGE(.BOTH.,#8752);
#8752 = SURFACE_SIDE_STYLE('',(#8753));
#8753 = SURFACE_STYLE_FILL_AREA(#8754);
#8754 = FILL_AREA_STYLE('',(#8755));
#8755 = FILL_AREA_STYLE_COLOUR('',#8756);
#8756 = COLOUR_RGB('',0.850000012718,0.870000009629,0.850000012718);
ENDSEC;
END-ISO-10303-21;
